entidad,codigo_adjudicacion,fecha_adjudicacion,fecha_finalizacion,plazo_gestion,tramo_gestion,rango_deuda,casos_activos_abiertos,importe_asignado,importe_base_deuda,telefonos_total,telefonos_contactados,telefonos_sin_contacto,contactado_sin_llamada,contactado_1_a_3_intentos,contactado_4_a_6_intentos,contactado_mayor_6_intentos,sin_contacto_sin_llamada,sin_contacto_1_a_3_intentos,sin_contacto_4_a_6_intentos,sin_contacto_mayor_6_intentos,llamadas_total
ADT0,260513,2026-05-13,2026-05-31,14,"1) 0 a 30 dias","1) MENOR A $5.000",10,30819.76,30819.76,23,11,12,11,0,0,0,12,0,0,0,0
ADT0,260513,2026-05-13,2026-05-31,14,"1) 0 a 30 dias","2) $5.001 a $10.000",9,67528.48,67528.48,20,11,9,5,1,0,5,4,0,0,5,114
ADT0,260513,2026-05-13,2026-05-31,14,"1) 0 a 30 dias","3) $10.001 a $20.000",15,255425.23,255425.23,37,16,21,5,3,1,7,13,0,1,7,192
ADT0,260513,2026-05-13,2026-05-31,14,"1) 0 a 30 dias","4) $20.001 a $35.000",60,1634712.37,1634712.37,116,56,60,13,5,7,31,34,4,1,21,648
ADT0,260513,2026-05-13,2026-05-31,14,"1) 0 a 30 dias","5) $35.001 a $50.000",87,3814878.41,3814878.41,212,106,106,44,11,9,42,66,5,5,30,962
ADT0,260513,2026-05-13,2026-05-31,14,"1) 0 a 30 dias","6) $50.001 a $100.000",350,26393906.54,26393906.54,728,309,419,93,37,26,153,217,40,12,150,3698
ADT0,260513,2026-05-13,2026-05-31,14,"1) 0 a 30 dias","7) $100.001 a $500.000",277,33948224.70,33948224.70,651,271,380,103,31,19,118,226,23,9,122,2874
ADT0,260515,2026-05-15,2026-05-31,12,"1) 0 a 30 dias","1) MENOR A $5.000",120,403680.17,403680.17,281,128,153,128,0,0,0,153,0,0,0,0
ADT0,260515,2026-05-15,2026-05-31,12,"1) 0 a 30 dias","2) $5.001 a $10.000",67,461711.74,461711.74,154,71,83,25,12,12,22,55,8,3,17,470
ADT0,260515,2026-05-15,2026-05-31,12,"1) 0 a 30 dias","3) $10.001 a $20.000",135,2197649.08,2197649.08,315,148,167,54,14,25,55,120,17,6,24,889
ADT0,260515,2026-05-15,2026-05-31,12,"1) 0 a 30 dias","4) $20.001 a $35.000",474,12822258.14,12822258.14,979,550,429,177,52,119,202,303,30,21,75,3234
ADT0,260515,2026-05-15,2026-05-31,12,"1) 0 a 30 dias","5) $35.001 a $50.000",382,16252680.95,16252680.95,858,456,402,136,46,90,184,283,37,31,51,2730
ADT0,260515,2026-05-15,2026-05-31,12,"1) 0 a 30 dias","6) $50.001 a $100.000",990,74155074.98,74155074.98,2207,1151,1056,363,170,301,317,766,78,76,136,6115
ADT0,260515,2026-05-15,2026-05-31,12,"1) 0 a 30 dias","7) $100.001 a $500.000",979,122898711.41,122898711.41,2193,1181,1012,387,153,283,358,761,79,58,114,6049
AUSO,ENE23,2023-01-04,2027-01-03,1239,"6) Mayor a 360 dias","1) MENOR A $5.000",521,569241.60,569241.60,1059,444,615,423,19,2,0,614,1,0,0,37
AUSO,ENE23,2023-01-04,2027-01-03,1239,"6) Mayor a 360 dias","2) $5.001 a $10.000",41,297203.02,297203.02,87,38,49,7,29,1,1,46,3,0,0,66
AUSO,ENE23,2023-01-04,2027-01-03,1239,"6) Mayor a 360 dias","3) $10.001 a $20.000",16,207382.31,207382.31,39,12,27,1,4,4,3,24,2,1,0,56
AUSO,ENE23,2023-01-04,2027-01-03,1239,"6) Mayor a 360 dias","4) $20.001 a $35.000",12,301775.99,301775.99,34,13,21,3,5,4,1,15,4,2,0,54
AUSO,ENE23,2023-01-04,2027-01-03,1239,"6) Mayor a 360 dias","5) $35.001 a $50.000",2,88677.88,88677.88,6,3,3,0,1,1,1,1,2,0,0,20
AUSO,ENE23,2023-01-04,2027-01-03,1239,"6) Mayor a 360 dias","6) $50.001 a $100.000",3,199984.60,199984.60,7,2,5,0,0,2,0,4,1,0,0,11
AUSO,ENE23,2023-01-04,2027-01-03,1239,"6) Mayor a 360 dias","7) $100.001 a $500.000",1,105164.92,105164.92,3,3,0,0,2,1,0,0,0,0,0,7
AUSO,FEB23,2023-02-03,2027-02-02,1209,"6) Mayor a 360 dias","1) MENOR A $5.000",3497,1372622.04,1372622.04,5704,2249,3455,2193,55,1,0,3454,1,0,0,68
AUSO,FEB23,2023-02-03,2027-02-02,1209,"6) Mayor a 360 dias","2) $5.001 a $10.000",16,100986.71,100986.71,28,8,20,1,7,0,0,20,0,0,0,8
AUSO,FEB23,2023-02-03,2027-02-02,1209,"6) Mayor a 360 dias","3) $10.001 a $20.000",4,51102.82,51102.82,14,4,10,0,4,0,0,9,1,0,0,7
AUSO,FEB23,2023-02-03,2027-02-02,1209,"6) Mayor a 360 dias","6) $50.001 a $100.000",1,91736.30,91736.30,1,1,0,0,0,1,0,0,0,0,0,4
AUSO,FEB23E,2023-02-03,2027-02-02,1209,"6) Mayor a 360 dias","1) MENOR A $5.000",256,226929.37,226929.37,492,226,266,212,14,0,0,265,1,0,0,17
AUSO,FEB23E,2023-02-03,2027-02-02,1209,"6) Mayor a 360 dias","2) $5.001 a $10.000",8,58547.50,58547.50,15,8,7,1,7,0,0,7,0,0,0,9
AUSO,FEB23E,2023-02-03,2027-02-02,1209,"6) Mayor a 360 dias","3) $10.001 a $20.000",1,12802.90,12802.90,2,1,1,0,1,0,0,0,1,0,0,3
AUSO,FEB23E,2023-02-03,2027-02-02,1209,"6) Mayor a 360 dias","4) $20.001 a $35.000",1,24869.17,24869.17,4,3,1,0,0,3,0,1,0,0,0,16
AUSO,MAR23,2023-03-03,2027-03-02,1181,"6) Mayor a 360 dias","1) MENOR A $5.000",245,317732.23,317732.23,394,138,256,123,15,0,0,256,0,0,0,19
AUSO,MAR23,2023-03-03,2027-03-02,1181,"6) Mayor a 360 dias","2) $5.001 a $10.000",22,150307.40,150307.40,50,19,31,0,18,1,0,31,0,0,0,32
AUSO,MAR23,2023-03-03,2027-03-02,1181,"6) Mayor a 360 dias","3) $10.001 a $20.000",8,111154.15,111154.15,11,8,3,0,8,0,0,3,0,0,0,12
AUSO,MAR23,2023-03-03,2027-03-02,1181,"6) Mayor a 360 dias","4) $20.001 a $35.000",2,55365.08,55365.08,2,1,1,0,0,1,0,1,0,0,0,4
AUSO,MAR23E,2023-03-03,2027-03-02,1181,"6) Mayor a 360 dias","1) MENOR A $5.000",324,247832.53,247832.53,1011,409,602,401,8,0,0,602,0,0,0,8
AUSO,MAR23E,2023-03-03,2027-03-02,1181,"6) Mayor a 360 dias","2) $5.001 a $10.000",8,52527.38,52527.38,26,10,16,0,10,0,0,16,0,0,0,12
AUSO,MAR23E,2023-03-03,2027-03-02,1181,"6) Mayor a 360 dias","3) $10.001 a $20.000",2,26467.74,26467.74,2,1,1,0,1,0,0,1,0,0,0,2
AUSO,ABR23,2023-04-04,2027-04-03,1149,"6) Mayor a 360 dias","1) MENOR A $5.000",578,638524.86,638524.86,1070,404,666,386,18,0,0,665,1,0,0,23
AUSO,ABR23,2023-04-04,2027-04-03,1149,"6) Mayor a 360 dias","2) $5.001 a $10.000",22,146852.30,146852.30,36,17,19,3,14,0,0,19,0,0,0,16
AUSO,ABR23,2023-04-04,2027-04-03,1149,"6) Mayor a 360 dias","3) $10.001 a $20.000",3,32755.87,32755.87,12,0,12,0,0,0,0,12,0,0,0,0
AUSO,ABR23,2023-04-04,2027-04-03,1149,"6) Mayor a 360 dias","4) $20.001 a $35.000",1,27183.94,27183.94,1,0,1,0,0,0,0,1,0,0,0,0
AUSO,ABR23,2023-04-04,2027-04-03,1149,"6) Mayor a 360 dias","5) $35.001 a $50.000",1,41508.37,41508.37,1,1,0,0,0,0,1,0,0,0,0,8
AUSO,ABR23,2023-04-04,2027-04-03,1149,"6) Mayor a 360 dias","6) $50.001 a $100.000",1,78520.50,78520.50,15,3,12,0,2,1,0,10,2,0,0,13
AUSO,ABR23E,2023-04-04,2027-04-03,1149,"6) Mayor a 360 dias","1) MENOR A $5.000",1492,509999.57,509999.57,2918,1260,1658,1245,15,0,0,1657,1,0,0,22
AUSO,ABR23E,2023-04-04,2027-04-03,1149,"6) Mayor a 360 dias","2) $5.001 a $10.000",5,39384.58,39384.58,14,7,7,0,7,0,0,7,0,0,0,8
AUSO,ABR23E,2023-04-04,2027-04-03,1149,"6) Mayor a 360 dias","3) $10.001 a $20.000",1,12166.50,12166.50,4,0,4,0,0,0,0,4,0,0,0,0
AUSO,MAY23,2023-05-03,2027-05-02,1120,"6) Mayor a 360 dias","1) MENOR A $5.000",439,483483.00,483483.00,744,361,383,345,15,1,0,383,0,0,0,23
AUSO,MAY23,2023-05-03,2027-05-02,1120,"6) Mayor a 360 dias","2) $5.001 a $10.000",25,169455.62,169455.62,56,19,37,2,17,0,0,37,0,0,0,23
AUSO,MAY23,2023-05-03,2027-05-02,1120,"6) Mayor a 360 dias","3) $10.001 a $20.000",4,45809.50,45809.50,6,4,2,0,4,0,0,2,0,0,0,5
AUSO,MAY23,2023-05-03,2027-05-02,1120,"6) Mayor a 360 dias","4) $20.001 a $35.000",2,47268.00,47268.00,2,2,0,0,2,0,0,0,0,0,0,5
AUSO,MAY23E,2023-05-03,2027-05-02,1120,"6) Mayor a 360 dias","1) MENOR A $5.000",518,255980.74,255980.74,1376,558,818,545,13,0,0,817,1,0,0,16
AUSO,MAY23E,2023-05-03,2027-05-02,1120,"6) Mayor a 360 dias","2) $5.001 a $10.000",8,57322.28,57322.28,434,157,277,148,9,0,0,277,0,0,0,11
AUSO,MAY23E,2023-05-03,2027-05-02,1120,"6) Mayor a 360 dias","3) $10.001 a $20.000",2,29885.18,29885.18,3,2,1,0,2,0,0,1,0,0,0,2
AUSO,JUN23,2023-06-02,2027-06-01,1090,"6) Mayor a 360 dias","1) MENOR A $5.000",336,438289.45,438289.45,580,251,329,237,14,0,0,329,0,0,0,17
AUSO,JUN23,2023-06-02,2027-06-01,1090,"6) Mayor a 360 dias","2) $5.001 a $10.000",33,225094.07,225094.07,73,26,47,0,26,0,0,47,0,0,0,36
AUSO,JUN23,2023-06-02,2027-06-01,1090,"6) Mayor a 360 dias","3) $10.001 a $20.000",8,117047.36,117047.36,16,9,7,0,9,0,0,5,2,0,0,15
AUSO,JUN23,2023-06-02,2027-06-01,1090,"6) Mayor a 360 dias","4) $20.001 a $35.000",3,74876.38,74876.38,16,4,12,0,4,0,0,11,1,0,0,8
AUSO,JUN23E,2023-06-02,2027-06-01,1090,"6) Mayor a 360 dias","1) MENOR A $5.000",129,144009.52,144009.52,252,119,133,113,6,0,0,133,0,0,0,8
AUSO,JUN23E,2023-06-02,2027-06-01,1090,"6) Mayor a 360 dias","2) $5.001 a $10.000",7,51987.18,51987.18,20,10,10,0,10,0,0,10,0,0,0,12
AUSO,JUL23,2023-07-06,2027-07-05,1056,"6) Mayor a 360 dias","1) MENOR A $5.000",598,576640.44,576640.44,1058,442,616,428,14,0,0,616,0,0,0,19
AUSO,JUL23,2023-07-06,2027-07-05,1056,"6) Mayor a 360 dias","2) $5.001 a $10.000",21,139007.01,139007.01,39,23,16,1,18,2,2,16,0,0,0,44
AUSO,JUL23,2023-07-06,2027-07-05,1056,"6) Mayor a 360 dias","3) $10.001 a $20.000",3,47360.25,47360.25,3,1,2,0,1,0,0,2,0,0,0,1
AUSO,JUL23E,2023-07-06,2027-07-05,1056,"6) Mayor a 360 dias","1) MENOR A $5.000",211,184623.97,184623.97,406,211,195,207,4,0,0,195,0,0,0,5
AUSO,JUL23E,2023-07-06,2027-07-05,1056,"6) Mayor a 360 dias","2) $5.001 a $10.000",4,22864.51,22864.51,8,2,6,0,2,0,0,6,0,0,0,2
AUSO,JUL23E,2023-07-06,2027-07-05,1056,"6) Mayor a 360 dias","3) $10.001 a $20.000",2,24793.66,24793.66,7,1,6,0,1,0,0,6,0,0,0,2
AUSO,AGO23,2023-08-03,2027-08-02,1028,"6) Mayor a 360 dias","1) MENOR A $5.000",469,563964.55,563964.55,853,379,474,350,29,0,0,474,0,0,0,36
AUSO,AGO23,2023-08-03,2027-08-02,1028,"6) Mayor a 360 dias","2) $5.001 a $10.000",18,116633.14,116633.14,28,12,16,0,12,0,0,16,0,0,0,17
AUSO,AGO23,2023-08-03,2027-08-02,1028,"6) Mayor a 360 dias","3) $10.001 a $20.000",4,44202.00,44202.00,9,1,8,0,1,0,0,8,0,0,0,2
AUSO,AGO23,2023-08-03,2027-08-02,1028,"6) Mayor a 360 dias","4) $20.001 a $35.000",1,34032.61,34032.61,1,0,1,0,0,0,0,1,0,0,0,0
AUSO,AGO23E,2023-08-03,2027-08-02,1028,"6) Mayor a 360 dias","1) MENOR A $5.000",140,136313.79,136313.79,608,209,399,196,13,0,0,399,0,0,0,14
AUSO,AGO23E,2023-08-03,2027-08-02,1028,"6) Mayor a 360 dias","2) $5.001 a $10.000",4,29591.42,29591.42,370,95,275,87,8,0,0,275,0,0,0,10
AUSO,AGO23E,2023-08-03,2027-08-02,1028,"6) Mayor a 360 dias","3) $10.001 a $20.000",1,10067.28,10067.28,1,1,0,0,1,0,0,0,0,0,0,1
AUSO,AGO23E,2023-08-03,2027-08-02,1028,"6) Mayor a 360 dias","4) $20.001 a $35.000",1,26855.49,26855.49,1,1,0,0,1,0,0,0,0,0,0,2
AUSO,SEP23,2023-09-05,2027-09-04,995,"6) Mayor a 360 dias","1) MENOR A $5.000",456,515924.82,515924.82,763,317,446,300,15,2,0,446,0,0,0,24
AUSO,SEP23,2023-09-05,2027-09-04,995,"6) Mayor a 360 dias","2) $5.001 a $10.000",22,141303.19,141303.19,30,17,13,0,17,0,0,13,0,0,0,24
AUSO,SEP23,2023-09-05,2027-09-04,995,"6) Mayor a 360 dias","3) $10.001 a $20.000",6,78229.96,78229.96,7,4,3,0,4,0,0,3,0,0,0,5
AUSO,SEP23E,2023-09-05,2027-09-04,995,"6) Mayor a 360 dias","1) MENOR A $5.000",129,126117.57,126117.57,228,105,123,99,6,0,0,123,0,0,0,7
AUSO,SEP23E,2023-09-05,2027-09-04,995,"6) Mayor a 360 dias","2) $5.001 a $10.000",2,14998.63,14998.63,4,3,1,0,3,0,0,1,0,0,0,3
AUSO,SEP23E,2023-09-05,2027-09-04,995,"6) Mayor a 360 dias","3) $10.001 a $20.000",2,27956.80,27956.80,4,3,1,0,3,0,0,1,0,0,0,4
AUSO,SEP23E,2023-09-05,2027-09-04,995,"6) Mayor a 360 dias","4) $20.001 a $35.000",1,25891.17,25891.17,2,2,0,0,0,2,0,0,0,0,0,10
AUSO,OCT23,2023-10-04,2027-10-03,966,"6) Mayor a 360 dias","1) MENOR A $5.000",384,461548.44,461548.44,712,288,424,272,16,0,0,424,0,0,0,21
AUSO,OCT23,2023-10-04,2027-10-03,966,"6) Mayor a 360 dias","2) $5.001 a $10.000",26,185565.29,185565.29,57,19,38,0,19,0,0,38,0,0,0,23
AUSO,OCT23,2023-10-04,2027-10-03,966,"6) Mayor a 360 dias","3) $10.001 a $20.000",3,41654.87,41654.87,12,2,10,0,2,0,0,10,0,0,0,4
AUSO,OCT23,2023-10-04,2027-10-03,966,"6) Mayor a 360 dias","5) $35.001 a $50.000",1,43112.03,43112.03,2,2,0,0,1,1,0,0,0,0,0,9
AUSO,OCT23E,2023-10-04,2027-10-03,966,"6) Mayor a 360 dias","1) MENOR A $5.000",109,112306.40,112306.40,164,89,75,87,2,0,0,74,1,0,0,4
AUSO,OCT23E,2023-10-04,2027-10-03,966,"6) Mayor a 360 dias","2) $5.001 a $10.000",1,7279.00,7279.00,1,1,0,0,1,0,0,0,0,0,0,1
AUSO,OCT23E,2023-10-04,2027-10-03,966,"6) Mayor a 360 dias","3) $10.001 a $20.000",3,46010.59,46010.59,6,2,4,0,2,0,0,4,0,0,0,2
AUSO,OCT23E,2023-10-04,2027-10-03,966,"6) Mayor a 360 dias","5) $35.001 a $50.000",2,87624.43,87624.43,4,2,2,0,1,1,0,2,0,0,0,5
AUSO,OCT23E,2023-10-04,2027-10-03,966,"6) Mayor a 360 dias","6) $50.001 a $100.000",1,53407.54,53407.54,4,1,3,1,0,0,0,3,0,0,0,0
AUSO,NOV23,2023-11-02,2027-11-01,937,"6) Mayor a 360 dias","1) MENOR A $5.000",401,470418.04,470418.04,736,301,435,292,9,0,0,435,0,0,0,9
AUSO,NOV23,2023-11-02,2027-11-01,937,"6) Mayor a 360 dias","2) $5.001 a $10.000",18,119826.26,119826.26,20,12,8,0,12,0,0,8,0,0,0,17
AUSO,NOV23,2023-11-02,2027-11-01,937,"6) Mayor a 360 dias","3) $10.001 a $20.000",6,80966.75,80966.75,8,3,5,0,3,0,0,5,0,0,0,3
AUSO,NOV23,2023-11-02,2027-11-01,937,"6) Mayor a 360 dias","5) $35.001 a $50.000",1,42541.00,42541.00,1,1,0,0,1,0,0,0,0,0,0,3
AUSO,NOV23E,2023-11-02,2027-11-01,937,"6) Mayor a 360 dias","1) MENOR A $5.000",129,155180.95,155180.95,186,101,85,96,5,0,0,85,0,0,0,6
AUSO,NOV23E,2023-11-02,2027-11-01,937,"6) Mayor a 360 dias","2) $5.001 a $10.000",2,14460.00,14460.00,2,2,0,0,2,0,0,0,0,0,0,3
AUSO,NOV23E,2023-11-02,2027-11-01,937,"6) Mayor a 360 dias","3) $10.001 a $20.000",2,24803.00,24803.00,4,3,1,1,2,0,0,1,0,0,0,2
AUSO,DIC23,2023-12-05,2027-12-04,904,"6) Mayor a 360 dias","1) MENOR A $5.000",421,549356.28,549356.28,749,345,404,324,21,0,0,404,0,0,0,28
AUSO,DIC23,2023-12-05,2027-12-04,904,"6) Mayor a 360 dias","2) $5.001 a $10.000",38,261798.62,261798.62,65,33,32,2,31,0,0,32,0,0,0,36
AUSO,DIC23,2023-12-05,2027-12-04,904,"6) Mayor a 360 dias","3) $10.001 a $20.000",11,140335.69,140335.69,22,11,11,1,10,0,0,11,0,0,0,13
AUSO,DIC23,2023-12-05,2027-12-04,904,"6) Mayor a 360 dias","4) $20.001 a $35.000",2,46630.02,46630.02,2,0,2,0,0,0,0,2,0,0,0,0
AUSO,DIC23E,2023-12-05,2027-12-04,904,"6) Mayor a 360 dias","1) MENOR A $5.000",96,99655.24,99655.24,138,71,67,68,3,0,0,67,0,0,0,4
AUSO,DIC23E,2023-12-05,2027-12-04,904,"6) Mayor a 360 dias","2) $5.001 a $10.000",6,38774.70,38774.70,7,5,2,0,5,0,0,2,0,0,0,5
AUSO,DIC23E,2023-12-05,2027-12-04,904,"6) Mayor a 360 dias","4) $20.001 a $35.000",2,48304.07,48304.07,5,1,4,0,1,0,0,4,0,0,0,1
AUSO,ENE24,2024-01-03,2028-01-02,875,"6) Mayor a 360 dias","1) MENOR A $5.000",509,655029.62,655029.62,942,387,555,361,26,0,0,555,0,0,0,33
AUSO,ENE24,2024-01-03,2028-01-02,875,"6) Mayor a 360 dias","2) $5.001 a $10.000",39,271976.79,271976.79,67,23,44,2,21,0,0,44,0,0,0,25
AUSO,ENE24,2024-01-03,2028-01-02,875,"6) Mayor a 360 dias","3) $10.001 a $20.000",19,258653.97,258653.97,27,11,16,1,9,1,0,16,0,0,0,16
AUSO,ENE24,2024-01-03,2028-01-02,875,"6) Mayor a 360 dias","4) $20.001 a $35.000",8,197410.61,197410.61,15,7,8,1,6,0,0,8,0,0,0,8
AUSO,ENE24E,2024-01-03,2028-01-02,875,"6) Mayor a 360 dias","1) MENOR A $5.000",166,160950.40,160950.40,266,120,146,116,4,0,0,146,0,0,0,4
AUSO,ENE24E,2024-01-03,2028-01-02,875,"6) Mayor a 360 dias","2) $5.001 a $10.000",9,70345.62,70345.62,12,8,4,0,7,1,0,4,0,0,0,13
AUSO,ENE24E,2024-01-03,2028-01-02,875,"6) Mayor a 360 dias","3) $10.001 a $20.000",3,41483.87,41483.87,4,3,1,0,3,0,0,1,0,0,0,4
AUSO,ENE24E,2024-01-03,2028-01-02,875,"6) Mayor a 360 dias","4) $20.001 a $35.000",1,21300.00,21300.00,4,3,1,0,3,0,0,0,1,0,0,7
AUSO,ENE24E,2024-01-03,2028-01-02,875,"6) Mayor a 360 dias","5) $35.001 a $50.000",1,44800.35,44800.35,1,1,0,0,0,1,0,0,0,0,0,4
AUSO,FEB24,2024-02-02,2028-02-01,845,"6) Mayor a 360 dias","1) MENOR A $5.000",470,622347.53,622347.53,900,377,523,360,17,0,0,523,0,0,0,19
AUSO,FEB24,2024-02-02,2028-02-01,845,"6) Mayor a 360 dias","2) $5.001 a $10.000",58,413035.36,413035.36,108,41,67,1,40,0,0,67,0,0,0,47
AUSO,FEB24,2024-02-02,2028-02-01,845,"6) Mayor a 360 dias","3) $10.001 a $20.000",25,359845.94,359845.94,43,12,31,1,11,0,0,31,0,0,0,15
AUSO,FEB24,2024-02-02,2028-02-01,845,"6) Mayor a 360 dias","4) $20.001 a $35.000",8,202537.61,202537.61,14,8,6,0,7,1,0,6,0,0,0,14
AUSO,FEB24,2024-02-02,2028-02-01,845,"6) Mayor a 360 dias","5) $35.001 a $50.000",2,80087.60,80087.60,5,1,4,0,1,0,0,4,0,0,0,3
AUSO,FEB24,2024-02-02,2028-02-01,845,"6) Mayor a 360 dias","6) $50.001 a $100.000",1,51816.19,51816.19,1,1,0,0,1,0,0,0,0,0,0,3
AUSO,FEB24E,2024-02-02,2028-02-01,845,"6) Mayor a 360 dias","1) MENOR A $5.000",143,150130.13,150130.13,570,174,396,170,4,0,0,396,0,0,0,5
AUSO,FEB24E,2024-02-02,2028-02-01,845,"6) Mayor a 360 dias","2) $5.001 a $10.000",13,84415.00,84415.00,25,15,10,0,14,1,0,10,0,0,0,20
AUSO,FEB24E,2024-02-02,2028-02-01,845,"6) Mayor a 360 dias","3) $10.001 a $20.000",2,31750.00,31750.00,10,2,8,1,1,0,0,8,0,0,0,2
AUSO,102,2024-03-05,2028-03-04,813,"6) Mayor a 360 dias","1) MENOR A $5.000",542,705471.89,705471.89,1035,344,691,326,18,0,0,691,0,0,0,22
AUSO,102,2024-03-05,2028-03-04,813,"6) Mayor a 360 dias","2) $5.001 a $10.000",52,366295.04,366295.04,82,34,48,3,31,0,0,48,0,0,0,41
AUSO,102,2024-03-05,2028-03-04,813,"6) Mayor a 360 dias","3) $10.001 a $20.000",23,298562.20,298562.20,42,18,24,1,17,0,0,24,0,0,0,24
AUSO,102,2024-03-05,2028-03-04,813,"6) Mayor a 360 dias","4) $20.001 a $35.000",6,141078.50,141078.50,11,2,9,0,2,0,0,9,0,0,0,2
AUSO,102,2024-03-05,2028-03-04,813,"6) Mayor a 360 dias","5) $35.001 a $50.000",1,38772.42,38772.42,2,1,1,0,1,0,0,1,0,0,0,1
AUSO,102,2024-03-05,2028-03-04,813,"6) Mayor a 360 dias","6) $50.001 a $100.000",2,144000.00,144000.00,3,1,2,0,1,0,0,2,0,0,0,3
AUSO,103,2024-03-05,2028-03-04,813,"6) Mayor a 360 dias","1) MENOR A $5.000",2031,1846657.24,1846657.24,3657,1106,2551,1020,85,1,0,2550,1,0,0,109
AUSO,103,2024-03-05,2028-03-04,813,"6) Mayor a 360 dias","2) $5.001 a $10.000",78,522409.19,522409.19,144,63,81,4,59,0,0,81,0,0,0,80
AUSO,103,2024-03-05,2028-03-04,813,"6) Mayor a 360 dias","3) $10.001 a $20.000",26,357801.88,357801.88,54,23,31,3,19,1,0,31,0,0,0,26
AUSO,103,2024-03-05,2028-03-04,813,"6) Mayor a 360 dias","4) $20.001 a $35.000",6,137018.60,137018.60,13,6,7,0,5,1,0,7,0,0,0,10
AUSO,103,2024-03-05,2028-03-04,813,"6) Mayor a 360 dias","5) $35.001 a $50.000",2,76001.80,76001.80,10,5,5,0,3,2,0,5,0,0,0,16
AUSO,103,2024-03-05,2028-03-04,813,"6) Mayor a 360 dias","7) $100.001 a $500.000",1,133718.98,133718.98,2,2,0,0,1,1,0,0,0,0,0,7
AUSO,104,2024-04-04,2028-04-03,783,"6) Mayor a 360 dias","1) MENOR A $5.000",602,785994.65,785994.65,1016,350,666,341,9,0,0,666,0,0,0,10
AUSO,104,2024-04-04,2028-04-03,783,"6) Mayor a 360 dias","2) $5.001 a $10.000",58,423514.13,423514.13,87,43,44,0,43,0,0,44,0,0,0,53
AUSO,104,2024-04-04,2028-04-03,783,"6) Mayor a 360 dias","3) $10.001 a $20.000",43,603786.42,603786.42,85,38,47,1,37,0,0,47,0,0,0,43
AUSO,104,2024-04-04,2028-04-03,783,"6) Mayor a 360 dias","4) $20.001 a $35.000",12,296419.63,296419.63,19,11,8,0,11,0,0,8,0,0,0,16
AUSO,105,2024-04-04,2028-04-03,783,"6) Mayor a 360 dias","1) MENOR A $5.000",157,177130.30,177130.30,587,152,435,147,5,0,0,435,0,0,0,7
AUSO,105,2024-04-04,2028-04-03,783,"6) Mayor a 360 dias","2) $5.001 a $10.000",12,78860.48,78860.48,19,11,8,3,8,0,0,8,0,0,0,10
AUSO,105,2024-04-04,2028-04-03,783,"6) Mayor a 360 dias","3) $10.001 a $20.000",6,92374.51,92374.51,7,4,3,0,4,0,0,3,0,0,0,4
AUSO,105,2024-04-04,2028-04-03,783,"6) Mayor a 360 dias","4) $20.001 a $35.000",3,68485.91,68485.91,3,1,2,0,1,0,0,2,0,0,0,2
AUSO,105,2024-04-04,2028-04-03,783,"6) Mayor a 360 dias","7) $100.001 a $500.000",1,116675.00,116675.00,1,0,1,0,0,0,0,1,0,0,0,0
AUSO,106,2024-05-03,2028-05-02,754,"6) Mayor a 360 dias","1) MENOR A $5.000",568,728599.63,728599.63,996,352,644,347,4,0,1,643,1,0,0,20
AUSO,106,2024-05-03,2028-05-02,754,"6) Mayor a 360 dias","2) $5.001 a $10.000",60,425934.55,425934.55,91,36,55,2,20,11,3,51,1,3,0,150
AUSO,106,2024-05-03,2028-05-02,754,"6) Mayor a 360 dias","3) $10.001 a $20.000",31,421493.96,421493.96,49,20,29,1,9,9,1,28,1,0,0,75
AUSO,106,2024-05-03,2028-05-02,754,"6) Mayor a 360 dias","4) $20.001 a $35.000",14,358225.04,358225.04,25,13,12,0,9,4,0,12,0,0,0,44
AUSO,106,2024-05-03,2028-05-02,754,"6) Mayor a 360 dias","5) $35.001 a $50.000",1,35821.48,35821.48,0,0,0,0,0,0,0,0,0,0,0,0
AUSO,106,2024-05-03,2028-05-02,754,"6) Mayor a 360 dias","6) $50.001 a $100.000",2,141068.13,141068.13,4,3,1,0,0,2,1,1,0,0,0,21
AUSO,107,2024-05-03,2028-05-02,754,"6) Mayor a 360 dias","1) MENOR A $5.000",172,197914.84,197914.84,279,103,176,101,2,0,0,176,0,0,0,5
AUSO,107,2024-05-03,2028-05-02,754,"6) Mayor a 360 dias","2) $5.001 a $10.000",10,70245.78,70245.78,22,7,15,3,3,1,0,15,0,0,0,13
AUSO,107,2024-05-03,2028-05-02,754,"6) Mayor a 360 dias","3) $10.001 a $20.000",5,64386.31,64386.31,11,4,7,0,0,4,0,7,0,0,0,20
AUSO,107,2024-05-03,2028-05-02,754,"6) Mayor a 360 dias","4) $20.001 a $35.000",2,47736.38,47736.38,6,3,3,0,0,2,1,3,0,0,0,18
AUSO,107,2024-05-03,2028-05-02,754,"6) Mayor a 360 dias","6) $50.001 a $100.000",2,111635.01,111635.01,6,3,3,0,1,1,1,3,0,0,0,15
AUSO,108,2024-06-04,2028-06-03,722,"6) Mayor a 360 dias","1) MENOR A $5.000",627,966511.56,966511.56,1079,395,684,390,5,0,0,683,0,1,0,13
AUSO,108,2024-06-04,2028-06-03,722,"6) Mayor a 360 dias","2) $5.001 a $10.000",68,474394.10,474394.10,135,59,76,1,2,51,5,70,1,4,1,305
AUSO,108,2024-06-04,2028-06-03,722,"6) Mayor a 360 dias","3) $10.001 a $20.000",56,769784.76,769784.76,88,41,47,1,3,31,6,43,3,1,0,207
AUSO,108,2024-06-04,2028-06-03,722,"6) Mayor a 360 dias","4) $20.001 a $35.000",16,412425.00,412425.00,19,9,10,0,0,9,0,10,0,0,0,38
AUSO,108,2024-06-04,2028-06-03,722,"6) Mayor a 360 dias","5) $35.001 a $50.000",1,47957.92,47957.92,1,1,0,0,0,1,0,0,0,0,0,4
AUSO,108,2024-06-04,2028-06-03,722,"6) Mayor a 360 dias","6) $50.001 a $100.000",1,73000.00,73000.00,1,0,1,0,0,0,0,1,0,0,0,0
AUSO,109,2024-06-04,2028-06-03,722,"6) Mayor a 360 dias","1) MENOR A $5.000",134,162795.12,162795.12,249,99,150,98,0,1,0,150,0,0,0,5
AUSO,109,2024-06-04,2028-06-03,722,"6) Mayor a 360 dias","2) $5.001 a $10.000",10,70255.50,70255.50,335,51,284,40,2,5,4,283,0,0,1,67
AUSO,109,2024-06-04,2028-06-03,722,"6) Mayor a 360 dias","3) $10.001 a $20.000",11,142072.84,142072.84,21,7,14,0,1,4,2,13,0,0,1,44
AUSO,109,2024-06-04,2028-06-03,722,"6) Mayor a 360 dias","4) $20.001 a $35.000",3,85887.18,85887.18,4,3,1,0,0,3,0,1,0,0,0,12
AUSO,109,2024-06-04,2028-06-03,722,"6) Mayor a 360 dias","5) $35.001 a $50.000",1,36817.31,36817.31,1,0,1,0,0,0,0,1,0,0,0,0
AUSO,109,2024-06-04,2028-06-03,722,"6) Mayor a 360 dias","6) $50.001 a $100.000",2,111919.85,111919.85,13,6,7,2,0,2,2,7,0,0,0,28
AUSO,110,2024-07-02,2028-07-01,694,"6) Mayor a 360 dias","1) MENOR A $5.000",1257,1757228.78,1757228.78,2265,579,1686,563,11,5,0,1684,1,1,0,45
AUSO,110,2024-07-02,2028-07-01,694,"6) Mayor a 360 dias","2) $5.001 a $10.000",110,772881.96,772881.96,181,54,127,7,8,34,5,121,2,3,1,242
AUSO,110,2024-07-02,2028-07-01,694,"6) Mayor a 360 dias","3) $10.001 a $20.000",89,1193909.79,1193909.79,152,45,107,1,4,38,2,96,6,3,2,243
AUSO,110,2024-07-02,2028-07-01,694,"6) Mayor a 360 dias","4) $20.001 a $35.000",24,585755.31,585755.31,41,12,29,0,1,9,2,26,2,1,0,66
AUSO,110,2024-07-02,2028-07-01,694,"6) Mayor a 360 dias","5) $35.001 a $50.000",7,303009.77,303009.77,6,0,6,0,0,0,0,6,0,0,0,0
AUSO,110,2024-07-02,2028-07-01,694,"6) Mayor a 360 dias","6) $50.001 a $100.000",7,516848.15,516848.15,17,4,13,0,1,2,1,13,0,0,0,22
AUSO,111,2024-07-02,2028-07-01,694,"6) Mayor a 360 dias","1) MENOR A $5.000",188,224588.75,224588.75,650,170,480,166,4,0,0,480,0,0,0,4
AUSO,111,2024-07-02,2028-07-01,694,"6) Mayor a 360 dias","2) $5.001 a $10.000",17,122709.24,122709.24,24,14,10,1,1,9,3,8,0,1,1,83
AUSO,111,2024-07-02,2028-07-01,694,"6) Mayor a 360 dias","3) $10.001 a $20.000",7,97244.58,97244.58,11,8,3,0,0,6,2,3,0,0,0,44
AUSO,111,2024-07-02,2028-07-01,694,"6) Mayor a 360 dias","4) $20.001 a $35.000",5,112345.08,112345.08,9,4,5,0,0,4,0,3,0,1,1,29
AUSO,111,2024-07-02,2028-07-01,694,"6) Mayor a 360 dias","6) $50.001 a $100.000",1,84050.00,84050.00,3,1,2,0,0,1,0,2,0,0,0,6
AUSO,112,2024-08-02,2028-08-01,663,"6) Mayor a 360 dias","1) MENOR A $5.000",1146,1627465.66,1627465.66,2162,731,1431,725,5,1,0,1431,0,0,0,9
AUSO,112,2024-08-02,2028-08-01,663,"6) Mayor a 360 dias","2) $5.001 a $10.000",111,775429.94,775429.94,179,78,101,10,3,52,13,93,1,2,5,398
AUSO,112,2024-08-02,2028-08-01,663,"6) Mayor a 360 dias","3) $10.001 a $20.000",78,1132144.49,1132144.49,119,52,67,1,6,41,4,63,0,4,0,267
AUSO,112,2024-08-02,2028-08-01,663,"6) Mayor a 360 dias","4) $20.001 a $35.000",39,982254.15,982254.15,62,25,37,0,3,20,2,34,1,2,0,132
AUSO,112,2024-08-02,2028-08-01,663,"6) Mayor a 360 dias","5) $35.001 a $50.000",7,301891.87,301891.87,12,5,7,2,0,2,1,7,0,0,0,19
AUSO,112,2024-08-02,2028-08-01,663,"6) Mayor a 360 dias","6) $50.001 a $100.000",3,200334.55,200334.55,8,5,3,2,1,2,0,3,0,0,0,15
AUSO,112,2024-08-02,2028-08-01,663,"6) Mayor a 360 dias","7) $100.001 a $500.000",1,101147.11,101147.11,10,3,7,0,0,1,2,7,0,0,0,22
AUSO,113,2024-08-02,2028-08-01,663,"6) Mayor a 360 dias","1) MENOR A $5.000",215,257626.26,257626.26,678,193,485,192,1,0,0,485,0,0,0,1
AUSO,113,2024-08-02,2028-08-01,663,"6) Mayor a 360 dias","2) $5.001 a $10.000",15,98550.84,98550.84,28,14,14,0,0,13,1,14,0,0,0,65
AUSO,113,2024-08-02,2028-08-01,663,"6) Mayor a 360 dias","3) $10.001 a $20.000",11,151868.31,151868.31,29,14,15,2,1,7,4,13,0,1,1,86
AUSO,113,2024-08-02,2028-08-01,663,"6) Mayor a 360 dias","4) $20.001 a $35.000",2,55440.35,55440.35,6,2,4,0,0,2,0,4,0,0,0,9
AUSO,113,2024-08-02,2028-08-01,663,"6) Mayor a 360 dias","5) $35.001 a $50.000",1,40475.00,40475.00,6,4,2,1,0,3,0,2,0,0,0,16
AUSO,114,2024-09-03,2028-09-02,631,"6) Mayor a 360 dias","1) MENOR A $5.000",1114,1531315.82,1531315.82,1931,636,1295,634,1,1,0,1295,0,0,0,7
AUSO,114,2024-09-03,2028-09-02,631,"6) Mayor a 360 dias","2) $5.001 a $10.000",110,788559.48,788559.48,197,80,117,9,5,55,11,116,0,1,0,373
AUSO,114,2024-09-03,2028-09-02,631,"6) Mayor a 360 dias","3) $10.001 a $20.000",87,1259878.74,1259878.74,164,86,78,6,4,69,7,74,1,2,1,394
AUSO,114,2024-09-03,2028-09-02,631,"6) Mayor a 360 dias","4) $20.001 a $35.000",26,646634.59,646634.59,39,22,17,0,1,18,3,17,0,0,0,97
AUSO,114,2024-09-03,2028-09-02,631,"6) Mayor a 360 dias","5) $35.001 a $50.000",4,169911.22,169911.22,4,2,2,0,0,1,1,2,0,0,0,13
AUSO,114,2024-09-03,2028-09-02,631,"6) Mayor a 360 dias","6) $50.001 a $100.000",6,383127.67,383127.67,14,7,7,0,3,1,3,7,0,0,0,33
AUSO,114,2024-09-03,2028-09-02,631,"6) Mayor a 360 dias","7) $100.001 a $500.000",1,138240.59,138240.59,1,0,1,0,0,0,0,1,0,0,0,0
AUSO,115,2024-09-03,2028-09-02,631,"6) Mayor a 360 dias","1) MENOR A $5.000",225,297898.24,297898.24,365,149,216,148,1,0,0,215,1,0,0,2
AUSO,115,2024-09-03,2028-09-02,631,"6) Mayor a 360 dias","2) $5.001 a $10.000",16,116387.08,116387.08,21,15,6,3,0,9,3,4,0,2,0,78
AUSO,115,2024-09-03,2028-09-02,631,"6) Mayor a 360 dias","3) $10.001 a $20.000",9,121709.23,121709.23,12,9,3,0,1,8,0,3,0,0,0,43
AUSO,115,2024-09-03,2028-09-02,631,"6) Mayor a 360 dias","4) $20.001 a $35.000",5,136526.78,136526.78,5,2,3,0,0,2,0,3,0,0,0,11
AUSO,115,2024-09-03,2028-09-02,631,"6) Mayor a 360 dias","5) $35.001 a $50.000",3,134235.35,134235.35,3,1,2,0,0,1,0,2,0,0,0,6
AUSO,115,2024-09-03,2028-09-02,631,"6) Mayor a 360 dias","7) $100.001 a $500.000",2,296469.18,296469.18,2,1,1,0,0,0,1,1,0,0,0,8
AUSO,116,2024-10-02,2028-10-01,602,"6) Mayor a 360 dias","1) MENOR A $5.000",835,1407072.89,1407072.89,1491,534,957,522,10,2,0,956,1,0,0,19
AUSO,116,2024-10-02,2028-10-01,602,"6) Mayor a 360 dias","2) $5.001 a $10.000",126,904067.24,904067.24,207,79,128,16,8,49,6,121,1,6,0,322
AUSO,116,2024-10-02,2028-10-01,602,"6) Mayor a 360 dias","3) $10.001 a $20.000",70,1025109.59,1025109.59,151,56,95,2,2,47,5,94,0,0,1,283
AUSO,116,2024-10-02,2028-10-01,602,"6) Mayor a 360 dias","4) $20.001 a $35.000",31,805637.00,805637.00,45,23,22,0,0,20,3,22,0,0,0,115
AUSO,116,2024-10-02,2028-10-01,602,"6) Mayor a 360 dias","5) $35.001 a $50.000",11,440758.60,440758.60,16,9,7,0,1,7,1,7,0,0,0,40
AUSO,116,2024-10-02,2028-10-01,602,"6) Mayor a 360 dias","6) $50.001 a $100.000",6,356220.02,356220.02,14,7,7,0,1,5,1,6,0,1,0,43
AUSO,116,2024-10-02,2028-10-01,602,"6) Mayor a 360 dias","7) $100.001 a $500.000",2,419839.79,419839.79,2,1,1,0,1,0,0,1,0,0,0,2
AUSO,117,2024-10-02,2028-10-01,602,"6) Mayor a 360 dias","1) MENOR A $5.000",152,202313.53,202313.53,574,135,439,134,1,0,0,439,0,0,0,1
AUSO,117,2024-10-02,2028-10-01,602,"6) Mayor a 360 dias","2) $5.001 a $10.000",14,97723.80,97723.80,19,9,10,3,0,4,2,9,1,0,0,39
AUSO,117,2024-10-02,2028-10-01,602,"6) Mayor a 360 dias","3) $10.001 a $20.000",8,108237.92,108237.92,9,2,7,0,1,0,1,7,0,0,0,8
AUSO,117,2024-10-02,2028-10-01,602,"6) Mayor a 360 dias","4) $20.001 a $35.000",6,153204.77,153204.77,7,3,4,0,0,3,0,4,0,0,0,14
AUSO,117,2024-10-02,2028-10-01,602,"6) Mayor a 360 dias","5) $35.001 a $50.000",1,44075.00,44075.00,2,0,2,0,0,0,0,2,0,0,0,0
AUSO,117,2024-10-02,2028-10-01,602,"6) Mayor a 360 dias","6) $50.001 a $100.000",1,50240.84,50240.84,1,1,0,0,0,1,0,0,0,0,0,6
AUSO,118,2024-11-01,2028-10-31,572,"6) Mayor a 360 dias","1) MENOR A $5.000",782,1279563.91,1279563.91,1407,541,866,536,5,0,0,866,0,0,0,7
AUSO,118,2024-11-01,2028-10-31,572,"6) Mayor a 360 dias","2) $5.001 a $10.000",115,801141.78,801141.78,186,80,106,25,4,43,8,103,0,3,0,296
AUSO,118,2024-11-01,2028-10-31,572,"6) Mayor a 360 dias","3) $10.001 a $20.000",83,1136307.14,1136307.14,161,68,93,3,1,56,8,89,1,2,1,345
AUSO,118,2024-11-01,2028-10-31,572,"6) Mayor a 360 dias","4) $20.001 a $35.000",35,924928.27,924928.27,67,25,42,1,1,22,1,41,0,1,0,112
AUSO,118,2024-11-01,2028-10-31,572,"6) Mayor a 360 dias","5) $35.001 a $50.000",9,347990.76,347990.76,16,7,9,0,0,6,1,9,0,0,0,33
AUSO,118,2024-11-01,2028-10-31,572,"6) Mayor a 360 dias","6) $50.001 a $100.000",5,334277.50,334277.50,15,6,9,1,1,1,3,8,0,1,0,38
AUSO,118,2024-11-01,2028-10-31,572,"6) Mayor a 360 dias","7) $100.001 a $500.000",3,415159.10,415159.10,3,1,2,1,0,0,0,2,0,0,0,0
AUSO,119,2024-11-01,2028-10-31,572,"6) Mayor a 360 dias","1) MENOR A $5.000",141,224931.88,224931.88,231,105,126,102,2,0,1,126,0,0,0,11
AUSO,119,2024-11-01,2028-10-31,572,"6) Mayor a 360 dias","2) $5.001 a $10.000",10,66672.05,66672.05,20,8,12,1,0,6,1,12,0,0,0,38
AUSO,119,2024-11-01,2028-10-31,572,"6) Mayor a 360 dias","3) $10.001 a $20.000",4,53596.54,53596.54,17,3,14,1,0,2,0,12,0,2,0,20
AUSO,119,2024-11-01,2028-10-31,572,"6) Mayor a 360 dias","4) $20.001 a $35.000",3,66206.39,66206.39,5,2,3,0,0,2,0,3,0,0,0,10
AUSO,119,2024-11-01,2028-10-31,572,"6) Mayor a 360 dias","6) $50.001 a $100.000",3,214537.49,214537.49,3,3,0,0,0,2,1,0,0,0,0,19
AUSO,120,2024-12-02,2028-12-01,541,"6) Mayor a 360 dias","1) MENOR A $5.000",743,1338083.43,1338083.43,1273,492,781,490,2,0,0,780,1,0,0,3
AUSO,120,2024-12-02,2028-12-01,541,"6) Mayor a 360 dias","2) $5.001 a $10.000",123,862753.52,862753.52,201,84,117,31,2,47,4,113,0,1,3,293
AUSO,120,2024-12-02,2028-12-01,541,"6) Mayor a 360 dias","3) $10.001 a $20.000",97,1347186.58,1347186.58,156,64,92,2,6,47,9,85,1,3,3,343
AUSO,120,2024-12-02,2028-12-01,541,"6) Mayor a 360 dias","4) $20.001 a $35.000",72,1918197.06,1918197.06,111,56,55,4,6,40,6,54,0,1,0,266
AUSO,120,2024-12-02,2028-12-01,541,"6) Mayor a 360 dias","5) $35.001 a $50.000",17,721462.02,721462.02,30,15,15,1,1,10,3,13,0,1,1,94
AUSO,120,2024-12-02,2028-12-01,541,"6) Mayor a 360 dias","6) $50.001 a $100.000",13,841744.01,841744.01,21,11,10,0,0,7,4,10,0,0,0,73
AUSO,120,2024-12-02,2028-12-01,541,"6) Mayor a 360 dias","7) $100.001 a $500.000",2,595645.24,595645.24,5,2,3,0,1,0,1,3,0,0,0,10
AUSO,120,2024-12-02,2028-12-01,541,"6) Mayor a 360 dias","8) >$500.000",1,824380.51,824380.51,1,1,0,0,0,1,0,0,0,0,0,6
AUSO,121,2024-12-02,2028-12-01,541,"6) Mayor a 360 dias","1) MENOR A $5.000",134,232873.93,232873.93,242,87,155,85,2,0,0,155,0,0,0,2
AUSO,121,2024-12-02,2028-12-01,541,"6) Mayor a 360 dias","2) $5.001 a $10.000",19,131704.88,131704.88,30,10,20,2,0,7,1,20,0,0,0,42
AUSO,121,2024-12-02,2028-12-01,541,"6) Mayor a 360 dias","3) $10.001 a $20.000",14,188323.10,188323.10,25,11,14,1,1,9,0,14,0,0,0,47
AUSO,121,2024-12-02,2028-12-01,541,"6) Mayor a 360 dias","4) $20.001 a $35.000",3,93930.29,93930.29,4,3,1,0,0,1,2,1,0,0,0,19
AUSO,121,2024-12-02,2028-12-01,541,"6) Mayor a 360 dias","5) $35.001 a $50.000",3,127868.66,127868.66,7,5,2,0,0,5,0,2,0,0,0,25
AUSO,121,2024-12-02,2028-12-01,541,"6) Mayor a 360 dias","6) $50.001 a $100.000",2,126668.65,126668.65,29,23,6,16,4,1,2,5,1,0,0,31
AUSO,122,2025-01-03,2029-01-02,509,"6) Mayor a 360 dias","1) MENOR A $5.000",1060,2006520.48,2006520.48,1759,698,1061,691,6,1,0,1060,1,0,0,15
AUSO,122,2025-01-03,2029-01-02,509,"6) Mayor a 360 dias","2) $5.001 a $10.000",178,1264636.62,1264636.62,326,139,187,36,11,80,12,175,4,3,5,576
AUSO,122,2025-01-03,2029-01-02,509,"6) Mayor a 360 dias","3) $10.001 a $20.000",130,1843801.88,1843801.88,216,84,132,0,4,73,7,125,2,2,3,445
AUSO,122,2025-01-03,2029-01-02,509,"6) Mayor a 360 dias","4) $20.001 a $35.000",93,2463300.99,2463300.99,172,75,97,5,3,56,11,89,3,2,3,408
AUSO,122,2025-01-03,2029-01-02,509,"6) Mayor a 360 dias","5) $35.001 a $50.000",40,1706891.33,1706891.33,71,28,43,1,3,6,18,40,2,0,1,219
AUSO,122,2025-01-03,2029-01-02,509,"6) Mayor a 360 dias","6) $50.001 a $100.000",30,1995120.56,1995120.56,87,24,63,0,3,6,15,62,0,1,0,188
AUSO,122,2025-01-03,2029-01-02,509,"6) Mayor a 360 dias","7) $100.001 a $500.000",9,1403532.38,1403532.38,14,6,8,0,1,1,4,6,1,0,1,64
AUSO,123,2025-01-03,2029-01-02,509,"6) Mayor a 360 dias","1) MENOR A $5.000",216,359994.86,359994.86,336,137,199,136,1,0,0,198,1,0,0,2
AUSO,123,2025-01-03,2029-01-02,509,"6) Mayor a 360 dias","2) $5.001 a $10.000",19,139150.60,139150.60,26,9,17,1,0,5,3,15,0,1,1,65
AUSO,123,2025-01-03,2029-01-02,509,"6) Mayor a 360 dias","3) $10.001 a $20.000",20,262317.95,262317.95,22,13,9,0,2,10,1,8,0,1,0,65
AUSO,123,2025-01-03,2029-01-02,509,"6) Mayor a 360 dias","4) $20.001 a $35.000",8,215583.25,215583.25,15,8,7,0,0,5,3,6,1,0,0,48
AUSO,123,2025-01-03,2029-01-02,509,"6) Mayor a 360 dias","5) $35.001 a $50.000",4,164528.84,164528.84,7,2,5,0,0,1,1,5,0,0,0,15
AUSO,123,2025-01-03,2029-01-02,509,"6) Mayor a 360 dias","6) $50.001 a $100.000",4,243104.19,243104.19,6,5,1,0,0,0,5,1,0,0,0,48
AUSO,124,2025-02-04,2029-02-03,477,"6) Mayor a 360 dias","1) MENOR A $5.000",1135,2093820.01,2093820.01,1889,677,1212,668,8,1,0,1212,0,0,0,17
AUSO,124,2025-02-04,2029-02-03,477,"6) Mayor a 360 dias","2) $5.001 a $10.000",191,1368131.53,1368131.53,296,125,171,27,9,73,16,165,1,4,1,518
AUSO,124,2025-02-04,2029-02-03,477,"6) Mayor a 360 dias","3) $10.001 a $20.000",122,1744867.92,1744867.92,212,96,116,2,8,70,16,112,2,0,2,478
AUSO,124,2025-02-04,2029-02-03,477,"6) Mayor a 360 dias","4) $20.001 a $35.000",75,2039615.28,2039615.28,126,51,75,0,3,40,8,69,1,5,0,291
AUSO,124,2025-02-04,2029-02-03,477,"6) Mayor a 360 dias","5) $35.001 a $50.000",34,1410770.83,1410770.83,51,26,25,0,2,7,17,24,1,0,0,185
AUSO,124,2025-02-04,2029-02-03,477,"6) Mayor a 360 dias","6) $50.001 a $100.000",27,1890887.78,1890887.78,39,22,17,0,2,3,17,16,0,0,1,198
AUSO,124,2025-02-04,2029-02-03,477,"6) Mayor a 360 dias","7) $100.001 a $500.000",11,2080615.24,2080615.24,16,8,8,0,0,1,7,8,0,0,0,66
AUSO,124,2025-02-04,2029-02-03,477,"6) Mayor a 360 dias","8) >$500.000",1,599911.61,599911.61,2,2,0,0,0,0,2,0,0,0,0,18
AUSO,125,2025-02-04,2029-02-03,477,"6) Mayor a 360 dias","1) MENOR A $5.000",190,334742.93,334742.93,286,113,173,113,0,0,0,173,0,0,0,0
AUSO,125,2025-02-04,2029-02-03,477,"6) Mayor a 360 dias","2) $5.001 a $10.000",15,106279.51,106279.51,25,10,15,1,1,6,2,14,0,1,0,57
AUSO,125,2025-02-04,2029-02-03,477,"6) Mayor a 360 dias","3) $10.001 a $20.000",21,275080.08,275080.08,32,17,15,0,1,15,1,14,0,1,0,84
AUSO,125,2025-02-04,2029-02-03,477,"6) Mayor a 360 dias","4) $20.001 a $35.000",10,255566.04,255566.04,17,5,12,0,1,3,1,11,1,0,0,26
AUSO,125,2025-02-04,2029-02-03,477,"6) Mayor a 360 dias","5) $35.001 a $50.000",1,46351.29,46351.29,0,0,0,0,0,0,0,0,0,0,0,0
AUSO,125,2025-02-04,2029-02-03,477,"6) Mayor a 360 dias","6) $50.001 a $100.000",3,172417.90,172417.90,6,4,2,0,2,0,2,2,0,0,0,23
AUSO,126,2025-03-06,2029-03-05,447,"6) Mayor a 360 dias","1) MENOR A $5.000",1195,2290390.93,2290390.93,2040,801,1239,796,4,1,0,1238,1,0,0,10
AUSO,126,2025-03-06,2029-03-05,447,"6) Mayor a 360 dias","2) $5.001 a $10.000",187,1318019.43,1318019.43,319,134,185,52,2,72,8,180,0,2,3,443
AUSO,126,2025-03-06,2029-03-05,447,"6) Mayor a 360 dias","3) $10.001 a $20.000",155,2196788.85,2196788.85,270,113,157,2,10,95,6,154,1,2,0,513
AUSO,126,2025-03-06,2029-03-05,447,"6) Mayor a 360 dias","4) $20.001 a $35.000",109,2943868.80,2943868.80,163,78,85,3,3,63,9,79,1,4,1,415
AUSO,126,2025-03-06,2029-03-05,447,"6) Mayor a 360 dias","5) $35.001 a $50.000",50,2067930.58,2067930.58,100,50,50,3,3,10,34,47,2,0,1,360
AUSO,126,2025-03-06,2029-03-05,447,"6) Mayor a 360 dias","6) $50.001 a $100.000",50,3443401.58,3443401.58,91,51,40,0,7,8,36,38,1,0,1,433
AUSO,126,2025-03-06,2029-03-05,447,"6) Mayor a 360 dias","7) $100.001 a $500.000",15,2693128.87,2693128.87,22,14,8,0,1,1,12,8,0,0,0,128
AUSO,126,2025-03-06,2029-03-05,447,"6) Mayor a 360 dias","8) >$500.000",1,942084.12,942084.12,1,1,0,0,0,0,1,0,0,0,0,9
AUSO,127,2025-03-06,2029-03-05,447,"6) Mayor a 360 dias","1) MENOR A $5.000",206,355027.96,355027.96,355,144,211,142,2,0,0,211,0,0,0,4
AUSO,127,2025-03-06,2029-03-05,447,"6) Mayor a 360 dias","2) $5.001 a $10.000",16,116027.58,116027.58,36,17,19,8,0,8,1,18,0,1,0,50
AUSO,127,2025-03-06,2029-03-05,447,"6) Mayor a 360 dias","3) $10.001 a $20.000",13,168601.52,168601.52,16,11,5,0,0,10,1,4,0,0,1,61
AUSO,127,2025-03-06,2029-03-05,447,"6) Mayor a 360 dias","4) $20.001 a $35.000",15,365180.95,365180.95,19,8,11,0,0,6,2,11,0,0,0,47
AUSO,127,2025-03-06,2029-03-05,447,"6) Mayor a 360 dias","5) $35.001 a $50.000",4,175113.13,175113.13,2,1,1,0,0,0,1,0,0,0,1,21
AUSO,127,2025-03-06,2029-03-05,447,"6) Mayor a 360 dias","6) $50.001 a $100.000",3,161473.14,161473.14,2,1,1,0,0,0,1,1,0,0,0,11
AUSO,127,2025-03-06,2029-03-05,447,"6) Mayor a 360 dias","7) $100.001 a $500.000",1,110378.69,110378.69,1,1,0,0,0,0,1,0,0,0,0,11
AUSO,128,2025-04-04,2029-04-03,418,"6) Mayor a 360 dias","1) MENOR A $5.000",2392,4358675.02,4358675.02,4252,1592,2660,1551,23,4,14,2658,2,0,0,199
AUSO,128,2025-04-04,2029-04-03,418,"6) Mayor a 360 dias","2) $5.001 a $10.000",347,2400659.41,2400659.41,569,241,328,99,5,28,109,317,4,2,5,1233
AUSO,128,2025-04-04,2029-04-03,418,"6) Mayor a 360 dias","3) $10.001 a $20.000",253,3579410.22,3579410.22,380,177,203,1,11,41,124,185,1,1,16,1550
AUSO,128,2025-04-04,2029-04-03,418,"6) Mayor a 360 dias","4) $20.001 a $35.000",148,3859081.94,3859081.94,223,117,106,1,5,25,86,97,3,1,5,1017
AUSO,128,2025-04-04,2029-04-03,418,"6) Mayor a 360 dias","5) $35.001 a $50.000",53,2212207.51,2212207.51,70,34,36,0,0,1,33,34,1,1,0,438
AUSO,128,2025-04-04,2029-04-03,418,"6) Mayor a 360 dias","6) $50.001 a $100.000",48,3174429.77,3174429.77,88,46,42,0,3,3,40,38,0,0,4,554
AUSO,128,2025-04-04,2029-04-03,418,"6) Mayor a 360 dias","7) $100.001 a $500.000",20,2692736.51,2692736.51,34,19,15,0,0,1,18,14,0,0,1,287
AUSO,129,2025-04-04,2029-04-03,418,"6) Mayor a 360 dias","1) MENOR A $5.000",3226,3188783.57,3188783.57,5532,1820,3712,1701,34,11,74,3696,5,2,9,1051
AUSO,129,2025-04-04,2029-04-03,418,"6) Mayor a 360 dias","2) $5.001 a $10.000",112,767428.57,767428.57,162,71,91,12,4,10,45,83,1,1,6,594
AUSO,129,2025-04-04,2029-04-03,418,"6) Mayor a 360 dias","3) $10.001 a $20.000",39,531283.36,531283.36,392,70,322,31,2,5,32,315,1,1,5,449
AUSO,129,2025-04-04,2029-04-03,418,"6) Mayor a 360 dias","4) $20.001 a $35.000",23,591491.97,591491.97,35,18,17,0,1,1,16,15,0,0,2,191
AUSO,129,2025-04-04,2029-04-03,418,"6) Mayor a 360 dias","5) $35.001 a $50.000",9,373011.79,373011.79,12,9,3,1,1,0,7,3,0,0,0,114
AUSO,129,2025-04-04,2029-04-03,418,"6) Mayor a 360 dias","6) $50.001 a $100.000",8,514827.48,514827.48,12,4,8,0,1,1,2,8,0,0,0,30
AUSO,129,2025-04-04,2029-04-03,418,"6) Mayor a 360 dias","7) $100.001 a $500.000",1,189356.01,189356.01,4,0,4,0,0,0,0,4,0,0,0,0
AUSO,130,2025-05-06,2029-05-05,386,"6) Mayor a 360 dias","1) MENOR A $5.000",1191,2384170.66,2384170.66,2138,875,1263,867,5,0,3,1262,1,0,0,50
AUSO,130,2025-05-06,2029-05-05,386,"6) Mayor a 360 dias","2) $5.001 a $10.000",210,1494859.13,1494859.13,387,172,215,60,3,2,107,208,0,0,7,1520
AUSO,130,2025-05-06,2029-05-05,386,"6) Mayor a 360 dias","3) $10.001 a $20.000",135,1933816.52,1933816.52,226,110,116,1,7,3,99,110,1,2,3,1392
AUSO,130,2025-05-06,2029-05-05,386,"6) Mayor a 360 dias","4) $20.001 a $35.000",82,2174436.42,2174436.42,116,61,55,0,2,1,58,50,0,1,4,829
AUSO,130,2025-05-06,2029-05-05,386,"6) Mayor a 360 dias","5) $35.001 a $50.000",42,1722962.89,1722962.89,90,46,44,0,1,0,45,41,0,0,3,694
AUSO,130,2025-05-06,2029-05-05,386,"6) Mayor a 360 dias","6) $50.001 a $100.000",44,2886698.00,2886698.00,97,53,44,1,5,3,44,40,1,1,2,775
AUSO,130,2025-05-06,2029-05-05,386,"6) Mayor a 360 dias","7) $100.001 a $500.000",14,2485981.27,2485981.27,23,13,10,0,0,0,13,10,0,0,0,227
AUSO,130,2025-05-06,2029-05-05,386,"6) Mayor a 360 dias","8) >$500.000",1,845846.13,845846.13,1,1,0,0,0,0,1,0,0,0,0,8
AUSO,131,2025-05-06,2029-05-05,386,"6) Mayor a 360 dias","1) MENOR A $5.000",227,438539.83,438539.83,408,149,259,149,0,0,0,259,0,0,0,0
AUSO,131,2025-05-06,2029-05-05,386,"6) Mayor a 360 dias","2) $5.001 a $10.000",30,190840.33,190840.33,58,27,31,18,0,0,9,31,0,0,0,123
AUSO,131,2025-05-06,2029-05-05,386,"6) Mayor a 360 dias","3) $10.001 a $20.000",21,292983.43,292983.43,36,21,15,0,1,1,19,15,0,0,0,235
AUSO,131,2025-05-06,2029-05-05,386,"6) Mayor a 360 dias","4) $20.001 a $35.000",9,222181.71,222181.71,18,9,9,0,0,1,8,9,0,0,0,124
AUSO,131,2025-05-06,2029-05-05,386,"6) Mayor a 360 dias","5) $35.001 a $50.000",5,192978.00,192978.00,20,7,13,0,1,0,6,13,0,0,0,98
AUSO,131,2025-05-06,2029-05-05,386,"6) Mayor a 360 dias","6) $50.001 a $100.000",3,175780.61,175780.61,5,3,2,0,0,0,3,2,0,0,0,51
AUSO,131,2025-05-06,2029-05-05,386,"6) Mayor a 360 dias","7) $100.001 a $500.000",2,225308.19,225308.19,8,6,2,0,1,0,5,2,0,0,0,70
AUSO,132,2025-06-03,2029-06-02,358,"5) 181 a 360 dias","1) MENOR A $5.000",944,2195261.53,2195261.53,1654,728,926,721,7,0,0,926,0,0,0,9
AUSO,132,2025-06-03,2029-06-02,358,"5) 181 a 360 dias","2) $5.001 a $10.000",229,1616624.41,1616624.41,540,177,363,87,7,7,76,354,1,0,8,1145
AUSO,132,2025-06-03,2029-06-02,358,"5) 181 a 360 dias","3) $10.001 a $20.000",165,2317266.23,2317266.23,280,127,153,1,7,3,116,139,3,1,10,1759
AUSO,132,2025-06-03,2029-06-02,358,"5) 181 a 360 dias","4) $20.001 a $35.000",99,2692330.49,2692330.49,174,92,82,1,7,3,81,78,1,0,3,1198
AUSO,132,2025-06-03,2029-06-02,358,"5) 181 a 360 dias","5) $35.001 a $50.000",45,1873168.09,1873168.09,68,31,37,0,2,0,29,33,0,1,3,488
AUSO,132,2025-06-03,2029-06-02,358,"5) 181 a 360 dias","6) $50.001 a $100.000",39,2677865.78,2677865.78,78,51,27,6,3,2,40,26,0,0,1,641
AUSO,132,2025-06-03,2029-06-02,358,"5) 181 a 360 dias","7) $100.001 a $500.000",10,1903307.62,1903307.62,12,9,3,0,3,0,6,2,0,0,1,126
AUSO,132,2025-06-03,2029-06-02,358,"5) 181 a 360 dias","8) >$500.000",1,979960.54,979960.54,1,1,0,0,0,0,1,0,0,0,0,16
AUSO,133,2025-06-03,2029-06-02,358,"5) 181 a 360 dias","1) MENOR A $5.000",152,330799.21,330799.21,261,101,160,101,0,0,0,160,0,0,0,0
AUSO,133,2025-06-03,2029-06-02,358,"5) 181 a 360 dias","2) $5.001 a $10.000",21,139479.92,139479.92,47,23,24,9,2,1,11,23,0,0,1,142
AUSO,133,2025-06-03,2029-06-02,358,"5) 181 a 360 dias","3) $10.001 a $20.000",9,137333.76,137333.76,16,4,12,0,1,0,3,10,1,0,1,63
AUSO,133,2025-06-03,2029-06-02,358,"5) 181 a 360 dias","4) $20.001 a $35.000",11,314873.27,314873.27,15,7,8,0,1,0,6,7,0,0,1,75
AUSO,133,2025-06-03,2029-06-02,358,"5) 181 a 360 dias","5) $35.001 a $50.000",1,36954.90,36954.90,1,0,1,0,0,0,0,1,0,0,0,0
AUSO,133,2025-06-03,2029-06-02,358,"5) 181 a 360 dias","6) $50.001 a $100.000",1,65415.80,65415.80,2,2,0,0,0,0,2,0,0,0,0,40
AUSO,134,2025-07-03,2029-07-02,328,"5) 181 a 360 dias","1) MENOR A $5.000",1299,2783661.59,2783661.59,2743,1026,1717,1013,12,1,0,1716,1,0,0,21
AUSO,134,2025-07-03,2029-07-02,328,"5) 181 a 360 dias","2) $5.001 a $10.000",255,1804812.46,1804812.46,477,226,251,97,14,8,107,226,16,1,8,1645
AUSO,134,2025-07-03,2029-07-02,328,"5) 181 a 360 dias","3) $10.001 a $20.000",168,2348478.56,2348478.56,281,151,130,0,8,5,138,93,30,1,6,1995
AUSO,134,2025-07-03,2029-07-02,328,"5) 181 a 360 dias","4) $20.001 a $35.000",110,2872488.42,2872488.42,191,97,94,0,8,3,86,73,15,0,6,1287
AUSO,134,2025-07-03,2029-07-02,328,"5) 181 a 360 dias","5) $35.001 a $50.000",40,1700527.93,1700527.93,78,47,31,1,3,0,43,23,8,0,0,598
AUSO,134,2025-07-03,2029-07-02,328,"5) 181 a 360 dias","6) $50.001 a $100.000",34,2201655.55,2201655.55,85,58,27,1,3,2,52,25,2,0,0,702
AUSO,134,2025-07-03,2029-07-02,328,"5) 181 a 360 dias","7) $100.001 a $500.000",12,1979108.97,1979108.97,22,14,8,0,2,1,11,5,3,0,0,179
AUSO,134,2025-07-03,2029-07-02,328,"5) 181 a 360 dias","8) >$500.000",1,531172.24,531172.24,2,2,0,0,1,0,1,0,0,0,0,21
AUSO,135,2025-07-03,2029-07-02,328,"5) 181 a 360 dias","1) MENOR A $5.000",212,396815.05,396815.05,654,167,487,163,4,0,0,487,0,0,0,5
AUSO,135,2025-07-03,2029-07-02,328,"5) 181 a 360 dias","2) $5.001 a $10.000",28,191378.73,191378.73,63,27,36,14,0,2,11,34,1,0,1,162
AUSO,135,2025-07-03,2029-07-02,328,"5) 181 a 360 dias","3) $10.001 a $20.000",12,168976.82,168976.82,15,8,7,0,0,0,8,5,1,1,0,120
AUSO,135,2025-07-03,2029-07-02,328,"5) 181 a 360 dias","4) $20.001 a $35.000",10,254489.77,254489.77,18,8,10,1,1,0,6,8,1,0,1,109
AUSO,135,2025-07-03,2029-07-02,328,"5) 181 a 360 dias","5) $35.001 a $50.000",7,306750.12,306750.12,9,6,3,0,1,1,4,3,0,0,0,80
AUSO,135,2025-07-03,2029-07-02,328,"5) 181 a 360 dias","6) $50.001 a $100.000",4,276394.61,276394.61,307,39,268,32,1,0,6,268,0,0,0,91
AUSO,135,2025-07-03,2029-07-02,328,"5) 181 a 360 dias","7) $100.001 a $500.000",2,225201.80,225201.80,3,2,1,0,0,0,2,1,0,0,0,41
AUSO,136,2025-08-06,2029-08-05,294,"5) 181 a 360 dias","1) MENOR A $5.000",1615,3286706.43,3286706.43,2784,1083,1701,1076,7,0,0,1700,1,0,0,8
AUSO,136,2025-08-06,2029-08-05,294,"5) 181 a 360 dias","2) $5.001 a $10.000",353,2474139.89,2474139.89,643,285,358,157,8,14,106,348,0,1,9,1526
AUSO,136,2025-08-06,2029-08-05,294,"5) 181 a 360 dias","3) $10.001 a $20.000",205,2909964.43,2909964.43,359,180,179,4,6,8,162,164,2,1,12,2262
AUSO,136,2025-08-06,2029-08-05,294,"5) 181 a 360 dias","4) $20.001 a $35.000",117,3079586.11,3079586.11,198,98,100,1,8,5,84,86,2,2,10,1183
AUSO,136,2025-08-06,2029-08-05,294,"5) 181 a 360 dias","5) $35.001 a $50.000",45,1879748.92,1879748.92,65,39,26,0,1,1,37,24,1,1,0,441
AUSO,136,2025-08-06,2029-08-05,294,"5) 181 a 360 dias","6) $50.001 a $100.000",50,3305768.24,3305768.24,79,44,35,1,2,4,37,31,1,0,3,537
AUSO,136,2025-08-06,2029-08-05,294,"5) 181 a 360 dias","7) $100.001 a $500.000",15,2165193.63,2165193.63,25,15,10,0,2,0,13,10,0,0,0,188
AUSO,136,2025-08-06,2029-08-05,294,"5) 181 a 360 dias","8) >$500.000",1,612847.02,612847.02,2,1,1,0,0,0,1,1,0,0,0,15
AUSO,137,2025-08-06,2029-08-05,294,"5) 181 a 360 dias","1) MENOR A $5.000",264,502059.42,502059.42,484,203,281,202,1,0,0,281,0,0,0,1
AUSO,137,2025-08-06,2029-08-05,294,"5) 181 a 360 dias","2) $5.001 a $10.000",15,112439.08,112439.08,24,11,13,3,0,1,7,13,0,0,0,119
AUSO,137,2025-08-06,2029-08-05,294,"5) 181 a 360 dias","3) $10.001 a $20.000",16,227531.66,227531.66,29,16,13,0,1,0,15,11,0,0,2,214
AUSO,137,2025-08-06,2029-08-05,294,"5) 181 a 360 dias","4) $20.001 a $35.000",7,176470.49,176470.49,12,6,6,0,0,1,5,6,0,0,0,83
AUSO,137,2025-08-06,2029-08-05,294,"5) 181 a 360 dias","5) $35.001 a $50.000",4,162487.36,162487.36,6,4,2,0,1,1,2,2,0,0,0,32
AUSO,137,2025-08-06,2029-08-05,294,"5) 181 a 360 dias","6) $50.001 a $100.000",5,317047.78,317047.78,6,5,1,0,0,0,5,1,0,0,0,77
AUSO,137,2025-08-06,2029-08-05,294,"5) 181 a 360 dias","7) $100.001 a $500.000",2,356311.36,356311.36,3,3,0,0,0,0,3,0,0,0,0,55
AUSO,137,2025-08-06,2029-08-05,294,"5) 181 a 360 dias","8) >$500.000",1,1189452.71,1189452.71,2,1,1,0,0,0,1,1,0,0,0,19
AUSO,138,2025-09-02,2029-09-01,267,"5) 181 a 360 dias","1) MENOR A $5.000",2290,3986579.09,3986579.09,4085,1342,2743,1334,8,0,0,2743,0,0,0,9
AUSO,138,2025-09-02,2029-09-01,267,"5) 181 a 360 dias","2) $5.001 a $10.000",350,2445532.76,2445532.76,624,309,315,175,10,8,116,303,0,2,10,1716
AUSO,138,2025-09-02,2029-09-01,267,"5) 181 a 360 dias","3) $10.001 a $20.000",255,3613739.91,3613739.91,439,202,237,2,17,7,176,220,1,1,15,2597
AUSO,138,2025-09-02,2029-09-01,267,"5) 181 a 360 dias","4) $20.001 a $35.000",160,4212354.39,4212354.39,320,141,179,18,9,4,110,170,0,1,8,1509
AUSO,138,2025-09-02,2029-09-01,267,"5) 181 a 360 dias","5) $35.001 a $50.000",62,2547753.49,2547753.49,108,55,53,0,4,2,49,49,0,0,4,708
AUSO,138,2025-09-02,2029-09-01,267,"5) 181 a 360 dias","6) $50.001 a $100.000",64,4242349.44,4242349.44,101,51,50,0,2,0,49,44,1,2,3,752
AUSO,138,2025-09-02,2029-09-01,267,"5) 181 a 360 dias","7) $100.001 a $500.000",16,2316670.14,2316670.14,30,17,13,0,1,0,16,10,0,0,3,290
AUSO,139,2025-09-02,2029-09-01,267,"5) 181 a 360 dias","1) MENOR A $5.000",352,503363.87,503363.87,610,194,416,193,1,0,0,416,0,0,0,1
AUSO,139,2025-09-02,2029-09-01,267,"5) 181 a 360 dias","2) $5.001 a $10.000",22,144688.30,144688.30,87,23,64,6,4,6,7,60,0,2,2,163
AUSO,139,2025-09-02,2029-09-01,267,"5) 181 a 360 dias","3) $10.001 a $20.000",21,303677.85,303677.85,43,27,16,1,0,1,25,15,0,0,1,318
AUSO,139,2025-09-02,2029-09-01,267,"5) 181 a 360 dias","4) $20.001 a $35.000",13,359436.87,359436.87,18,9,9,0,0,0,9,8,1,0,0,134
AUSO,139,2025-09-02,2029-09-01,267,"5) 181 a 360 dias","5) $35.001 a $50.000",1,41666.27,41666.27,2,1,1,0,0,0,1,1,0,0,0,13
AUSO,139,2025-09-02,2029-09-01,267,"5) 181 a 360 dias","6) $50.001 a $100.000",4,282605.90,282605.90,7,4,3,0,1,0,3,2,0,0,1,44
AUSO,139,2025-09-02,2029-09-01,267,"5) 181 a 360 dias","7) $100.001 a $500.000",3,825914.18,825914.18,3,3,0,0,0,0,3,0,0,0,0,41
AUSO,140,2025-10-02,2029-10-01,237,"5) 181 a 360 dias","1) MENOR A $5.000",1326,2771778.93,2771778.93,2213,779,1434,772,5,1,1,1434,0,0,0,19
AUSO,140,2025-10-02,2029-10-01,237,"5) 181 a 360 dias","2) $5.001 a $10.000",285,1992106.70,1992106.70,605,269,336,175,6,3,85,330,1,2,3,1161
AUSO,140,2025-10-02,2029-10-01,237,"5) 181 a 360 dias","3) $10.001 a $20.000",199,2805854.10,2805854.10,332,144,188,0,7,8,129,173,1,1,13,1899
AUSO,140,2025-10-02,2029-10-01,237,"5) 181 a 360 dias","4) $20.001 a $35.000",120,3132951.99,3132951.99,208,90,118,1,7,4,78,109,0,1,8,1175
AUSO,140,2025-10-02,2029-10-01,237,"5) 181 a 360 dias","5) $35.001 a $50.000",75,3135287.42,3135287.42,157,75,82,8,4,2,61,78,1,0,3,883
AUSO,140,2025-10-02,2029-10-01,237,"5) 181 a 360 dias","6) $50.001 a $100.000",70,4618655.32,4618655.32,118,61,57,3,4,0,54,51,0,0,6,822
AUSO,140,2025-10-02,2029-10-01,237,"5) 181 a 360 dias","7) $100.001 a $500.000",13,2077962.14,2077962.14,17,7,10,0,0,0,7,8,1,0,1,113
AUSO,140,2025-10-02,2029-10-01,237,"5) 181 a 360 dias","8) >$500.000",1,3912453.37,3912453.37,4,4,0,2,0,0,2,0,0,0,0,40
AUSO,141,2025-10-02,2029-10-01,237,"5) 181 a 360 dias","1) MENOR A $5.000",180,346079.80,346079.80,674,148,526,148,0,0,0,526,0,0,0,0
AUSO,141,2025-10-02,2029-10-01,237,"5) 181 a 360 dias","2) $5.001 a $10.000",14,98970.99,98970.99,73,13,60,6,4,2,1,55,1,3,1,50
AUSO,141,2025-10-02,2029-10-01,237,"5) 181 a 360 dias","3) $10.001 a $20.000",15,195890.05,195890.05,26,15,11,0,1,1,13,8,1,0,2,194
AUSO,141,2025-10-02,2029-10-01,237,"5) 181 a 360 dias","4) $20.001 a $35.000",12,322302.47,322302.47,17,11,6,0,1,1,9,6,0,0,0,140
AUSO,141,2025-10-02,2029-10-01,237,"5) 181 a 360 dias","5) $35.001 a $50.000",4,145285.28,145285.28,4,2,2,0,0,0,2,2,0,0,0,29
AUSO,141,2025-10-02,2029-10-01,237,"5) 181 a 360 dias","6) $50.001 a $100.000",2,113603.33,113603.33,2,2,0,0,0,1,1,0,0,0,0,25
AUSO,141,2025-10-02,2029-10-01,237,"5) 181 a 360 dias","7) $100.001 a $500.000",2,437038.80,437038.80,6,3,3,0,0,0,3,2,0,0,1,60
AUSO,142,2025-11-04,2029-11-03,204,"5) 181 a 360 dias","1) MENOR A $5.000",1543,3344577.88,3344577.88,2763,999,1764,995,4,0,0,1763,1,0,0,5
AUSO,142,2025-11-04,2029-11-03,204,"5) 181 a 360 dias","2) $5.001 a $10.000",352,2478244.47,2478244.47,692,199,493,108,10,7,74,485,2,0,6,1076
AUSO,142,2025-11-04,2029-11-03,204,"5) 181 a 360 dias","3) $10.001 a $20.000",244,3458982.59,3458982.59,436,167,269,4,9,14,140,242,2,6,19,2265
AUSO,142,2025-11-04,2029-11-03,204,"5) 181 a 360 dias","4) $20.001 a $35.000",172,4585957.38,4585957.38,309,122,187,1,4,6,111,179,0,0,8,1602
AUSO,142,2025-11-04,2029-11-03,204,"5) 181 a 360 dias","5) $35.001 a $50.000",94,3916366.09,3916366.09,184,74,110,0,3,6,65,102,1,1,6,978
AUSO,142,2025-11-04,2029-11-03,204,"5) 181 a 360 dias","6) $50.001 a $100.000",75,4975136.91,4975136.91,145,57,88,0,2,3,52,82,1,0,5,794
AUSO,142,2025-11-04,2029-11-03,204,"5) 181 a 360 dias","7) $100.001 a $500.000",21,2880033.75,2880033.75,29,11,18,0,0,2,9,16,1,0,1,137
AUSO,142,2025-11-04,2029-11-03,204,"5) 181 a 360 dias","8) >$500.000",1,643442.54,643442.54,1,0,1,0,0,0,0,1,0,0,0,0
AUSO,143,2025-11-04,2029-11-03,204,"5) 181 a 360 dias","1) MENOR A $5.000",191,345888.04,345888.04,312,108,204,106,2,0,0,203,1,0,0,3
AUSO,143,2025-11-04,2029-11-03,204,"5) 181 a 360 dias","2) $5.001 a $10.000",18,124899.07,124899.07,24,12,12,8,0,0,4,11,0,0,1,66
AUSO,143,2025-11-04,2029-11-03,204,"5) 181 a 360 dias","3) $10.001 a $20.000",17,251631.68,251631.68,26,13,13,0,1,2,10,13,0,0,0,159
AUSO,143,2025-11-04,2029-11-03,204,"5) 181 a 360 dias","4) $20.001 a $35.000",5,140314.65,140314.65,9,6,3,0,0,1,5,3,0,0,0,53
AUSO,143,2025-11-04,2029-11-03,204,"5) 181 a 360 dias","5) $35.001 a $50.000",4,150786.06,150786.06,11,5,6,0,1,0,4,6,0,0,0,51
AUSO,143,2025-11-04,2029-11-03,204,"5) 181 a 360 dias","6) $50.001 a $100.000",5,387158.25,387158.25,6,4,2,0,0,0,4,1,0,0,1,85
AUSO,143,2025-11-04,2029-11-03,204,"5) 181 a 360 dias","7) $100.001 a $500.000",4,759678.76,759678.76,10,4,6,0,0,0,4,5,1,0,0,61
AUSO,144,2025-12-02,2029-12-01,176,"4) 91 a 180 dias","1) MENOR A $5.000",1599,3295512.86,3295512.86,2780,976,1804,966,10,0,0,1804,0,0,0,14
AUSO,144,2025-12-02,2029-12-01,176,"4) 91 a 180 dias","2) $5.001 a $10.000",323,2233905.73,2233905.73,586,245,341,157,10,8,70,331,1,2,7,1133
AUSO,144,2025-12-02,2029-12-01,176,"4) 91 a 180 dias","3) $10.001 a $20.000",252,3653061.16,3653061.16,426,168,258,17,5,4,142,238,2,0,18,2411
AUSO,144,2025-12-02,2029-12-01,176,"4) 91 a 180 dias","4) $20.001 a $35.000",124,3325600.49,3325600.49,206,80,126,11,2,2,65,116,2,1,7,1021
AUSO,144,2025-12-02,2029-12-01,176,"4) 91 a 180 dias","5) $35.001 a $50.000",63,2641711.50,2641711.50,107,53,54,0,6,6,41,46,2,1,5,725
AUSO,144,2025-12-02,2029-12-01,176,"4) 91 a 180 dias","6) $50.001 a $100.000",69,4760603.34,4760603.34,120,59,61,0,7,3,49,55,3,0,3,855
AUSO,144,2025-12-02,2029-12-01,176,"4) 91 a 180 dias","7) $100.001 a $500.000",23,3155231.98,3155231.98,35,18,17,1,2,0,15,17,0,0,0,231
AUSO,145,2025-12-02,2029-12-01,176,"4) 91 a 180 dias","1) MENOR A $5.000",250,360187.74,360187.74,427,120,307,119,1,0,0,306,1,0,0,2
AUSO,145,2025-12-02,2029-12-01,176,"4) 91 a 180 dias","2) $5.001 a $10.000",22,153122.09,153122.09,341,54,287,47,0,0,7,286,1,0,0,116
AUSO,145,2025-12-02,2029-12-01,176,"4) 91 a 180 dias","3) $10.001 a $20.000",17,260714.04,260714.04,26,14,12,0,1,3,10,10,0,0,2,179
AUSO,145,2025-12-02,2029-12-01,176,"4) 91 a 180 dias","4) $20.001 a $35.000",7,182508.84,182508.84,11,4,7,0,0,0,4,7,0,0,0,67
AUSO,145,2025-12-02,2029-12-01,176,"4) 91 a 180 dias","5) $35.001 a $50.000",7,278590.36,278590.36,12,5,7,0,0,0,5,7,0,0,0,80
AUSO,145,2025-12-02,2029-12-01,176,"4) 91 a 180 dias","6) $50.001 a $100.000",6,446242.81,446242.81,8,5,3,0,0,0,5,3,0,0,0,92
AUSO,145,2025-12-02,2029-12-01,176,"4) 91 a 180 dias","7) $100.001 a $500.000",2,268813.52,268813.52,3,1,2,0,0,0,1,2,0,0,0,17
AUSO,145,2025-12-02,2029-12-01,176,"4) 91 a 180 dias","8) >$500.000",1,740236.70,740236.70,1,0,1,0,0,0,0,1,0,0,0,0
AUSO,146,2026-01-06,2030-01-05,141,"4) 91 a 180 dias","1) MENOR A $5.000",1785,3801981.62,3801981.62,3085,1088,1997,1077,11,0,0,1997,0,0,0,12
AUSO,146,2026-01-06,2030-01-05,141,"4) 91 a 180 dias","2) $5.001 a $10.000",412,2931255.55,2931255.55,697,297,400,186,11,4,96,385,2,1,12,1541
AUSO,146,2026-01-06,2030-01-05,141,"4) 91 a 180 dias","3) $10.001 a $20.000",317,4469223.56,4469223.56,532,185,347,14,13,10,148,325,4,0,18,2603
AUSO,146,2026-01-06,2030-01-05,141,"4) 91 a 180 dias","4) $20.001 a $35.000",188,4994046.05,4994046.05,310,127,183,6,6,6,109,167,1,1,14,1696
AUSO,146,2026-01-06,2030-01-05,141,"4) 91 a 180 dias","5) $35.001 a $50.000",108,4448050.20,4448050.20,187,74,113,3,5,2,64,108,0,0,5,998
AUSO,146,2026-01-06,2030-01-05,141,"4) 91 a 180 dias","6) $50.001 a $100.000",104,7010913.76,7010913.76,169,63,106,0,4,1,58,99,1,0,6,1024
AUSO,146,2026-01-06,2030-01-05,141,"4) 91 a 180 dias","7) $100.001 a $500.000",36,5309833.44,5309833.44,69,30,39,1,4,0,25,34,1,0,4,410
AUSO,146,2026-01-06,2030-01-05,141,"4) 91 a 180 dias","8) >$500.000",2,1666668.76,1666668.76,4,3,1,0,1,0,2,1,0,0,0,36
AUSO,147,2026-01-06,2030-01-05,141,"4) 91 a 180 dias","1) MENOR A $5.000",240,345546.08,345546.08,972,177,795,176,1,0,0,795,0,0,0,1
AUSO,147,2026-01-06,2030-01-05,141,"4) 91 a 180 dias","2) $5.001 a $10.000",28,200091.00,200091.00,48,20,28,13,0,1,6,28,0,0,0,89
AUSO,147,2026-01-06,2030-01-05,141,"4) 91 a 180 dias","3) $10.001 a $20.000",19,283740.15,283740.15,37,13,24,0,0,0,13,24,0,0,0,173
AUSO,147,2026-01-06,2030-01-05,141,"4) 91 a 180 dias","4) $20.001 a $35.000",13,323825.43,323825.43,42,19,23,1,4,1,13,20,2,0,1,196
AUSO,147,2026-01-06,2030-01-05,141,"4) 91 a 180 dias","5) $35.001 a $50.000",5,195538.31,195538.31,6,5,1,1,0,0,4,0,0,0,1,100
AUSO,147,2026-01-06,2030-01-05,141,"4) 91 a 180 dias","6) $50.001 a $100.000",8,586794.12,586794.12,15,7,8,1,3,1,2,8,0,0,0,40
AUSO,148,2026-02-04,2030-02-03,112,"4) 91 a 180 dias","1) MENOR A $5.000",1997,4242112.62,4242112.62,3581,1210,2371,1204,6,0,0,2370,1,0,0,11
AUSO,148,2026-02-04,2030-02-03,112,"4) 91 a 180 dias","2) $5.001 a $10.000",365,2582271.62,2582271.62,594,231,363,165,10,9,47,357,1,1,4,792
AUSO,148,2026-02-04,2030-02-03,112,"4) 91 a 180 dias","3) $10.001 a $20.000",252,3535677.95,3535677.95,397,168,229,6,7,7,148,210,0,2,17,2411
AUSO,148,2026-02-04,2030-02-03,112,"4) 91 a 180 dias","4) $20.001 a $35.000",150,3968594.64,3968594.64,258,103,155,6,6,5,86,144,2,2,7,1389
AUSO,148,2026-02-04,2030-02-03,112,"4) 91 a 180 dias","5) $35.001 a $50.000",68,2837569.09,2837569.09,115,46,69,1,2,2,41,63,1,1,4,674
AUSO,148,2026-02-04,2030-02-03,112,"4) 91 a 180 dias","6) $50.001 a $100.000",74,4777888.33,4777888.33,123,58,65,1,4,2,51,60,0,1,4,848
AUSO,148,2026-02-04,2030-02-03,112,"4) 91 a 180 dias","7) $100.001 a $500.000",19,2613019.71,2613019.71,27,16,11,1,0,0,15,11,0,0,0,234
AUSO,148,2026-02-04,2030-02-03,112,"4) 91 a 180 dias","8) >$500.000",1,1191014.10,1191014.10,1,1,0,0,0,0,1,0,0,0,0,12
AUSO,149,2026-02-04,2030-02-03,112,"4) 91 a 180 dias","1) MENOR A $5.000",189,364629.68,364629.68,589,149,440,149,0,0,0,440,0,0,0,0
AUSO,149,2026-02-04,2030-02-03,112,"4) 91 a 180 dias","2) $5.001 a $10.000",35,232104.85,232104.85,66,23,43,15,1,1,6,41,0,0,2,124
AUSO,149,2026-02-04,2030-02-03,112,"4) 91 a 180 dias","3) $10.001 a $20.000",16,216846.88,216846.88,45,6,39,0,0,0,6,38,0,1,0,78
AUSO,149,2026-02-04,2030-02-03,112,"4) 91 a 180 dias","4) $20.001 a $35.000",14,388123.00,388123.00,22,10,12,2,1,0,7,10,0,0,2,153
AUSO,149,2026-02-04,2030-02-03,112,"4) 91 a 180 dias","5) $35.001 a $50.000",5,207471.58,207471.58,8,3,5,0,0,0,3,5,0,0,0,57
AUSO,149,2026-02-04,2030-02-03,112,"4) 91 a 180 dias","6) $50.001 a $100.000",7,485210.12,485210.12,12,4,8,1,1,0,2,7,0,0,1,51
AUSO,149,2026-02-04,2030-02-03,112,"4) 91 a 180 dias","7) $100.001 a $500.000",1,118641.26,118641.26,3,3,0,0,0,0,3,0,0,0,0,69
AUSO,150,2026-03-02,2030-03-01,86,"3) 61 a 90 dias","1) MENOR A $5.000",2076,4159921.64,4159921.64,3495,1326,2169,1318,8,0,0,2169,0,0,0,10
AUSO,150,2026-03-02,2030-03-01,86,"3) 61 a 90 dias","2) $5.001 a $10.000",346,2440416.64,2440416.64,595,237,358,171,13,7,46,351,1,0,6,731
AUSO,150,2026-03-02,2030-03-01,86,"3) 61 a 90 dias","3) $10.001 a $20.000",245,3410885.37,3410885.37,462,198,264,5,20,17,156,240,2,4,18,2531
AUSO,150,2026-03-02,2030-03-01,86,"3) 61 a 90 dias","4) $20.001 a $35.000",155,4078692.47,4078692.47,252,107,145,5,6,10,86,134,0,2,9,1449
AUSO,150,2026-03-02,2030-03-01,86,"3) 61 a 90 dias","5) $35.001 a $50.000",61,2497621.60,2497621.60,108,51,57,3,5,5,38,48,0,2,7,715
AUSO,150,2026-03-02,2030-03-01,86,"3) 61 a 90 dias","6) $50.001 a $100.000",73,4804881.61,4804881.61,125,60,65,0,10,5,45,56,0,3,6,723
AUSO,150,2026-03-02,2030-03-01,86,"3) 61 a 90 dias","7) $100.001 a $500.000",27,4742043.17,4742043.17,42,15,27,1,0,0,14,21,1,0,5,295
AUSO,150,2026-03-02,2030-03-01,86,"3) 61 a 90 dias","8) >$500.000",1,663861.93,663861.93,1,0,1,0,0,0,0,1,0,0,0,0
AUSO,151,2026-03-02,2030-03-01,86,"3) 61 a 90 dias","1) MENOR A $5.000",410,647851.23,647851.23,1333,315,1018,312,3,0,0,1018,0,0,0,3
AUSO,151,2026-03-02,2030-03-01,86,"3) 61 a 90 dias","2) $5.001 a $10.000",34,238891.03,238891.03,75,42,33,37,3,0,2,32,0,1,0,36
AUSO,151,2026-03-02,2030-03-01,86,"3) 61 a 90 dias","3) $10.001 a $20.000",33,473023.04,473023.04,48,25,23,1,1,1,22,19,1,0,3,341
AUSO,151,2026-03-02,2030-03-01,86,"3) 61 a 90 dias","4) $20.001 a $35.000",17,421920.38,421920.38,34,16,18,1,1,0,14,17,0,0,1,248
AUSO,151,2026-03-02,2030-03-01,86,"3) 61 a 90 dias","5) $35.001 a $50.000",14,606251.66,606251.66,29,10,19,0,0,2,8,19,0,0,0,164
AUSO,151,2026-03-02,2030-03-01,86,"3) 61 a 90 dias","6) $50.001 a $100.000",14,984488.54,984488.54,20,6,14,0,1,0,5,14,0,0,0,76
AUSO,151,2026-03-02,2030-03-01,86,"3) 61 a 90 dias","7) $100.001 a $500.000",7,833037.24,833037.24,21,12,9,1,1,2,8,8,0,0,1,131
AUSO,152,2026-04-06,2030-04-05,51,"2) 31 a 60 dias","1) MENOR A $5.000",2407,5039698.06,5039698.06,4146,1711,2435,1701,9,1,0,2434,1,0,0,16
AUSO,152,2026-04-06,2030-04-05,51,"2) 31 a 60 dias","2) $5.001 a $10.000",471,3314855.53,3314855.53,840,362,478,292,33,26,11,469,4,2,3,328
AUSO,152,2026-04-06,2030-04-05,51,"2) 31 a 60 dias","3) $10.001 a $20.000",333,4729708.56,4729708.56,593,279,314,13,112,85,69,285,14,7,8,1358
AUSO,152,2026-04-06,2030-04-05,51,"2) 31 a 60 dias","4) $20.001 a $35.000",199,5213241.88,5213241.88,289,122,167,3,21,47,51,157,4,5,1,740
AUSO,152,2026-04-06,2030-04-05,51,"2) 31 a 60 dias","5) $35.001 a $50.000",88,3693408.41,3693408.41,140,69,71,0,9,32,28,65,3,1,2,448
AUSO,152,2026-04-06,2030-04-05,51,"2) 31 a 60 dias","6) $50.001 a $100.000",129,8669074.60,8669074.60,221,105,116,2,9,37,57,104,7,2,3,752
AUSO,152,2026-04-06,2030-04-05,51,"2) 31 a 60 dias","7) $100.001 a $500.000",37,6386453.99,6386453.99,110,37,73,2,10,9,16,66,3,2,2,254
AUSO,152,2026-04-06,2030-04-05,51,"2) 31 a 60 dias","8) >$500.000",6,7029847.35,7029847.35,14,7,7,0,2,3,2,6,1,0,0,37
AUSO,153,2026-04-06,2030-04-05,51,"2) 31 a 60 dias","1) MENOR A $5.000",517,1036425.05,1036425.05,1162,372,790,350,22,0,0,787,3,0,0,26
AUSO,153,2026-04-06,2030-04-05,51,"2) 31 a 60 dias","2) $5.001 a $10.000",94,661459.65,661459.65,193,77,116,9,53,9,6,104,11,0,1,178
AUSO,153,2026-04-06,2030-04-05,51,"2) 31 a 60 dias","3) $10.001 a $20.000",59,854881.40,854881.40,179,50,129,0,12,15,23,121,1,3,4,352
AUSO,153,2026-04-06,2030-04-05,51,"2) 31 a 60 dias","4) $20.001 a $35.000",30,758327.81,758327.81,52,23,29,0,2,9,12,25,0,2,2,180
AUSO,153,2026-04-06,2030-04-05,51,"2) 31 a 60 dias","5) $35.001 a $50.000",20,824327.62,824327.62,53,18,35,0,3,8,7,32,0,1,2,134
AUSO,153,2026-04-06,2030-04-05,51,"2) 31 a 60 dias","6) $50.001 a $100.000",17,1262426.64,1262426.64,38,21,17,0,2,6,13,15,1,0,1,161
AUSO,153,2026-04-06,2030-04-05,51,"2) 31 a 60 dias","7) $100.001 a $500.000",5,585448.43,585448.43,14,7,7,0,2,4,1,7,0,0,0,34
AUSO,153,2026-04-06,2030-04-05,51,"2) 31 a 60 dias","8) >$500.000",1,769384.35,769384.35,3,0,3,0,0,0,0,2,1,0,0,1
AUSO,154,2026-05-05,2030-05-04,22,"1) 0 a 30 dias","1) MENOR A $5.000",3542,6419167.38,6419167.38,6022,1935,4087,1925,10,0,0,4087,0,0,0,13
AUSO,154,2026-05-05,2030-05-04,22,"1) 0 a 30 dias","2) $5.001 a $10.000",496,3476140.61,3476140.61,783,306,477,279,12,15,0,466,1,10,0,138
AUSO,154,2026-05-05,2030-05-04,22,"1) 0 a 30 dias","3) $10.001 a $20.000",373,5383856.42,5383856.42,632,226,406,77,71,73,5,363,2,40,1,729
AUSO,154,2026-05-05,2030-05-04,22,"1) 0 a 30 dias","4) $20.001 a $35.000",192,4920875.24,4920875.24,350,132,218,4,78,25,25,196,0,22,0,574
AUSO,154,2026-05-05,2030-05-04,22,"1) 0 a 30 dias","5) $35.001 a $50.000",98,4086406.07,4086406.07,189,75,114,1,33,24,17,104,0,10,0,364
AUSO,154,2026-05-05,2030-05-04,22,"1) 0 a 30 dias","6) $50.001 a $100.000",86,5849164.45,5849164.45,193,66,127,1,20,23,22,114,1,12,0,376
AUSO,154,2026-05-05,2030-05-04,22,"1) 0 a 30 dias","7) $100.001 a $500.000",30,4679198.77,4679198.77,59,26,33,0,18,3,5,30,2,1,0,103
AUSO,154,2026-05-05,2030-05-04,22,"1) 0 a 30 dias","8) >$500.000",1,565453.09,565453.09,2,1,1,0,1,0,0,1,0,0,0,2
AUSO,155,2026-05-05,2030-05-04,22,"1) 0 a 30 dias","1) MENOR A $5.000",551,1212257.30,1212257.30,1554,442,1112,417,25,0,0,1106,6,0,0,32
AUSO,155,2026-05-05,2030-05-04,22,"1) 0 a 30 dias","2) $5.001 a $10.000",106,751983.71,751983.71,185,61,124,4,57,0,0,111,13,0,0,72
AUSO,155,2026-05-05,2030-05-04,22,"1) 0 a 30 dias","3) $10.001 a $20.000",56,765534.31,765534.31,119,42,77,12,29,1,0,66,11,0,0,49
AUSO,155,2026-05-05,2030-05-04,22,"1) 0 a 30 dias","4) $20.001 a $35.000",38,1016114.22,1016114.22,66,31,35,2,29,0,0,31,4,0,0,61
AUSO,155,2026-05-05,2030-05-04,22,"1) 0 a 30 dias","5) $35.001 a $50.000",18,763384.34,763384.34,30,17,13,1,11,4,1,9,4,0,0,50
AUSO,155,2026-05-05,2030-05-04,22,"1) 0 a 30 dias","6) $50.001 a $100.000",12,800910.17,800910.17,23,9,14,0,3,6,0,12,2,0,0,33
AUSO,155,2026-05-05,2030-05-04,22,"1) 0 a 30 dias","7) $100.001 a $500.000",4,796870.31,796870.31,4,1,3,0,0,1,0,2,1,0,0,5
AYS3,260317,2026-03-15,2026-07-27,73,"3) 61 a 90 dias","1) MENOR A $5.000",589,115217206.14,746765.82,796,142,654,138,4,0,0,653,0,1,0,10
AYS3,260317,2026-03-15,2026-07-27,73,"3) 61 a 90 dias","2) $5.001 a $10.000",69,75178138.72,484717.24,91,19,72,19,0,0,0,72,0,0,0,0
AYS3,260317,2026-03-15,2026-07-27,73,"3) 61 a 90 dias","3) $10.001 a $20.000",92,358819018.34,1405649.42,100,24,76,2,22,0,0,72,4,0,0,26
AYS3,260317,2026-03-15,2026-07-27,73,"3) 61 a 90 dias","4) $20.001 a $35.000",128,396327111.95,3504606.73,85,22,63,5,17,0,0,59,4,0,0,21
AYS3,260317,2026-03-15,2026-07-27,73,"3) 61 a 90 dias","5) $35.001 a $50.000",152,509033696.32,6742426.38,146,39,107,5,34,0,0,104,3,0,0,37
AYS3,260317,2026-03-15,2026-07-27,73,"3) 61 a 90 dias","6) $50.001 a $100.000",292,999506981.70,21045590.84,326,67,259,14,50,3,0,242,16,1,0,144
AYS3,260317,2026-03-15,2026-07-27,73,"3) 61 a 90 dias","7) $100.001 a $500.000",3647,6718025142.63,1011962229.56,4624,1033,3591,96,137,54,746,3326,82,14,169,18561
AYS3,260317,2026-03-15,2026-07-27,73,"3) 61 a 90 dias","8) >$500.000",819,4429963275.14,620206740.25,1177,278,899,11,48,33,186,811,22,9,57,5045
AYS3,260412,2026-04-12,2026-08-25,45,"2) 31 a 60 dias","1) MENOR A $5.000",431,128342109.00,651699.00,344,50,294,50,0,0,0,294,0,0,0,0
AYS3,260412,2026-04-12,2026-08-25,45,"2) 31 a 60 dias","2) $5.001 a $10.000",101,96508628.96,737195.84,86,15,71,15,0,0,0,71,0,0,0,0
AYS3,260412,2026-04-12,2026-08-25,45,"2) 31 a 60 dias","3) $10.001 a $20.000",122,159798129.90,1765979.90,136,20,116,3,17,0,0,107,9,0,0,26
AYS3,260412,2026-04-12,2026-08-25,45,"2) 31 a 60 dias","4) $20.001 a $35.000",41,125338569.38,1011809.05,48,10,38,1,8,1,0,36,2,0,0,15
AYS3,260412,2026-04-12,2026-08-25,45,"2) 31 a 60 dias","5) $35.001 a $50.000",135,100913589.99,6074499.98,112,19,93,3,16,0,0,87,6,0,0,22
AYS3,260412,2026-04-12,2026-08-25,45,"2) 31 a 60 dias","6) $50.001 a $100.000",186,108266857.32,11252431.78,149,25,124,3,22,0,0,117,7,0,0,29
AYS3,260412,2026-04-12,2026-08-25,45,"2) 31 a 60 dias","7) $100.001 a $500.000",6229,9170363545.17,1679048813.65,6449,1036,5413,41,209,84,702,5167,51,21,174,16429
AYS3,260412,2026-04-12,2026-08-25,45,"2) 31 a 60 dias","8) >$500.000",1128,7670493144.14,853260705.09,1252,198,1054,12,46,21,119,979,10,5,60,2979
AYSA,260405,2026-04-05,2026-07-18,52,"2) 31 a 60 dias","1) MENOR A $5.000",304,55800686.62,710418.98,414,111,303,109,2,0,0,303,0,0,0,3
AYSA,260405,2026-04-05,2026-07-18,52,"2) 31 a 60 dias","2) $5.001 a $10.000",200,12852236.79,1500262.02,269,74,195,74,0,0,0,194,1,0,0,1
AYSA,260405,2026-04-05,2026-07-18,52,"2) 31 a 60 dias","3) $10.001 a $20.000",871,38935811.42,13469232.50,1121,273,848,38,38,129,68,811,8,19,10,1495
AYSA,260405,2026-04-05,2026-07-18,52,"2) 31 a 60 dias","4) $20.001 a $35.000",1046,89158480.98,28622851.43,1369,335,1034,60,40,144,91,980,12,23,19,1911
AYSA,260405,2026-04-05,2026-07-18,52,"2) 31 a 60 dias","5) $35.001 a $50.000",868,77427538.45,36132440.27,1012,236,776,30,26,119,61,728,9,23,16,1456
AYSA,260405,2026-04-05,2026-07-18,52,"2) 31 a 60 dias","6) $50.001 a $100.000",2367,326967823.14,175204430.52,3105,802,2303,114,110,374,204,2162,25,64,52,4638
AYSA,260405,2026-04-05,2026-07-18,52,"2) 31 a 60 dias","7) $100.001 a $500.000",7220,3141921127.88,1591506637.82,9494,2521,6973,260,612,322,1327,6367,176,94,336,31333
AYSA,260405,2026-04-05,2026-07-18,52,"2) 31 a 60 dias","8) >$500.000",1045,2906772060.40,1366994017.04,1554,544,1010,34,72,35,403,829,14,17,150,13888
AYSA,260524,2026-05-24,2026-08-22,3,"1) 0 a 30 dias","1) MENOR A $5.000",706,1205661.24,1205661.24,930,0,930,0,0,0,0,930,0,0,0,0
AYSA,260524,2026-05-24,2026-08-22,3,"1) 0 a 30 dias","2) $5.001 a $10.000",369,2782182.64,2782182.64,474,0,474,0,0,0,0,474,0,0,0,0
AYSA,260524,2026-05-24,2026-08-22,3,"1) 0 a 30 dias","3) $10.001 a $20.000",1288,19524261.60,19524261.60,1557,0,1557,0,0,0,0,1557,0,0,0,0
AYSA,260524,2026-05-24,2026-08-22,3,"1) 0 a 30 dias","4) $20.001 a $35.000",1398,38410834.90,38410834.90,1761,0,1761,0,0,0,0,1761,0,0,0,0
AYSA,260524,2026-05-24,2026-08-22,3,"1) 0 a 30 dias","5) $35.001 a $50.000",1255,53176257.89,53176257.89,1614,0,1614,0,0,0,0,1614,0,0,0,0
AYSA,260524,2026-05-24,2026-08-22,3,"1) 0 a 30 dias","6) $50.001 a $100.000",3459,257010567.36,257010567.36,4341,0,4341,0,0,0,0,4341,0,0,0,0
AYSA,260524,2026-05-24,2026-08-22,3,"1) 0 a 30 dias","7) $100.001 a $500.000",12684,3049946122.03,3049946122.03,11730,0,11730,0,0,0,0,11730,0,0,0,0
AYSA,260524,2026-05-24,2026-08-22,3,"1) 0 a 30 dias","8) >$500.000",1768,1630953601.40,1630953601.40,1974,0,1974,0,0,0,0,1974,0,0,0,0
AYSC,260501,2026-05-06,2053-09-20,21,"1) 0 a 30 dias","1) MENOR A $5.000",2,4173.57,4173.57,3,1,2,1,0,0,0,2,0,0,0,0
AYSC,260501,2026-05-06,2053-09-20,21,"1) 0 a 30 dias","2) $5.001 a $10.000",3,26621.98,26621.98,3,1,2,1,0,0,0,2,0,0,0,0
AYSC,260501,2026-05-06,2053-09-20,21,"1) 0 a 30 dias","3) $10.001 a $20.000",31,513443.02,513443.02,52,15,37,15,0,0,0,37,0,0,0,0
AYSC,260501,2026-05-06,2053-09-20,21,"1) 0 a 30 dias","4) $20.001 a $35.000",64,1800366.84,1800366.84,115,49,66,49,0,0,0,66,0,0,0,0
AYSC,260501,2026-05-06,2053-09-20,21,"1) 0 a 30 dias","5) $35.001 a $50.000",75,3160978.50,3160978.50,223,47,176,47,0,0,0,176,0,0,0,0
AYSC,260501,2026-05-06,2053-09-20,21,"1) 0 a 30 dias","6) $50.001 a $100.000",175,12400207.57,12400207.57,318,110,208,110,0,0,0,207,1,0,0,3
AYSC,260501,2026-05-06,2053-09-20,21,"1) 0 a 30 dias","7) $100.001 a $500.000",439,102818706.90,102818706.90,851,277,574,277,0,0,0,574,0,0,0,0
AYSC,260501,2026-05-06,2053-09-20,21,"1) 0 a 30 dias","8) >$500.000",260,371758407.15,371758407.15,525,188,337,188,0,0,0,337,0,0,0,0
AYSE,260415,2026-04-15,2026-06-01,42,"2) 31 a 60 dias","1) MENOR A $5.000",36,81844.61,62627.88,37,8,29,8,0,0,0,29,0,0,0,0
AYSE,260415,2026-04-15,2026-06-01,42,"2) 31 a 60 dias","2) $5.001 a $10.000",27,258809.28,214268.14,41,13,28,13,0,0,0,28,0,0,0,0
AYSE,260415,2026-04-15,2026-06-01,42,"2) 31 a 60 dias","3) $10.001 a $20.000",138,2717467.32,2261548.46,163,56,107,0,11,9,36,107,0,0,0,472
AYSE,260415,2026-04-15,2026-06-01,42,"2) 31 a 60 dias","4) $20.001 a $35.000",140,4676675.64,3827367.27,189,48,141,4,10,7,27,133,8,0,0,405
AYSE,260415,2026-04-15,2026-06-01,42,"2) 31 a 60 dias","5) $35.001 a $50.000",111,5433609.95,4552993.18,135,40,95,0,5,5,30,86,9,0,0,466
AYSE,260415,2026-04-15,2026-06-01,42,"2) 31 a 60 dias","6) $50.001 a $100.000",222,34736094.74,15294643.37,284,87,197,5,17,6,59,186,9,0,2,871
AYSE,260415,2026-04-15,2026-06-01,42,"2) 31 a 60 dias","7) $100.001 a $500.000",125,32323515.88,22330841.87,192,56,136,5,9,5,37,117,7,12,0,641
AYSE,260415,2026-04-15,2026-06-01,42,"2) 31 a 60 dias","8) >$500.000",23,38228471.67,28572833.77,33,13,20,0,1,1,11,20,0,0,0,193
AYSE,260422,2026-04-22,2026-06-08,35,"2) 31 a 60 dias","1) MENOR A $5.000",44,164785.51,57708.75,65,13,52,13,0,0,0,52,0,0,0,0
AYSE,260422,2026-04-22,2026-06-08,35,"2) 31 a 60 dias","2) $5.001 a $10.000",87,815669.34,699852.27,125,29,96,29,0,0,0,96,0,0,0,0
AYSE,260422,2026-04-22,2026-06-08,35,"2) 31 a 60 dias","3) $10.001 a $20.000",356,6744952.58,5761834.05,433,92,341,5,13,7,67,341,0,0,0,812
AYSE,260422,2026-04-22,2026-06-08,35,"2) 31 a 60 dias","4) $20.001 a $35.000",395,12569262.69,10696097.94,538,122,416,6,33,9,74,395,21,0,0,990
AYSE,260422,2026-04-22,2026-06-08,35,"2) 31 a 60 dias","5) $35.001 a $50.000",209,10190540.79,8728832.10,260,64,196,2,11,5,46,188,8,0,0,623
AYSE,260422,2026-04-22,2026-06-08,35,"2) 31 a 60 dias","6) $50.001 a $100.000",223,17977585.66,15247624.10,293,78,215,8,13,8,49,197,18,0,0,690
AYSE,260422,2026-04-22,2026-06-08,35,"2) 31 a 60 dias","7) $100.001 a $500.000",120,29062801.53,22553241.79,172,50,122,2,12,2,34,115,7,0,0,423
AYSE,260422,2026-04-22,2026-06-08,35,"2) 31 a 60 dias","8) >$500.000",21,32535785.56,26240959.90,42,12,30,1,1,0,10,29,0,1,0,120
AYSE,260429,2026-04-29,2026-06-15,28,"1) 0 a 30 dias","1) MENOR A $5.000",79,150372.69,105245.08,120,19,101,19,0,0,0,101,0,0,0,0
AYSE,260429,2026-04-29,2026-06-15,28,"1) 0 a 30 dias","2) $5.001 a $10.000",96,891816.09,772977.90,122,33,89,33,0,0,0,89,0,0,0,0
AYSE,260429,2026-04-29,2026-06-15,28,"1) 0 a 30 dias","3) $10.001 a $20.000",346,6554621.75,5616653.32,464,103,361,4,16,23,60,361,0,0,0,628
AYSE,260429,2026-04-29,2026-06-15,28,"1) 0 a 30 dias","4) $20.001 a $35.000",318,10801341.68,8676433.52,422,97,325,9,18,19,51,298,27,0,0,626
AYSE,260429,2026-04-29,2026-06-15,28,"1) 0 a 30 dias","5) $35.001 a $50.000",209,9920230.63,8589512.72,245,55,190,1,11,10,33,178,11,1,0,369
AYSE,260429,2026-04-29,2026-06-15,28,"1) 0 a 30 dias","6) $50.001 a $100.000",286,23532148.95,19959703.74,354,91,263,5,27,12,47,246,17,0,0,542
AYSE,260429,2026-04-29,2026-06-15,28,"1) 0 a 30 dias","7) $100.001 a $500.000",163,37669872.36,29993419.97,215,61,154,5,10,10,36,139,15,0,0,410
AYSE,260429,2026-04-29,2026-06-15,28,"1) 0 a 30 dias","8) >$500.000",17,38244900.00,30258517.70,24,13,11,0,2,1,10,11,0,0,0,109
AYSE,260506,2026-05-06,2026-06-22,21,"1) 0 a 30 dias","1) MENOR A $5.000",66,178862.00,94721.96,81,21,60,21,0,0,0,60,0,0,0,0
AYSE,260506,2026-05-06,2026-06-22,21,"1) 0 a 30 dias","2) $5.001 a $10.000",98,913868.99,788548.06,184,45,139,45,0,0,0,139,0,0,0,0
AYSE,260506,2026-05-06,2026-06-22,21,"1) 0 a 30 dias","3) $10.001 a $20.000",436,8314713.13,7123427.24,637,140,497,9,32,94,5,497,0,0,0,547
AYSE,260506,2026-05-06,2026-06-22,21,"1) 0 a 30 dias","4) $20.001 a $35.000",542,17141298.89,14751344.08,720,167,553,7,32,107,21,504,49,0,0,849
AYSE,260506,2026-05-06,2026-06-22,21,"1) 0 a 30 dias","5) $35.001 a $50.000",333,16160309.53,13893221.86,445,105,340,5,25,59,16,314,24,2,0,529
AYSE,260506,2026-05-06,2026-06-22,21,"1) 0 a 30 dias","6) $50.001 a $100.000",407,32501868.22,27628663.85,506,112,394,5,21,64,22,354,39,1,0,592
AYSE,260506,2026-05-06,2026-06-22,21,"1) 0 a 30 dias","7) $100.001 a $500.000",207,47098376.63,38399833.25,315,80,235,4,18,41,17,209,25,0,1,422
AYSE,260506,2026-05-06,2026-06-22,21,"1) 0 a 30 dias","8) >$500.000",27,34978878.49,28183111.41,44,19,25,0,6,2,11,22,1,2,0,132
AYSE,260513,2026-05-13,2026-06-29,14,"1) 0 a 30 dias","1) MENOR A $5.000",47,66549.03,63498.31,58,16,42,16,0,0,0,42,0,0,0,0
AYSE,260513,2026-05-13,2026-06-29,14,"1) 0 a 30 dias","2) $5.001 a $10.000",69,665522.34,576506.64,86,20,66,20,0,0,0,66,0,0,0,0
AYSE,260513,2026-05-13,2026-06-29,14,"1) 0 a 30 dias","3) $10.001 a $20.000",234,4393888.43,3809606.77,306,63,243,11,45,7,0,243,0,0,0,140
AYSE,260513,2026-05-13,2026-06-29,14,"1) 0 a 30 dias","4) $20.001 a $35.000",299,9577389.79,8275403.66,406,98,308,19,66,12,1,308,0,0,0,221
AYSE,260513,2026-05-13,2026-06-29,14,"1) 0 a 30 dias","5) $35.001 a $50.000",200,9529871.69,8321445.14,278,56,222,11,41,4,0,222,0,0,0,124
AYSE,260513,2026-05-13,2026-06-29,14,"1) 0 a 30 dias","6) $50.001 a $100.000",201,15972640.28,13680870.74,258,68,190,15,41,10,2,190,0,0,0,160
AYSE,260513,2026-05-13,2026-06-29,14,"1) 0 a 30 dias","7) $100.001 a $500.000",145,35512955.36,29098665.65,238,69,169,8,45,16,0,168,0,1,0,172
AYSE,260513,2026-05-13,2026-06-29,14,"1) 0 a 30 dias","8) >$500.000",22,28335992.37,23104264.44,32,16,16,2,7,3,4,14,1,1,0,75
AYSE,260520,2026-05-20,2026-07-06,7,"1) 0 a 30 dias","1) MENOR A $5.000",92,160111.35,141866.03,125,13,112,13,0,0,0,112,0,0,0,0
AYSE,260520,2026-05-20,2026-07-06,7,"1) 0 a 30 dias","2) $5.001 a $10.000",97,1000264.29,779852.20,128,18,110,18,0,0,0,110,0,0,0,0
AYSE,260520,2026-05-20,2026-07-06,7,"1) 0 a 30 dias","3) $10.001 a $20.000",510,10192865.25,8459748.86,687,94,593,94,0,0,0,593,0,0,0,0
AYSE,260520,2026-05-20,2026-07-06,7,"1) 0 a 30 dias","4) $20.001 a $35.000",532,17131898.83,14553154.78,744,126,618,126,0,0,0,618,0,0,0,0
AYSE,260520,2026-05-20,2026-07-06,7,"1) 0 a 30 dias","5) $35.001 a $50.000",373,18192881.49,15603552.89,522,77,445,77,0,0,0,444,1,0,0,1
AYSE,260520,2026-05-20,2026-07-06,7,"1) 0 a 30 dias","6) $50.001 a $100.000",459,37752709.89,31438664.50,631,88,543,88,0,0,0,543,0,0,0,0
AYSE,260520,2026-05-20,2026-07-06,7,"1) 0 a 30 dias","7) $100.001 a $500.000",443,191168994.01,91417144.77,666,111,555,110,1,0,0,555,0,0,0,1
AYSE,260520,2026-05-20,2026-07-06,7,"1) 0 a 30 dias","8) >$500.000",59,92167519.87,65331549.17,81,22,59,22,0,0,0,59,0,0,0,0
AYSE,260527,2026-05-27,2026-07-13,0,"1) 0 a 30 dias","1) MENOR A $5.000",69,105385.72,105385.72,95,0,95,0,0,0,0,95,0,0,0,0
AYSE,260527,2026-05-27,2026-07-13,0,"1) 0 a 30 dias","2) $5.001 a $10.000",117,945722.02,945722.02,155,0,155,0,0,0,0,155,0,0,0,0
AYSE,260527,2026-05-27,2026-07-13,0,"1) 0 a 30 dias","3) $10.001 a $20.000",465,7631376.38,7631376.38,611,0,611,0,0,0,0,611,0,0,0,0
AYSE,260527,2026-05-27,2026-07-13,0,"1) 0 a 30 dias","4) $20.001 a $35.000",498,13625257.89,13625257.89,677,0,677,0,0,0,0,677,0,0,0,0
AYSE,260527,2026-05-27,2026-07-13,0,"1) 0 a 30 dias","5) $35.001 a $50.000",323,13483312.99,13483312.99,456,0,456,0,0,0,0,456,0,0,0,0
AYSE,260527,2026-05-27,2026-07-13,0,"1) 0 a 30 dias","6) $50.001 a $100.000",410,28430691.33,28430691.33,593,0,593,0,0,0,0,593,0,0,0,0
AYSE,260527,2026-05-27,2026-07-13,0,"1) 0 a 30 dias","7) $100.001 a $500.000",272,49349465.40,49349465.40,374,0,374,0,0,0,0,374,0,0,0,0
AYSE,260527,2026-05-27,2026-07-13,0,"1) 0 a 30 dias","8) >$500.000",27,27367486.86,27367486.86,34,0,34,0,0,0,0,34,0,0,0,0
AYSJ,230901,2023-09-01,2028-08-30,999,"6) Mayor a 360 dias","1) MENOR A $5.000",839,0.00,0.00,1021,458,563,453,4,1,0,563,0,0,0,8
AYSJ,231001,2023-10-24,2028-10-22,946,"6) Mayor a 360 dias","1) MENOR A $5.000",158,0.00,0.00,180,83,97,82,1,0,0,96,1,0,0,2
AYSJ,231201,2023-12-01,2028-11-29,908,"6) Mayor a 360 dias","1) MENOR A $5.000",104,0.00,0.00,120,55,65,54,1,0,0,65,0,0,0,1
AYSJ,240101,2024-01-01,2028-12-30,877,"6) Mayor a 360 dias","1) MENOR A $5.000",56,0.00,0.00,39,19,20,19,0,0,0,20,0,0,0,0
AYSJ,240701,2024-07-18,2029-07-17,678,"6) Mayor a 360 dias","1) MENOR A $5.000",84,0.00,0.00,6,0,6,0,0,0,0,6,0,0,0,0
AYSJ,240722,2024-07-22,2029-07-21,674,"6) Mayor a 360 dias","1) MENOR A $5.000",1100,0.00,0.00,833,28,805,28,0,0,0,804,1,0,0,1
AYSJ,241201,2024-12-01,2029-11-30,542,"6) Mayor a 360 dias","1) MENOR A $5.000",23,0.00,0.00,25,1,24,1,0,0,0,24,0,0,0,0
AYSJ,250526,2025-05-26,2030-05-25,366,"6) Mayor a 360 dias","1) MENOR A $5.000",95,0.00,0.00,79,4,75,4,0,0,0,75,0,0,0,0
AYSJ,250801,2025-08-12,2030-08-11,288,"5) 181 a 360 dias","1) MENOR A $5.000",150,0.00,0.00,0,0,0,0,0,0,0,0,0,0,0,0
AYSJ,260501,2026-05-22,2031-05-21,5,"1) 0 a 30 dias","1) MENOR A $5.000",141,0.00,0.00,0,0,0,0,0,0,0,0,0,0,0,0
CVIA,260501,2026-04-30,2026-08-28,27,"1) 0 a 30 dias","1) MENOR A $5.000",16,76784.02,76784.02,26,10,16,10,0,0,0,16,0,0,0,0
CVIA,260501,2026-04-30,2026-08-28,27,"1) 0 a 30 dias","2) $5.001 a $10.000",8,56899.58,56899.58,10,9,1,9,0,0,0,1,0,0,0,0
CVIA,260501,2026-04-30,2026-08-28,27,"1) 0 a 30 dias","3) $10.001 a $20.000",16,230859.83,230859.83,27,21,6,21,0,0,0,6,0,0,0,0
DRPW,260519,2026-05-19,2026-06-06,8,"1) 0 a 30 dias","4) $20.001 a $35.000",3,98825.61,98825.61,7,1,6,0,1,0,0,6,0,0,0,1
DRPW,260519,2026-05-19,2026-06-06,8,"1) 0 a 30 dias","5) $35.001 a $50.000",107,4903172.67,4903172.67,186,42,144,4,22,16,0,144,0,0,0,118
DRPW,260519,2026-05-19,2026-06-06,8,"1) 0 a 30 dias","6) $50.001 a $100.000",2913,209488797.24,209488797.24,4929,1167,3762,119,803,245,0,3761,1,0,0,2801
DRPW,260519,2026-05-19,2026-06-06,8,"1) 0 a 30 dias","7) $100.001 a $500.000",3411,600002192.34,600002192.34,6286,1313,4973,128,822,363,0,4973,0,0,0,3213
DRPW,260519,2026-05-19,2026-06-06,8,"1) 0 a 30 dias","8) >$500.000",3,1624789.08,1624789.08,4,1,3,0,1,0,0,3,0,0,0,2
DRTV,260203,2026-02-03,2026-06-03,113,"4) 91 a 180 dias","1) MENOR A $5.000",8,17459.41,17459.41,14,7,7,7,0,0,0,7,0,0,0,0
DRTV,260203,2026-02-03,2026-06-03,113,"4) 91 a 180 dias","2) $5.001 a $10.000",13,103188.64,103188.64,19,9,10,0,9,0,0,10,0,0,0,24
DRTV,260203,2026-02-03,2026-06-03,113,"4) 91 a 180 dias","3) $10.001 a $20.000",25,389225.99,389225.99,46,18,28,0,3,3,12,28,0,0,0,134
DRTV,260203,2026-02-03,2026-06-03,113,"4) 91 a 180 dias","4) $20.001 a $35.000",135,3824500.83,3824500.83,216,90,126,1,5,12,72,124,0,0,2,987
DRTV,260203,2026-02-03,2026-06-03,113,"4) 91 a 180 dias","5) $35.001 a $50.000",530,22403738.85,22403738.85,722,298,424,3,8,27,260,399,8,9,8,3637
DRTV,260203,2026-02-03,2026-06-03,113,"4) 91 a 180 dias","6) $50.001 a $100.000",1451,106310359.44,106310359.44,2079,801,1278,8,44,82,667,1208,9,29,32,9344
DRTV,260203,2026-02-03,2026-06-03,113,"4) 91 a 180 dias","7) $100.001 a $500.000",1063,153406827.68,153406827.68,1670,599,1071,4,34,41,520,1016,9,27,19,7225
DRTV,260303,2026-03-03,2026-07-01,85,"3) 61 a 90 dias","1) MENOR A $5.000",17,41969.10,41969.10,34,18,16,18,0,0,0,16,0,0,0,0
DRTV,260303,2026-03-03,2026-07-01,85,"3) 61 a 90 dias","2) $5.001 a $10.000",12,88069.15,88069.15,21,9,12,0,2,7,0,12,0,0,0,36
DRTV,260303,2026-03-03,2026-07-01,85,"3) 61 a 90 dias","3) $10.001 a $20.000",31,466689.50,466689.50,56,23,33,0,1,8,14,24,9,0,0,177
DRTV,260303,2026-03-03,2026-07-01,85,"3) 61 a 90 dias","4) $20.001 a $35.000",110,3144080.63,3144080.63,173,66,107,1,3,4,58,69,35,3,0,749
DRTV,260303,2026-03-03,2026-07-01,85,"3) 61 a 90 dias","5) $35.001 a $50.000",548,24042605.90,24042605.90,881,314,567,3,20,26,265,311,247,9,0,3614
DRTV,260303,2026-03-03,2026-07-01,85,"3) 61 a 90 dias","6) $50.001 a $100.000",1794,131501062.73,131501062.73,2993,1111,1882,13,71,123,904,1092,754,36,0,12244
DRTV,260303,2026-03-03,2026-07-01,85,"3) 61 a 90 dias","7) $100.001 a $500.000",1452,215093700.07,215093700.07,2724,1035,1689,9,68,129,829,978,684,27,0,10916
DRTV,260402,2026-04-02,2026-07-31,55,"2) 31 a 60 dias","1) MENOR A $5.000",17,47442.83,47442.83,25,8,17,8,0,0,0,17,0,0,0,0
DRTV,260402,2026-04-02,2026-07-31,55,"2) 31 a 60 dias","2) $5.001 a $10.000",16,122793.81,122793.81,19,9,10,0,1,8,0,10,0,0,0,35
DRTV,260402,2026-04-02,2026-07-31,55,"2) 31 a 60 dias","3) $10.001 a $20.000",48,719966.70,719966.70,57,23,34,0,3,4,16,34,0,0,0,173
DRTV,260402,2026-04-02,2026-07-31,55,"2) 31 a 60 dias","4) $20.001 a $35.000",226,6580567.90,6580567.90,283,117,166,2,12,18,85,164,0,0,2,1119
DRTV,260402,2026-04-02,2026-07-31,55,"2) 31 a 60 dias","5) $35.001 a $50.000",952,42075181.75,42075181.75,924,348,576,6,24,51,267,568,0,0,8,3371
DRTV,260402,2026-04-02,2026-07-31,55,"2) 31 a 60 dias","6) $50.001 a $100.000",2641,193605583.07,193605583.07,2792,1098,1694,16,95,146,841,1672,0,0,22,10684
DRTV,260402,2026-04-02,2026-07-31,55,"2) 31 a 60 dias","7) $100.001 a $500.000",2270,338310160.67,338310160.67,2811,1022,1789,15,109,131,767,1768,1,1,19,9485
DRTV,260505,2026-05-05,2026-09-02,22,"1) 0 a 30 dias","1) MENOR A $5.000",11,26451.33,26451.33,19,4,15,4,0,0,0,15,0,0,0,0
DRTV,260505,2026-05-05,2026-09-02,22,"1) 0 a 30 dias","2) $5.001 a $10.000",12,92218.59,92218.59,14,4,10,2,2,0,0,10,0,0,0,6
DRTV,260505,2026-05-05,2026-09-02,22,"1) 0 a 30 dias","3) $10.001 a $20.000",38,584812.89,584812.89,48,16,32,7,6,2,1,32,0,0,0,31
DRTV,260505,2026-05-05,2026-09-02,22,"1) 0 a 30 dias","4) $20.001 a $35.000",124,3638404.64,3638404.64,135,63,72,26,17,9,11,72,0,0,0,176
DRTV,260505,2026-05-05,2026-09-02,22,"1) 0 a 30 dias","5) $35.001 a $50.000",737,32840265.28,32840265.28,712,255,457,141,58,26,30,454,3,0,0,536
DRTV,260505,2026-05-05,2026-09-02,22,"1) 0 a 30 dias","6) $50.001 a $100.000",2479,178684137.55,178684137.55,2465,871,1594,483,200,68,120,1581,13,0,0,1855
DRTV,260505,2026-05-05,2026-09-02,22,"1) 0 a 30 dias","7) $100.001 a $500.000",1829,272420603.09,272420603.09,2173,728,1445,360,205,44,119,1431,14,0,0,1716
DRTW,260203,2026-02-03,2026-06-03,113,"4) 91 a 180 dias","1) MENOR A $5.000",11,37348.27,37348.27,23,12,11,12,0,0,0,11,0,0,0,0
DRTW,260203,2026-02-03,2026-06-03,113,"4) 91 a 180 dias","2) $5.001 a $10.000",7,49353.45,49353.45,20,10,10,9,1,0,0,10,0,0,0,1
DRTW,260203,2026-02-03,2026-06-03,113,"4) 91 a 180 dias","3) $10.001 a $20.000",19,320828.95,320828.95,45,22,23,0,8,7,7,12,11,0,0,128
DRTW,260203,2026-02-03,2026-06-03,113,"4) 91 a 180 dias","4) $20.001 a $35.000",99,2980064.01,2980064.01,180,86,94,4,3,7,72,60,32,2,0,992
DRTW,260203,2026-02-03,2026-06-03,113,"4) 91 a 180 dias","5) $35.001 a $50.000",610,27982391.70,27982391.70,1044,412,632,9,37,32,334,401,228,3,0,4631
DRTW,260203,2026-02-03,2026-06-03,113,"4) 91 a 180 dias","6) $50.001 a $100.000",1898,139399969.20,139399969.20,3343,1369,1974,23,89,118,1139,1279,668,25,2,15925
DRTW,260203,2026-02-03,2026-06-03,113,"4) 91 a 180 dias","7) $100.001 a $500.000",1694,258822600.66,258822600.66,3339,1337,2002,21,85,123,1108,1416,548,27,11,15773
DRTW,260203,2026-02-03,2026-06-03,113,"4) 91 a 180 dias","8) >$500.000",7,4437702.63,4437702.63,12,4,8,0,0,0,4,6,2,0,0,53
DRTW,260303,2026-03-03,2026-07-01,85,"3) 61 a 90 dias","1) MENOR A $5.000",11,32802.19,32802.19,25,8,17,2,6,0,0,17,0,0,0,9
DRTW,260303,2026-03-03,2026-07-01,85,"3) 61 a 90 dias","2) $5.001 a $10.000",8,60856.33,60856.33,9,4,5,0,4,0,0,5,0,0,0,8
DRTW,260303,2026-03-03,2026-07-01,85,"3) 61 a 90 dias","3) $10.001 a $20.000",31,482463.92,482463.92,52,23,29,1,7,4,11,12,15,2,0,167
DRTW,260303,2026-03-03,2026-07-01,85,"3) 61 a 90 dias","4) $20.001 a $35.000",65,1962394.76,1962394.76,128,49,79,0,0,5,44,48,30,1,0,615
DRTW,260303,2026-03-03,2026-07-01,85,"3) 61 a 90 dias","5) $35.001 a $50.000",458,21339096.22,21339096.22,761,306,455,0,21,32,253,216,224,13,2,3721
DRTW,260303,2026-03-03,2026-07-01,85,"3) 61 a 90 dias","6) $50.001 a $100.000",1849,134249312.87,134249312.87,3263,1320,1943,18,75,149,1078,995,858,85,5,16093
DRTW,260303,2026-03-03,2026-07-01,85,"3) 61 a 90 dias","7) $100.001 a $500.000",1840,285785967.56,285785967.56,3642,1440,2202,25,87,172,1156,1161,884,150,7,17673
DRTW,260402,2026-04-02,2026-07-31,55,"2) 31 a 60 dias","1) MENOR A $5.000",16,48885.01,48885.01,26,10,16,3,6,1,0,16,0,0,0,13
DRTW,260402,2026-04-02,2026-07-31,55,"2) 31 a 60 dias","2) $5.001 a $10.000",14,104243.06,104243.06,27,13,14,0,10,3,0,14,0,0,0,28
DRTW,260402,2026-04-02,2026-07-31,55,"2) 31 a 60 dias","3) $10.001 a $20.000",54,858619.46,858619.46,106,41,65,0,5,10,26,43,18,4,0,355
DRTW,260402,2026-04-02,2026-07-31,55,"2) 31 a 60 dias","4) $20.001 a $35.000",89,2502416.23,2502416.23,184,80,104,6,4,14,56,79,19,6,0,764
DRTW,260402,2026-04-02,2026-07-31,55,"2) 31 a 60 dias","5) $35.001 a $50.000",1036,49494375.06,49494375.06,1811,610,1201,27,37,73,473,790,379,31,1,6822
DRTW,260402,2026-04-02,2026-07-31,55,"2) 31 a 60 dias","6) $50.001 a $100.000",2894,199100959.15,199100959.15,5015,1753,3262,82,108,212,1351,2073,1055,128,6,19518
DRTW,260402,2026-04-02,2026-07-31,55,"2) 31 a 60 dias","7) $100.001 a $500.000",2298,366638650.60,366638650.60,4479,1623,2856,68,105,220,1230,2075,586,188,7,17999
DRTW,260505,2026-05-05,2026-09-02,22,"1) 0 a 30 dias","1) MENOR A $5.000",7,27472.97,27472.97,14,4,10,4,0,0,0,10,0,0,0,0
DRTW,260505,2026-05-05,2026-09-02,22,"1) 0 a 30 dias","2) $5.001 a $10.000",14,102209.24,102209.24,26,8,18,8,0,0,0,18,0,0,0,0
DRTW,260505,2026-05-05,2026-09-02,22,"1) 0 a 30 dias","3) $10.001 a $20.000",32,483399.96,483399.96,63,26,37,1,6,14,5,37,0,0,0,129
DRTW,260505,2026-05-05,2026-09-02,22,"1) 0 a 30 dias","4) $20.001 a $35.000",48,1326952.34,1326952.34,96,35,61,0,5,7,23,61,0,0,0,260
DRTW,260505,2026-05-05,2026-09-02,22,"1) 0 a 30 dias","5) $35.001 a $50.000",143,6255661.40,6255661.40,274,114,160,6,21,21,66,159,0,1,0,751
DRTW,260505,2026-05-05,2026-09-02,22,"1) 0 a 30 dias","6) $50.001 a $100.000",1819,130719543.12,130719543.12,3447,1150,2297,75,142,185,748,2241,36,20,0,8448
DRTW,260505,2026-05-05,2026-09-02,22,"1) 0 a 30 dias","7) $100.001 a $500.000",2084,357555509.77,357555509.77,4162,1362,2800,32,145,245,940,2739,44,13,4,10540
DRTW,260505,2026-05-05,2026-09-02,22,"1) 0 a 30 dias","8) >$500.000",2,1190971.34,1190971.34,3,1,2,0,0,0,1,2,0,0,0,9
MEL0,260401,2026-04-01,2026-05-31,56,"2) 31 a 60 dias","1) MENOR A $5.000",84,237581.12,237581.12,168,47,121,45,2,0,0,121,0,0,0,3
MEL0,260401,2026-04-01,2026-05-31,56,"2) 31 a 60 dias","2) $5.001 a $10.000",286,2269755.72,2269755.72,482,181,301,141,22,18,0,297,2,2,0,126
MEL0,260401,2026-04-01,2026-05-31,56,"2) 31 a 60 dias","3) $10.001 a $20.000",1522,24693382.34,24693382.34,2754,1019,1735,806,92,121,0,1711,23,1,0,679
MEL0,260401,2026-04-01,2026-05-31,56,"2) 31 a 60 dias","4) $20.001 a $35.000",2900,74545374.21,74545374.21,5081,1938,3143,1440,257,241,0,2994,146,3,0,1659
MEL0,260401,2026-04-01,2026-05-31,56,"2) 31 a 60 dias","5) $35.001 a $50.000",3429,154610669.19,154610669.19,5456,1906,3550,1334,491,81,0,3275,274,1,0,1459
MEL0,260401,2026-04-01,2026-05-31,56,"2) 31 a 60 dias","6) $50.001 a $100.000",13227,793599889.90,793599889.90,21192,7368,13824,5668,1635,65,0,13176,643,5,0,3535
MEL0,260401,2026-04-01,2026-05-31,56,"2) 31 a 60 dias","7) $100.001 a $500.000",20,4206940.55,4206940.55,38,18,20,11,6,1,0,18,0,2,0,27
MEL0,260501,2026-05-01,2026-06-30,26,"1) 0 a 30 dias","1) MENOR A $5.000",2004,1340800.16,1340800.16,3130,601,2529,601,0,0,0,2529,0,0,0,0
MEL0,260501,2026-05-01,2026-06-30,26,"1) 0 a 30 dias","2) $5.001 a $10.000",1018,7920927.43,7920927.43,1511,331,1180,331,0,0,0,1180,0,0,0,0
MEL0,260501,2026-05-01,2026-06-30,26,"1) 0 a 30 dias","3) $10.001 a $20.000",5710,93645165.99,93645165.99,8676,2017,6659,2017,0,0,0,6659,0,0,0,0
MEL0,260501,2026-05-01,2026-06-30,26,"1) 0 a 30 dias","4) $20.001 a $35.000",8074,207336928.29,207336928.29,12715,3094,9621,3094,0,0,0,9621,0,0,0,0
MEL0,260501,2026-05-01,2026-06-30,26,"1) 0 a 30 dias","5) $35.001 a $50.000",5095,217481302.19,217481302.19,7667,2306,5361,2306,0,0,0,5361,0,0,0,0
MEL0,260501,2026-05-01,2026-06-30,26,"1) 0 a 30 dias","6) $50.001 a $100.000",40449,3054528288.19,3054528288.19,55316,19277,36039,19277,0,0,0,36039,0,0,0,0
MEL0,260501,2026-05-01,2026-06-30,26,"1) 0 a 30 dias","7) $100.001 a $500.000",18835,2155774833.70,2155774833.70,25144,8860,16284,8860,0,0,0,16284,0,0,0,0
MEL0,260501,2026-05-01,2026-06-30,26,"1) 0 a 30 dias","8) >$500.000",4,2344680.83,2344680.83,5,4,1,4,0,0,0,1,0,0,0,0
OEST,84,2023-01-04,2027-01-03,1239,"6) Mayor a 360 dias","1) MENOR A $5.000",1712,1054585.65,1054585.65,4374,1627,2747,1546,77,4,0,2747,0,0,0,110
OEST,84,2023-01-04,2027-01-03,1239,"6) Mayor a 360 dias","2) $5.001 a $10.000",35,216114.95,216114.95,76,33,43,7,26,0,0,43,0,0,0,31
OEST,84,2023-01-04,2027-01-03,1239,"6) Mayor a 360 dias","3) $10.001 a $20.000",8,111335.79,111335.79,18,10,8,2,8,0,0,8,0,0,0,14
OEST,84,2023-01-04,2027-01-03,1239,"6) Mayor a 360 dias","7) $100.001 a $500.000",1,212458.63,212458.63,13,7,6,1,2,4,0,0,6,0,0,37
OEST,86,2023-02-03,2027-02-02,1209,"6) Mayor a 360 dias","1) MENOR A $5.000",1449,862837.91,862837.91,3058,1133,1925,1115,17,1,0,1925,0,0,0,22
OEST,86,2023-02-03,2027-02-02,1209,"6) Mayor a 360 dias","2) $5.001 a $10.000",29,190279.10,190279.10,48,27,21,18,7,1,1,21,0,0,0,21
OEST,86,2023-02-03,2027-02-02,1209,"6) Mayor a 360 dias","3) $10.001 a $20.000",7,86682.51,86682.51,15,7,8,4,1,2,0,7,0,1,0,16
OEST,87,2023-02-03,2027-02-02,1209,"6) Mayor a 360 dias","1) MENOR A $5.000",514,307569.24,307569.24,1328,529,799,499,29,1,0,798,1,0,0,35
OEST,87,2023-02-03,2027-02-02,1209,"6) Mayor a 360 dias","2) $5.001 a $10.000",11,71610.83,71610.83,21,12,9,0,12,0,0,9,0,0,0,14
OEST,87,2023-02-03,2027-02-02,1209,"6) Mayor a 360 dias","3) $10.001 a $20.000",1,15313.41,15313.41,1,0,1,0,0,0,0,1,0,0,0,0
OEST,88,2023-03-03,2027-03-02,1181,"6) Mayor a 360 dias","1) MENOR A $5.000",284,385155.80,385155.80,430,151,279,136,15,0,0,279,0,0,0,19
OEST,88,2023-03-03,2027-03-02,1181,"6) Mayor a 360 dias","2) $5.001 a $10.000",27,189634.75,189634.75,104,30,74,7,22,1,0,74,0,0,0,36
OEST,88,2023-03-03,2027-03-02,1181,"6) Mayor a 360 dias","3) $10.001 a $20.000",7,87276.88,87276.88,9,5,4,0,5,0,0,4,0,0,0,7
OEST,88,2023-03-03,2027-03-02,1181,"6) Mayor a 360 dias","4) $20.001 a $35.000",1,33850.50,33850.50,4,1,3,0,1,0,0,3,0,0,0,1
OEST,89,2023-03-03,2027-03-02,1181,"6) Mayor a 360 dias","1) MENOR A $5.000",192,224734.80,224734.80,365,158,207,138,19,1,0,207,0,0,0,31
OEST,89,2023-03-03,2027-03-02,1181,"6) Mayor a 360 dias","2) $5.001 a $10.000",13,102008.73,102008.73,20,7,13,0,7,0,0,13,0,0,0,8
OEST,89,2023-03-03,2027-03-02,1181,"6) Mayor a 360 dias","3) $10.001 a $20.000",4,52875.63,52875.63,10,6,4,0,5,0,1,4,0,0,0,16
OEST,89,2023-03-03,2027-03-02,1181,"6) Mayor a 360 dias","4) $20.001 a $35.000",5,129147.17,129147.17,13,7,6,0,2,4,1,6,0,0,0,30
OEST,89,2023-03-03,2027-03-02,1181,"6) Mayor a 360 dias","5) $35.001 a $50.000",1,42454.45,42454.45,1,0,1,0,0,0,0,0,0,1,0,5
OEST,90,2023-04-04,2027-04-03,1149,"6) Mayor a 360 dias","1) MENOR A $5.000",414,445346.15,445346.15,751,271,480,251,20,0,0,479,1,0,0,23
OEST,90,2023-04-04,2027-04-03,1149,"6) Mayor a 360 dias","2) $5.001 a $10.000",24,162179.51,162179.51,52,19,33,3,15,1,0,33,0,0,0,21
OEST,90,2023-04-04,2027-04-03,1149,"6) Mayor a 360 dias","3) $10.001 a $20.000",7,95706.57,95706.57,10,5,5,1,4,0,0,5,0,0,0,5
OEST,90,2023-04-04,2027-04-03,1149,"6) Mayor a 360 dias","4) $20.001 a $35.000",5,128954.27,128954.27,6,4,2,1,3,0,0,2,0,0,0,4
OEST,90,2023-04-04,2027-04-03,1149,"6) Mayor a 360 dias","5) $35.001 a $50.000",1,43822.35,43822.35,1,0,1,0,0,0,0,1,0,0,0,0
OEST,91,2023-04-04,2027-04-03,1149,"6) Mayor a 360 dias","1) MENOR A $5.000",243,237774.59,237774.59,468,185,283,177,8,0,0,283,0,0,0,11
OEST,91,2023-04-04,2027-04-03,1149,"6) Mayor a 360 dias","2) $5.001 a $10.000",7,43250.87,43250.87,13,8,5,0,8,0,0,5,0,0,0,10
OEST,91,2023-04-04,2027-04-03,1149,"6) Mayor a 360 dias","3) $10.001 a $20.000",4,48514.99,48514.99,8,4,4,0,4,0,0,4,0,0,0,5
OEST,92,2023-05-03,2027-05-02,1120,"6) Mayor a 360 dias","1) MENOR A $5.000",404,443853.14,443853.14,667,304,363,276,28,0,0,363,0,0,0,32
OEST,92,2023-05-03,2027-05-02,1120,"6) Mayor a 360 dias","2) $5.001 a $10.000",26,173798.97,173798.97,36,17,19,0,17,0,0,19,0,0,0,19
OEST,92,2023-05-03,2027-05-02,1120,"6) Mayor a 360 dias","3) $10.001 a $20.000",5,63868.62,63868.62,5,3,2,0,3,0,0,2,0,0,0,3
OEST,92,2023-05-03,2027-05-02,1120,"6) Mayor a 360 dias","4) $20.001 a $35.000",1,31516.99,31516.99,1,0,1,0,0,0,0,1,0,0,0,0
OEST,92,2023-05-03,2027-05-02,1120,"6) Mayor a 360 dias","5) $35.001 a $50.000",1,42729.21,42729.21,1,1,0,0,0,1,0,0,0,0,0,4
OEST,93,2023-05-03,2027-05-02,1120,"6) Mayor a 360 dias","1) MENOR A $5.000",211,201802.57,201802.57,1676,638,1038,625,13,0,0,1038,0,0,0,16
OEST,93,2023-05-03,2027-05-02,1120,"6) Mayor a 360 dias","2) $5.001 a $10.000",11,70442.03,70442.03,30,14,16,1,13,0,0,16,0,0,0,14
OEST,93,2023-05-03,2027-05-02,1120,"6) Mayor a 360 dias","3) $10.001 a $20.000",1,10353.20,10353.20,1,0,1,0,0,0,0,1,0,0,0,0
OEST,94,2023-06-02,2027-06-01,1090,"6) Mayor a 360 dias","1) MENOR A $5.000",514,505400.34,505400.34,848,354,494,334,20,0,0,494,0,0,0,22
OEST,94,2023-06-02,2027-06-01,1090,"6) Mayor a 360 dias","2) $5.001 a $10.000",28,193408.22,193408.22,57,26,31,4,21,1,0,31,0,0,0,29
OEST,94,2023-06-02,2027-06-01,1090,"6) Mayor a 360 dias","3) $10.001 a $20.000",6,69725.87,69725.87,7,3,4,0,3,0,0,4,0,0,0,5
OEST,94,2023-06-02,2027-06-01,1090,"6) Mayor a 360 dias","5) $35.001 a $50.000",1,46358.50,46358.50,3,2,1,0,0,2,0,0,1,0,0,12
OEST,94,2023-06-02,2027-06-01,1090,"6) Mayor a 360 dias","6) $50.001 a $100.000",1,92844.48,92844.48,4,2,2,0,1,1,0,1,1,0,0,7
OEST,95,2023-06-02,2027-06-01,1090,"6) Mayor a 360 dias","1) MENOR A $5.000",222,192554.99,192554.99,452,216,236,206,9,1,0,236,0,0,0,14
OEST,95,2023-06-02,2027-06-01,1090,"6) Mayor a 360 dias","2) $5.001 a $10.000",8,50367.10,50367.10,14,6,8,0,6,0,0,8,0,0,0,7
OEST,95,2023-06-02,2027-06-01,1090,"6) Mayor a 360 dias","3) $10.001 a $20.000",3,42552.62,42552.62,4,1,3,0,0,1,0,3,0,0,0,4
OEST,95,2023-06-02,2027-06-01,1090,"6) Mayor a 360 dias","4) $20.001 a $35.000",1,32496.00,32496.00,1,0,1,0,0,0,0,1,0,0,0,0
OEST,96,2023-07-05,2027-07-04,1057,"6) Mayor a 360 dias","1) MENOR A $5.000",451,477354.17,477354.17,770,335,435,319,16,0,0,434,1,0,0,18
OEST,96,2023-07-05,2027-07-04,1057,"6) Mayor a 360 dias","2) $5.001 a $10.000",27,186079.92,186079.92,46,26,20,1,25,0,0,20,0,0,0,29
OEST,96,2023-07-05,2027-07-04,1057,"6) Mayor a 360 dias","3) $10.001 a $20.000",5,65233.23,65233.23,17,3,14,0,3,0,0,14,0,0,0,6
OEST,97,2023-07-05,2027-07-04,1057,"6) Mayor a 360 dias","1) MENOR A $5.000",193,169117.40,169117.40,351,172,179,164,8,0,0,179,0,0,0,9
OEST,97,2023-07-05,2027-07-04,1057,"6) Mayor a 360 dias","2) $5.001 a $10.000",6,42204.17,42204.17,16,11,5,0,11,0,0,5,0,0,0,13
OEST,97,2023-07-05,2027-07-04,1057,"6) Mayor a 360 dias","3) $10.001 a $20.000",2,24348.39,24348.39,3,0,3,0,0,0,0,3,0,0,0,0
OEST,98,2023-08-03,2027-08-02,1028,"6) Mayor a 360 dias","1) MENOR A $5.000",394,424492.49,424492.49,656,268,388,251,17,0,0,387,1,0,0,21
OEST,98,2023-08-03,2027-08-02,1028,"6) Mayor a 360 dias","2) $5.001 a $10.000",13,87548.53,87548.53,22,10,12,3,6,1,0,12,0,0,0,12
OEST,98,2023-08-03,2027-08-02,1028,"6) Mayor a 360 dias","3) $10.001 a $20.000",1,11037.15,11037.15,1,1,0,0,1,0,0,0,0,0,0,2
OEST,98,2023-08-03,2027-08-02,1028,"6) Mayor a 360 dias","5) $35.001 a $50.000",1,38867.00,38867.00,3,2,1,0,1,1,0,1,0,0,0,7
OEST,98,2023-08-03,2027-08-02,1028,"6) Mayor a 360 dias","7) $100.001 a $500.000",1,114094.79,114094.79,1,1,0,0,0,1,0,0,0,0,0,5
OEST,99,2023-08-03,2027-08-02,1028,"6) Mayor a 360 dias","1) MENOR A $5.000",253,220461.31,220461.31,478,235,243,228,7,0,0,243,0,0,0,8
OEST,99,2023-08-03,2027-08-02,1028,"6) Mayor a 360 dias","2) $5.001 a $10.000",7,40484.35,40484.35,18,12,6,3,9,0,0,6,0,0,0,9
OEST,99,2023-08-03,2027-08-02,1028,"6) Mayor a 360 dias","3) $10.001 a $20.000",1,17348.45,17348.45,4,2,2,0,2,0,0,2,0,0,0,4
OEST,99,2023-08-03,2027-08-02,1028,"6) Mayor a 360 dias","6) $50.001 a $100.000",1,60554.93,60554.93,0,0,0,0,0,0,0,0,0,0,0,0
OEST,100,2023-09-05,2027-09-04,995,"6) Mayor a 360 dias","1) MENOR A $5.000",487,540731.02,540731.02,770,303,467,283,20,0,0,467,0,0,0,22
OEST,100,2023-09-05,2027-09-04,995,"6) Mayor a 360 dias","2) $5.001 a $10.000",20,135666.51,135666.51,26,13,13,1,12,0,0,13,0,0,0,13
OEST,100,2023-09-05,2027-09-04,995,"6) Mayor a 360 dias","3) $10.001 a $20.000",7,88784.39,88784.39,11,6,5,0,6,0,0,5,0,0,0,7
OEST,101,2023-09-05,2027-09-04,995,"6) Mayor a 360 dias","1) MENOR A $5.000",200,157475.36,157475.36,373,181,192,172,8,1,0,192,0,0,0,13
OEST,101,2023-09-05,2027-09-04,995,"6) Mayor a 360 dias","2) $5.001 a $10.000",4,25894.07,25894.07,3,2,1,0,2,0,0,1,0,0,0,2
OEST,102,2023-10-04,2027-10-03,966,"6) Mayor a 360 dias","1) MENOR A $5.000",483,455033.51,455033.51,842,341,501,327,14,0,0,500,1,0,0,19
OEST,102,2023-10-04,2027-10-03,966,"6) Mayor a 360 dias","2) $5.001 a $10.000",17,119371.82,119371.82,21,7,14,1,6,0,0,14,0,0,0,7
OEST,102,2023-10-04,2027-10-03,966,"6) Mayor a 360 dias","3) $10.001 a $20.000",3,41946.00,41946.00,3,2,1,1,0,1,0,1,0,0,0,5
OEST,103,2023-10-04,2027-10-03,966,"6) Mayor a 360 dias","1) MENOR A $5.000",219,207914.15,207914.15,322,166,156,155,10,1,0,156,0,0,0,14
OEST,103,2023-10-04,2027-10-03,966,"6) Mayor a 360 dias","2) $5.001 a $10.000",8,49778.16,49778.16,11,5,6,0,5,0,0,6,0,0,0,5
OEST,103,2023-10-04,2027-10-03,966,"6) Mayor a 360 dias","4) $20.001 a $35.000",1,31763.69,31763.69,5,3,2,0,3,0,0,2,0,0,0,3
OEST,104,2023-11-02,2027-11-01,937,"6) Mayor a 360 dias","1) MENOR A $5.000",484,494921.92,494921.92,851,368,483,351,17,0,0,483,0,0,0,19
OEST,104,2023-11-02,2027-11-01,937,"6) Mayor a 360 dias","2) $5.001 a $10.000",20,134039.78,134039.78,43,19,24,0,19,0,0,24,0,0,0,24
OEST,104,2023-11-02,2027-11-01,937,"6) Mayor a 360 dias","3) $10.001 a $20.000",2,21198.99,21198.99,2,1,1,0,1,0,0,1,0,0,0,1
OEST,104,2023-11-02,2027-11-01,937,"6) Mayor a 360 dias","4) $20.001 a $35.000",3,85953.66,85953.66,3,3,0,0,3,0,0,0,0,0,0,3
OEST,105,2023-11-02,2027-11-01,937,"6) Mayor a 360 dias","1) MENOR A $5.000",188,160594.34,160594.34,622,214,408,209,5,0,0,408,0,0,0,6
OEST,105,2023-11-02,2027-11-01,937,"6) Mayor a 360 dias","2) $5.001 a $10.000",3,20061.88,20061.88,6,2,4,0,2,0,0,4,0,0,0,3
OEST,105,2023-11-02,2027-11-01,937,"6) Mayor a 360 dias","3) $10.001 a $20.000",2,25524.04,25524.04,7,4,3,0,4,0,0,3,0,0,0,5
OEST,105,2023-11-02,2027-11-01,937,"6) Mayor a 360 dias","4) $20.001 a $35.000",1,22252.32,22252.32,1,1,0,0,1,0,0,0,0,0,0,1
OEST,106,2023-12-05,2027-12-04,904,"6) Mayor a 360 dias","1) MENOR A $5.000",497,554408.96,554408.96,854,366,488,354,11,1,0,487,1,0,0,24
OEST,106,2023-12-05,2027-12-04,904,"6) Mayor a 360 dias","2) $5.001 a $10.000",28,198700.98,198700.98,66,27,39,3,24,0,0,39,0,0,0,32
OEST,106,2023-12-05,2027-12-04,904,"6) Mayor a 360 dias","3) $10.001 a $20.000",6,87029.06,87029.06,16,6,10,0,6,0,0,10,0,0,0,6
OEST,106,2023-12-05,2027-12-04,904,"6) Mayor a 360 dias","4) $20.001 a $35.000",1,32122.87,32122.87,1,1,0,0,0,1,0,0,0,0,0,4
OEST,107,2023-12-05,2027-12-04,904,"6) Mayor a 360 dias","1) MENOR A $5.000",196,175824.18,175824.18,303,132,171,127,5,0,0,170,1,0,0,7
OEST,107,2023-12-05,2027-12-04,904,"6) Mayor a 360 dias","2) $5.001 a $10.000",5,29993.47,29993.47,10,8,2,1,7,0,0,2,0,0,0,8
OEST,107,2023-12-05,2027-12-04,904,"6) Mayor a 360 dias","3) $10.001 a $20.000",1,10286.00,10286.00,3,3,0,0,3,0,0,0,0,0,0,3
OEST,107,2023-12-05,2027-12-04,904,"6) Mayor a 360 dias","4) $20.001 a $35.000",1,25143.50,25143.50,3,3,0,0,3,0,0,0,0,0,0,3
OEST,108,2024-01-03,2028-01-02,875,"6) Mayor a 360 dias","1) MENOR A $5.000",365,416218.07,416218.07,562,254,308,252,2,0,0,308,0,0,0,4
OEST,108,2024-01-03,2028-01-02,875,"6) Mayor a 360 dias","2) $5.001 a $10.000",22,155016.54,155016.54,37,16,21,15,1,0,0,21,0,0,0,1
OEST,108,2024-01-03,2028-01-02,875,"6) Mayor a 360 dias","3) $10.001 a $20.000",12,157568.77,157568.77,14,8,6,8,0,0,0,6,0,0,0,0
OEST,108,2024-01-03,2028-01-02,875,"6) Mayor a 360 dias","4) $20.001 a $35.000",3,70824.38,70824.38,3,2,1,2,0,0,0,1,0,0,0,0
OEST,109,2024-01-03,2028-01-02,875,"6) Mayor a 360 dias","1) MENOR A $5.000",162,156086.33,156086.33,908,230,678,229,1,0,0,678,0,0,0,1
OEST,109,2024-01-03,2028-01-02,875,"6) Mayor a 360 dias","2) $5.001 a $10.000",5,31269.07,31269.07,7,2,5,2,0,0,0,5,0,0,0,0
OEST,109,2024-01-03,2028-01-02,875,"6) Mayor a 360 dias","3) $10.001 a $20.000",1,14775.00,14775.00,2,1,1,1,0,0,0,1,0,0,0,0
OEST,110,2024-02-02,2028-02-01,845,"6) Mayor a 360 dias","1) MENOR A $5.000",583,689032.90,689032.90,990,425,565,403,22,0,0,564,1,0,0,27
OEST,110,2024-02-02,2028-02-01,845,"6) Mayor a 360 dias","2) $5.001 a $10.000",53,373779.68,373779.68,93,39,54,2,37,0,0,54,0,0,0,47
OEST,110,2024-02-02,2028-02-01,845,"6) Mayor a 360 dias","3) $10.001 a $20.000",17,243389.56,243389.56,27,9,18,1,8,0,0,18,0,0,0,11
OEST,110,2024-02-02,2028-02-01,845,"6) Mayor a 360 dias","4) $20.001 a $35.000",5,145005.54,145005.54,14,2,12,0,2,0,0,12,0,0,0,2
OEST,110,2024-02-02,2028-02-01,845,"6) Mayor a 360 dias","5) $35.001 a $50.000",1,36950.00,36950.00,1,1,0,0,1,0,0,0,0,0,0,1
OEST,110,2024-02-02,2028-02-01,845,"6) Mayor a 360 dias","6) $50.001 a $100.000",4,255390.52,255390.52,4,4,0,0,4,0,0,0,0,0,0,12
OEST,111,2024-02-02,2028-02-01,845,"6) Mayor a 360 dias","1) MENOR A $5.000",230,227786.68,227786.68,365,178,187,173,5,0,0,187,0,0,0,5
OEST,111,2024-02-02,2028-02-01,845,"6) Mayor a 360 dias","2) $5.001 a $10.000",13,88207.02,88207.02,28,20,8,2,17,1,0,8,0,0,0,25
OEST,111,2024-02-02,2028-02-01,845,"6) Mayor a 360 dias","3) $10.001 a $20.000",4,55875.59,55875.59,7,2,5,0,2,0,0,5,0,0,0,2
OEST,111,2024-02-02,2028-02-01,845,"6) Mayor a 360 dias","4) $20.001 a $35.000",1,22677.04,22677.04,1,0,1,0,0,0,0,1,0,0,0,0
OEST,111,2024-02-02,2028-02-01,845,"6) Mayor a 360 dias","6) $50.001 a $100.000",1,59197.66,59197.66,3,2,1,0,1,0,1,1,0,0,0,10
OEST,111,2024-02-02,2028-02-01,845,"6) Mayor a 360 dias","7) $100.001 a $500.000",3,388314.90,388314.90,2,1,1,0,1,0,0,1,0,0,0,3
OEST,112,2024-03-05,2028-03-04,813,"6) Mayor a 360 dias","1) MENOR A $5.000",521,601833.04,601833.04,948,329,619,320,8,1,0,619,0,0,0,14
OEST,112,2024-03-05,2028-03-04,813,"6) Mayor a 360 dias","2) $5.001 a $10.000",39,276823.29,276823.29,65,24,41,0,24,0,0,41,0,0,0,26
OEST,112,2024-03-05,2028-03-04,813,"6) Mayor a 360 dias","3) $10.001 a $20.000",21,288784.00,288784.00,34,14,20,2,12,0,0,20,0,0,0,15
OEST,112,2024-03-05,2028-03-04,813,"6) Mayor a 360 dias","4) $20.001 a $35.000",6,155441.69,155441.69,8,4,4,0,4,0,0,4,0,0,0,5
OEST,113,2024-03-05,2028-03-04,813,"6) Mayor a 360 dias","1) MENOR A $5.000",223,209553.50,209553.50,394,161,233,157,4,0,0,232,1,0,0,6
OEST,113,2024-03-05,2028-03-04,813,"6) Mayor a 360 dias","2) $5.001 a $10.000",15,104572.78,104572.78,22,9,13,1,8,0,0,13,0,0,0,9
OEST,113,2024-03-05,2028-03-04,813,"6) Mayor a 360 dias","3) $10.001 a $20.000",7,90152.45,90152.45,8,5,3,1,4,0,0,3,0,0,0,5
OEST,113,2024-03-05,2028-03-04,813,"6) Mayor a 360 dias","4) $20.001 a $35.000",2,55363.39,55363.39,3,2,1,0,2,0,0,1,0,0,0,2
OEST,114,2024-04-04,2028-04-03,783,"6) Mayor a 360 dias","1) MENOR A $5.000",523,727462.02,727462.02,904,315,589,301,14,0,0,589,0,0,0,18
OEST,114,2024-04-04,2028-04-03,783,"6) Mayor a 360 dias","2) $5.001 a $10.000",56,390156.05,390156.05,83,38,45,0,38,0,0,45,0,0,0,42
OEST,114,2024-04-04,2028-04-03,783,"6) Mayor a 360 dias","3) $10.001 a $20.000",26,376602.37,376602.37,53,25,28,2,23,0,0,28,0,0,0,28
OEST,114,2024-04-04,2028-04-03,783,"6) Mayor a 360 dias","4) $20.001 a $35.000",6,145297.85,145297.85,9,3,6,0,3,0,0,6,0,0,0,3
OEST,114,2024-04-04,2028-04-03,783,"6) Mayor a 360 dias","5) $35.001 a $50.000",2,75073.71,75073.71,3,2,1,0,2,0,0,1,0,0,0,2
OEST,114,2024-04-04,2028-04-03,783,"6) Mayor a 360 dias","6) $50.001 a $100.000",2,127325.20,127325.20,3,1,2,0,0,1,0,2,0,0,0,4
OEST,115,2024-04-04,2028-04-03,783,"6) Mayor a 360 dias","1) MENOR A $5.000",2092,1951016.76,1951016.76,3785,1219,2566,1151,68,0,0,2566,0,0,0,76
OEST,115,2024-04-04,2028-04-03,783,"6) Mayor a 360 dias","2) $5.001 a $10.000",45,317947.88,317947.88,87,34,53,2,32,0,0,53,0,0,0,35
OEST,115,2024-04-04,2028-04-03,783,"6) Mayor a 360 dias","3) $10.001 a $20.000",13,186508.78,186508.78,17,5,12,0,5,0,0,12,0,0,0,6
OEST,115,2024-04-04,2028-04-03,783,"6) Mayor a 360 dias","4) $20.001 a $35.000",3,69305.50,69305.50,3,1,2,0,1,0,0,2,0,0,0,1
OEST,115,2024-04-04,2028-04-03,783,"6) Mayor a 360 dias","5) $35.001 a $50.000",1,35100.00,35100.00,1,1,0,0,1,0,0,0,0,0,0,1
OEST,115,2024-04-04,2028-04-03,783,"6) Mayor a 360 dias","6) $50.001 a $100.000",2,121010.04,121010.04,3,1,2,0,0,1,0,2,0,0,0,5
OEST,116,2024-05-03,2028-05-02,754,"6) Mayor a 360 dias","1) MENOR A $5.000",999,1021569.58,1021569.58,1705,559,1146,551,8,0,0,1144,2,0,0,13
OEST,116,2024-05-03,2028-05-02,754,"6) Mayor a 360 dias","2) $5.001 a $10.000",53,369236.18,369236.18,90,39,51,16,23,0,0,49,2,0,0,50
OEST,116,2024-05-03,2028-05-02,754,"6) Mayor a 360 dias","3) $10.001 a $20.000",39,551743.54,551743.54,76,30,46,21,8,1,0,45,1,0,0,27
OEST,116,2024-05-03,2028-05-02,754,"6) Mayor a 360 dias","4) $20.001 a $35.000",14,359855.01,359855.01,31,13,18,12,1,0,0,18,0,0,0,1
OEST,116,2024-05-03,2028-05-02,754,"6) Mayor a 360 dias","5) $35.001 a $50.000",1,35864.46,35864.46,1,1,0,1,0,0,0,0,0,0,0,0
OEST,117,2024-05-06,2028-05-05,751,"6) Mayor a 360 dias","1) MENOR A $5.000",398,356867.90,356867.90,637,253,384,244,9,0,0,381,3,0,0,21
OEST,117,2024-05-06,2028-05-05,751,"6) Mayor a 360 dias","2) $5.001 a $10.000",10,61409.96,61409.96,18,7,11,1,6,0,0,8,3,0,0,16
OEST,117,2024-05-06,2028-05-05,751,"6) Mayor a 360 dias","3) $10.001 a $20.000",10,135962.58,135962.58,13,5,8,1,4,0,0,8,0,0,0,11
OEST,117,2024-05-06,2028-05-05,751,"6) Mayor a 360 dias","4) $20.001 a $35.000",3,78212.94,78212.94,5,1,4,0,1,0,0,4,0,0,0,3
OEST,117,2024-05-06,2028-05-05,751,"6) Mayor a 360 dias","7) $100.001 a $500.000",1,258800.00,258800.00,1,0,1,0,0,0,0,1,0,0,0,0
OEST,118,2024-06-04,2028-06-03,722,"6) Mayor a 360 dias","1) MENOR A $5.000",552,752001.84,752001.84,1002,361,641,353,7,1,0,641,0,0,0,11
OEST,118,2024-06-04,2028-06-03,722,"6) Mayor a 360 dias","2) $5.001 a $10.000",54,370400.55,370400.55,79,26,53,4,17,5,0,49,2,2,0,60
OEST,118,2024-06-04,2028-06-03,722,"6) Mayor a 360 dias","3) $10.001 a $20.000",34,455969.20,455969.20,55,24,31,4,13,7,0,30,1,0,0,44
OEST,118,2024-06-04,2028-06-03,722,"6) Mayor a 360 dias","4) $20.001 a $35.000",10,254256.03,254256.03,15,8,7,3,5,0,0,7,0,0,0,5
OEST,118,2024-06-04,2028-06-03,722,"6) Mayor a 360 dias","5) $35.001 a $50.000",2,80830.26,80830.26,5,1,4,1,0,0,0,4,0,0,0,0
OEST,118,2024-06-04,2028-06-03,722,"6) Mayor a 360 dias","6) $50.001 a $100.000",1,55400.00,55400.00,4,2,2,0,2,0,0,2,0,0,0,6
OEST,119,2024-06-04,2028-06-03,722,"6) Mayor a 360 dias","1) MENOR A $5.000",172,233000.46,233000.46,912,207,705,205,2,0,0,704,1,0,0,5
OEST,119,2024-06-04,2028-06-03,722,"6) Mayor a 360 dias","2) $5.001 a $10.000",18,127323.08,127323.08,28,13,15,4,8,1,0,14,1,0,0,22
OEST,119,2024-06-04,2028-06-03,722,"6) Mayor a 360 dias","3) $10.001 a $20.000",9,114160.78,114160.78,329,50,279,44,5,1,0,277,1,1,0,18
OEST,119,2024-06-04,2028-06-03,722,"6) Mayor a 360 dias","4) $20.001 a $35.000",1,20931.75,20931.75,1,1,0,0,1,0,0,0,0,0,0,2
OEST,119,2024-06-04,2028-06-03,722,"6) Mayor a 360 dias","7) $100.001 a $500.000",1,439700.00,439700.00,6,2,4,0,2,0,0,3,1,0,0,4
OEST,120,2024-07-02,2026-07-02,694,"6) Mayor a 360 dias","1) MENOR A $5.000",509,770492.16,770492.16,881,301,580,296,5,0,0,580,0,0,0,5
OEST,120,2024-07-02,2026-07-02,694,"6) Mayor a 360 dias","2) $5.001 a $10.000",49,339853.67,339853.67,74,34,40,7,17,10,0,40,0,0,0,63
OEST,120,2024-07-02,2026-07-02,694,"6) Mayor a 360 dias","3) $10.001 a $20.000",46,631386.16,631386.16,73,38,35,7,27,4,0,35,0,0,0,52
OEST,120,2024-07-02,2026-07-02,694,"6) Mayor a 360 dias","4) $20.001 a $35.000",14,380268.48,380268.48,23,12,11,5,6,1,0,10,0,1,0,17
OEST,120,2024-07-02,2026-07-02,694,"6) Mayor a 360 dias","5) $35.001 a $50.000",2,74909.56,74909.56,2,1,1,0,1,0,0,1,0,0,0,1
OEST,120,2024-07-02,2026-07-02,694,"6) Mayor a 360 dias","6) $50.001 a $100.000",3,176722.41,176722.41,6,3,3,0,3,0,0,3,0,0,0,8
OEST,121,2024-07-02,2026-07-02,694,"6) Mayor a 360 dias","1) MENOR A $5.000",119,168128.95,168128.95,495,119,376,118,1,0,0,376,0,0,0,1
OEST,121,2024-07-02,2026-07-02,694,"6) Mayor a 360 dias","2) $5.001 a $10.000",14,101615.53,101615.53,20,8,12,2,6,0,0,12,0,0,0,12
OEST,121,2024-07-02,2026-07-02,694,"6) Mayor a 360 dias","3) $10.001 a $20.000",4,52590.00,52590.00,5,1,4,0,1,0,0,4,0,0,0,1
OEST,121,2024-07-02,2026-07-02,694,"6) Mayor a 360 dias","4) $20.001 a $35.000",2,66083.54,66083.54,13,5,8,1,4,0,0,8,0,0,0,7
OEST,121,2024-07-02,2026-07-02,694,"6) Mayor a 360 dias","5) $35.001 a $50.000",2,78023.50,78023.50,5,4,1,0,4,0,0,1,0,0,0,5
OEST,122,2024-08-02,2026-08-02,663,"6) Mayor a 360 dias","1) MENOR A $5.000",1054,1463467.25,1463467.25,1730,646,1084,628,12,6,0,1082,2,0,0,46
OEST,122,2024-08-02,2026-08-02,663,"6) Mayor a 360 dias","2) $5.001 a $10.000",119,806188.84,806188.84,191,84,107,23,50,11,0,102,3,2,0,125
OEST,122,2024-08-02,2026-08-02,663,"6) Mayor a 360 dias","3) $10.001 a $20.000",72,1057050.21,1057050.21,114,52,62,12,26,14,0,61,1,0,0,103
OEST,122,2024-08-02,2026-08-02,663,"6) Mayor a 360 dias","4) $20.001 a $35.000",26,633174.55,633174.55,39,20,19,5,9,6,0,18,0,1,0,44
OEST,122,2024-08-02,2026-08-02,663,"6) Mayor a 360 dias","5) $35.001 a $50.000",5,197619.35,197619.35,11,3,8,2,1,0,0,8,0,0,0,1
OEST,122,2024-08-02,2026-08-02,663,"6) Mayor a 360 dias","6) $50.001 a $100.000",2,167695.87,167695.87,2,2,0,0,0,2,0,0,0,0,0,8
OEST,122,2024-08-02,2026-08-02,663,"6) Mayor a 360 dias","7) $100.001 a $500.000",2,246705.79,246705.79,7,4,3,0,3,1,0,3,0,0,0,10
OEST,123,2024-08-02,2026-08-02,663,"6) Mayor a 360 dias","1) MENOR A $5.000",165,241585.19,241585.19,594,166,428,162,3,1,0,428,0,0,0,8
OEST,123,2024-08-02,2026-08-02,663,"6) Mayor a 360 dias","2) $5.001 a $10.000",14,97065.51,97065.51,24,12,12,2,9,1,0,12,0,0,0,25
OEST,123,2024-08-02,2026-08-02,663,"6) Mayor a 360 dias","3) $10.001 a $20.000",9,125896.80,125896.80,11,5,6,0,4,1,0,6,0,0,0,10
OEST,123,2024-08-02,2026-08-02,663,"6) Mayor a 360 dias","4) $20.001 a $35.000",3,77941.36,77941.36,321,46,275,43,3,0,0,275,0,0,0,3
OEST,123,2024-08-02,2026-08-02,663,"6) Mayor a 360 dias","5) $35.001 a $50.000",2,82671.65,82671.65,6,3,3,2,1,0,0,3,0,0,0,1
OEST,123,2024-08-02,2026-08-02,663,"6) Mayor a 360 dias","6) $50.001 a $100.000",1,60896.59,60896.59,9,6,3,2,2,2,0,3,0,0,0,16
OEST,124,2024-09-03,2026-09-03,631,"6) Mayor a 360 dias","1) MENOR A $5.000",849,1211964.11,1211964.11,1501,552,949,544,8,0,0,948,1,0,0,11
OEST,124,2024-09-03,2026-09-03,631,"6) Mayor a 360 dias","2) $5.001 a $10.000",77,548215.70,548215.70,138,63,75,16,37,10,0,71,4,0,0,105
OEST,124,2024-09-03,2026-09-03,631,"6) Mayor a 360 dias","3) $10.001 a $20.000",54,763127.91,763127.91,119,50,69,18,21,11,0,69,0,0,0,69
OEST,124,2024-09-03,2026-09-03,631,"6) Mayor a 360 dias","4) $20.001 a $35.000",29,759998.45,759998.45,50,25,25,7,10,8,0,23,0,2,0,55
OEST,124,2024-09-03,2026-09-03,631,"6) Mayor a 360 dias","5) $35.001 a $50.000",4,149487.77,149487.77,7,4,3,2,2,0,0,3,0,0,0,4
OEST,124,2024-09-03,2026-09-03,631,"6) Mayor a 360 dias","6) $50.001 a $100.000",2,125112.27,125112.27,3,2,1,2,0,0,0,0,1,0,0,1
OEST,124,2024-09-03,2026-09-03,631,"6) Mayor a 360 dias","7) $100.001 a $500.000",1,101060.99,101060.99,3,2,1,0,0,2,0,1,0,0,0,11
OEST,125,2024-09-03,2026-09-03,631,"6) Mayor a 360 dias","1) MENOR A $5.000",163,253737.50,253737.50,271,121,150,119,2,0,0,150,0,0,0,3
OEST,125,2024-09-03,2026-09-03,631,"6) Mayor a 360 dias","2) $5.001 a $10.000",10,77825.34,77825.34,28,15,13,4,8,3,0,13,0,0,0,22
OEST,125,2024-09-03,2026-09-03,631,"6) Mayor a 360 dias","3) $10.001 a $20.000",7,92452.00,92452.00,12,6,6,1,5,0,0,6,0,0,0,9
OEST,125,2024-09-03,2026-09-03,631,"6) Mayor a 360 dias","4) $20.001 a $35.000",7,163347.73,163347.73,325,46,279,43,2,1,0,279,0,0,0,8
OEST,125,2024-09-03,2026-09-03,631,"6) Mayor a 360 dias","5) $35.001 a $50.000",1,41281.56,41281.56,1,1,0,1,0,0,0,0,0,0,0,0
OEST,125,2024-09-03,2026-09-03,631,"6) Mayor a 360 dias","6) $50.001 a $100.000",1,50082.26,50082.26,2,2,0,0,1,1,0,0,0,0,0,7
OEST,126,2024-10-02,2026-10-02,602,"6) Mayor a 360 dias","1) MENOR A $5.000",879,1336996.29,1336996.29,1502,575,927,571,4,0,0,927,0,0,0,4
OEST,126,2024-10-02,2026-10-02,602,"6) Mayor a 360 dias","2) $5.001 a $10.000",97,699184.98,699184.98,163,67,96,27,29,11,0,87,6,3,0,110
OEST,126,2024-10-02,2026-10-02,602,"6) Mayor a 360 dias","3) $10.001 a $20.000",56,799756.57,799756.57,98,37,61,10,18,9,0,59,1,1,0,72
OEST,126,2024-10-02,2026-10-02,602,"6) Mayor a 360 dias","4) $20.001 a $35.000",21,543774.41,543774.41,31,13,18,2,6,5,0,18,0,0,0,30
OEST,126,2024-10-02,2026-10-02,602,"6) Mayor a 360 dias","5) $35.001 a $50.000",13,561557.42,561557.42,20,11,9,4,6,1,0,9,0,0,0,10
OEST,126,2024-10-02,2026-10-02,602,"6) Mayor a 360 dias","6) $50.001 a $100.000",3,219116.62,219116.62,9,6,3,1,3,2,0,3,0,0,0,16
OEST,126,2024-10-02,2026-10-02,602,"6) Mayor a 360 dias","7) $100.001 a $500.000",2,275777.12,275777.12,4,2,2,1,1,0,0,2,0,0,0,2
OEST,127,2024-10-02,2026-10-02,602,"6) Mayor a 360 dias","1) MENOR A $5.000",166,250791.11,250791.11,289,108,181,106,2,0,0,181,0,0,0,4
OEST,127,2024-10-02,2026-10-02,602,"6) Mayor a 360 dias","2) $5.001 a $10.000",24,183124.55,183124.55,34,17,17,7,9,1,0,17,0,0,0,21
OEST,127,2024-10-02,2026-10-02,602,"6) Mayor a 360 dias","3) $10.001 a $20.000",5,73223.54,73223.54,10,6,4,1,5,0,0,3,1,0,0,9
OEST,127,2024-10-02,2026-10-02,602,"6) Mayor a 360 dias","4) $20.001 a $35.000",7,156958.20,156958.20,9,6,3,0,5,1,0,3,0,0,0,12
OEST,127,2024-10-02,2026-10-02,602,"6) Mayor a 360 dias","5) $35.001 a $50.000",1,46404.34,46404.34,1,0,1,0,0,0,0,1,0,0,0,0
OEST,127,2024-10-02,2026-10-02,602,"6) Mayor a 360 dias","6) $50.001 a $100.000",2,147129.30,147129.30,2,1,1,0,1,0,0,1,0,0,0,2
OEST,128,2024-11-01,2026-11-01,572,"6) Mayor a 360 dias","1) MENOR A $5.000",795,1287588.95,1287588.95,1376,552,824,547,5,0,0,824,0,0,0,8
OEST,128,2024-11-01,2026-11-01,572,"6) Mayor a 360 dias","2) $5.001 a $10.000",95,652455.65,652455.65,149,62,87,29,28,5,0,86,1,0,0,62
OEST,128,2024-11-01,2026-11-01,572,"6) Mayor a 360 dias","3) $10.001 a $20.000",73,1069413.26,1069413.26,107,45,62,14,21,10,0,62,0,0,0,77
OEST,128,2024-11-01,2026-11-01,572,"6) Mayor a 360 dias","4) $20.001 a $35.000",37,956362.06,956362.06,62,32,30,12,13,7,0,29,0,1,0,51
OEST,128,2024-11-01,2026-11-01,572,"6) Mayor a 360 dias","5) $35.001 a $50.000",11,461742.38,461742.38,15,8,7,3,4,1,0,7,0,0,0,10
OEST,128,2024-11-01,2026-11-01,572,"6) Mayor a 360 dias","6) $50.001 a $100.000",7,409500.18,409500.18,9,3,6,0,2,1,0,6,0,0,0,7
OEST,128,2024-11-01,2026-11-01,572,"6) Mayor a 360 dias","7) $100.001 a $500.000",3,520055.77,520055.77,4,2,2,0,1,1,0,2,0,0,0,8
OEST,129,2024-11-01,2026-11-01,572,"6) Mayor a 360 dias","1) MENOR A $5.000",147,222642.61,222642.61,240,105,135,105,0,0,0,135,0,0,0,0
OEST,129,2024-11-01,2026-11-01,572,"6) Mayor a 360 dias","2) $5.001 a $10.000",23,145927.39,145927.39,34,15,19,8,6,1,0,16,3,0,0,20
OEST,129,2024-11-01,2026-11-01,572,"6) Mayor a 360 dias","3) $10.001 a $20.000",18,269291.36,269291.36,31,12,19,4,6,2,0,18,1,0,0,21
OEST,129,2024-11-01,2026-11-01,572,"6) Mayor a 360 dias","4) $20.001 a $35.000",5,126353.60,126353.60,9,3,6,0,1,2,0,5,1,0,0,12
OEST,129,2024-11-01,2026-11-01,572,"6) Mayor a 360 dias","6) $50.001 a $100.000",1,50487.47,50487.47,1,0,1,0,0,0,0,1,0,0,0,0
OEST,129,2024-11-01,2026-11-01,572,"6) Mayor a 360 dias","7) $100.001 a $500.000",1,254542.88,254542.88,2,2,0,0,0,2,0,0,0,0,0,9
OEST,130,2024-12-02,2026-12-02,541,"6) Mayor a 360 dias","1) MENOR A $5.000",664,1139227.30,1139227.30,1099,441,658,433,8,0,0,658,0,0,0,10
OEST,130,2024-12-02,2026-12-02,541,"6) Mayor a 360 dias","2) $5.001 a $10.000",84,584036.45,584036.45,129,55,74,21,20,14,0,72,2,0,0,95
OEST,130,2024-12-02,2026-12-02,541,"6) Mayor a 360 dias","3) $10.001 a $20.000",64,947871.82,947871.82,93,43,50,14,19,10,0,49,1,0,0,69
OEST,130,2024-12-02,2026-12-02,541,"6) Mayor a 360 dias","4) $20.001 a $35.000",25,633583.52,633583.52,46,17,29,3,10,4,0,26,0,3,0,47
OEST,130,2024-12-02,2026-12-02,541,"6) Mayor a 360 dias","5) $35.001 a $50.000",9,362505.90,362505.90,16,8,8,3,1,3,1,8,0,0,0,22
OEST,130,2024-12-02,2026-12-02,541,"6) Mayor a 360 dias","6) $50.001 a $100.000",10,610656.71,610656.71,11,8,3,4,3,1,0,3,0,0,0,13
OEST,130,2024-12-02,2026-12-02,541,"6) Mayor a 360 dias","7) $100.001 a $500.000",2,493529.85,493529.85,2,1,1,1,0,0,0,1,0,0,0,0
OEST,131,2024-12-02,2026-12-02,541,"6) Mayor a 360 dias","1) MENOR A $5.000",132,191567.83,191567.83,213,86,127,85,1,0,0,127,0,0,0,1
OEST,131,2024-12-02,2026-12-02,541,"6) Mayor a 360 dias","2) $5.001 a $10.000",9,63602.18,63602.18,316,41,275,37,4,0,0,275,0,0,0,8
OEST,131,2024-12-02,2026-12-02,541,"6) Mayor a 360 dias","3) $10.001 a $20.000",5,71585.36,71585.36,5,1,4,1,0,0,0,4,0,0,0,0
OEST,131,2024-12-02,2026-12-02,541,"6) Mayor a 360 dias","4) $20.001 a $35.000",3,76721.76,76721.76,3,2,1,0,2,0,0,1,0,0,0,4
OEST,131,2024-12-02,2026-12-02,541,"6) Mayor a 360 dias","5) $35.001 a $50.000",1,38824.89,38824.89,6,1,5,0,1,0,0,4,1,0,0,4
OEST,131,2024-12-02,2026-12-02,541,"6) Mayor a 360 dias","6) $50.001 a $100.000",1,57497.03,57497.03,2,1,1,0,1,0,0,0,1,0,0,4
OEST,133,2025-01-06,2027-01-06,506,"6) Mayor a 360 dias","1) MENOR A $5.000",100,179980.80,179980.80,169,64,105,64,0,0,0,105,0,0,0,0
OEST,133,2025-01-06,2027-01-06,506,"6) Mayor a 360 dias","2) $5.001 a $10.000",21,157313.08,157313.08,31,13,18,5,6,2,0,18,0,0,0,19
OEST,133,2025-01-06,2027-01-06,506,"6) Mayor a 360 dias","3) $10.001 a $20.000",9,131337.02,131337.02,14,9,5,0,8,1,0,5,0,0,0,17
OEST,133,2025-01-06,2027-01-06,506,"6) Mayor a 360 dias","4) $20.001 a $35.000",7,192146.47,192146.47,9,7,2,1,3,3,0,2,0,0,0,24
OEST,133,2025-01-06,2027-01-06,506,"6) Mayor a 360 dias","5) $35.001 a $50.000",3,130310.00,130310.00,3,1,2,0,0,1,0,2,0,0,0,5
OEST,133,2025-01-06,2027-01-06,506,"6) Mayor a 360 dias","6) $50.001 a $100.000",3,168746.78,168746.78,7,4,3,0,1,2,1,3,0,0,0,19
OEST,133,2025-01-06,2027-01-06,506,"6) Mayor a 360 dias","7) $100.001 a $500.000",1,167096.30,167096.30,0,0,0,0,0,0,0,0,0,0,0,0
OEST,135,2025-01-06,2027-01-06,506,"6) Mayor a 360 dias","1) MENOR A $5.000",65,141265.76,141265.76,115,39,76,39,0,0,0,76,0,0,0,0
OEST,135,2025-01-06,2027-01-06,506,"6) Mayor a 360 dias","2) $5.001 a $10.000",12,98353.58,98353.58,17,4,13,3,1,0,0,13,0,0,0,2
OEST,135,2025-01-06,2027-01-06,506,"6) Mayor a 360 dias","3) $10.001 a $20.000",15,229626.41,229626.41,20,10,10,6,3,1,0,10,0,0,0,8
OEST,135,2025-01-06,2027-01-06,506,"6) Mayor a 360 dias","4) $20.001 a $35.000",13,329647.65,329647.65,54,15,39,10,5,0,0,39,0,0,0,5
OEST,135,2025-01-06,2027-01-06,506,"6) Mayor a 360 dias","5) $35.001 a $50.000",5,207600.00,207600.00,9,2,7,0,1,1,0,7,0,0,0,7
OEST,135,2025-01-06,2027-01-06,506,"6) Mayor a 360 dias","6) $50.001 a $100.000",1,53900.00,53900.00,3,2,1,0,1,0,1,1,0,0,0,10
OEST,135,2025-01-06,2027-01-06,506,"6) Mayor a 360 dias","7) $100.001 a $500.000",1,125200.00,125200.00,1,1,0,0,1,0,0,0,0,0,0,2
OEST,136,2025-02-04,2027-02-04,477,"6) Mayor a 360 dias","1) MENOR A $5.000",1573,3107283.82,3107283.82,2647,1065,1582,1055,9,1,0,1582,0,0,0,14
OEST,136,2025-02-04,2027-02-04,477,"6) Mayor a 360 dias","2) $5.001 a $10.000",263,1855140.90,1855140.90,437,184,253,82,73,29,0,250,1,2,0,226
OEST,136,2025-02-04,2027-02-04,477,"6) Mayor a 360 dias","3) $10.001 a $20.000",178,2589832.95,2589832.95,304,132,172,38,68,25,1,163,7,2,0,231
OEST,136,2025-02-04,2027-02-04,477,"6) Mayor a 360 dias","4) $20.001 a $35.000",119,3164956.03,3164956.03,181,92,89,32,33,27,0,86,3,0,0,181
OEST,136,2025-02-04,2027-02-04,477,"6) Mayor a 360 dias","5) $35.001 a $50.000",66,2780768.33,2780768.33,97,43,54,2,15,12,14,50,1,1,2,233
OEST,136,2025-02-04,2027-02-04,477,"6) Mayor a 360 dias","6) $50.001 a $100.000",72,4923007.67,4923007.67,105,58,47,1,20,22,15,43,1,3,0,307
OEST,136,2025-02-04,2027-02-04,477,"6) Mayor a 360 dias","7) $100.001 a $500.000",19,3353392.25,3353392.25,32,19,13,2,7,6,4,11,1,1,0,90
OEST,137,2025-02-04,2027-02-04,477,"6) Mayor a 360 dias","1) MENOR A $5.000",182,324013.58,324013.58,276,125,151,123,2,0,0,151,0,0,0,2
OEST,137,2025-02-04,2027-02-04,477,"6) Mayor a 360 dias","2) $5.001 a $10.000",24,173210.95,173210.95,41,19,22,12,6,1,0,20,2,0,0,21
OEST,137,2025-02-04,2027-02-04,477,"6) Mayor a 360 dias","3) $10.001 a $20.000",17,245094.66,245094.66,23,12,11,5,6,1,0,9,1,1,0,22
OEST,137,2025-02-04,2027-02-04,477,"6) Mayor a 360 dias","4) $20.001 a $35.000",13,334547.18,334547.18,21,12,9,1,6,5,0,9,0,0,0,35
OEST,137,2025-02-04,2027-02-04,477,"6) Mayor a 360 dias","5) $35.001 a $50.000",1,47517.12,47517.12,2,2,0,0,0,0,2,0,0,0,0,15
OEST,137,2025-02-04,2027-02-04,477,"6) Mayor a 360 dias","6) $50.001 a $100.000",3,244853.11,244853.11,3,3,0,0,0,2,1,0,0,0,0,19
OEST,137,2025-02-04,2027-02-04,477,"6) Mayor a 360 dias","7) $100.001 a $500.000",2,306035.90,306035.90,3,3,0,0,0,2,1,0,0,0,0,17
OEST,138,2025-03-06,2027-03-06,447,"6) Mayor a 360 dias","1) MENOR A $5.000",932,1848506.10,1848506.10,1711,596,1115,591,5,0,0,1114,1,0,0,7
OEST,138,2025-03-06,2027-03-06,447,"6) Mayor a 360 dias","2) $5.001 a $10.000",165,1172867.85,1172867.85,248,111,137,58,35,17,1,134,2,1,0,133
OEST,138,2025-03-06,2027-03-06,447,"6) Mayor a 360 dias","3) $10.001 a $20.000",99,1436435.76,1436435.76,147,65,82,21,28,16,0,79,3,0,0,112
OEST,138,2025-03-06,2027-03-06,447,"6) Mayor a 360 dias","4) $20.001 a $35.000",80,2119555.94,2119555.94,127,61,66,22,25,14,0,66,0,0,0,89
OEST,138,2025-03-06,2027-03-06,447,"6) Mayor a 360 dias","5) $35.001 a $50.000",36,1490975.55,1490975.55,64,30,34,3,17,5,5,34,0,0,0,105
OEST,138,2025-03-06,2027-03-06,447,"6) Mayor a 360 dias","6) $50.001 a $100.000",38,2676060.85,2676060.85,60,33,27,1,8,17,7,27,0,0,0,166
OEST,138,2025-03-06,2027-03-06,447,"6) Mayor a 360 dias","7) $100.001 a $500.000",4,537719.42,537719.42,7,4,3,0,1,2,1,3,0,0,0,20
OEST,139,2025-03-06,2027-03-06,447,"6) Mayor a 360 dias","1) MENOR A $5.000",170,334380.21,334380.21,273,120,153,119,1,0,0,151,2,0,0,4
OEST,139,2025-03-06,2027-03-06,447,"6) Mayor a 360 dias","2) $5.001 a $10.000",28,198066.85,198066.85,48,24,24,9,14,1,0,20,4,0,0,37
OEST,139,2025-03-06,2027-03-06,447,"6) Mayor a 360 dias","3) $10.001 a $20.000",14,199126.40,199126.40,17,9,8,3,3,3,0,7,1,0,0,20
OEST,139,2025-03-06,2027-03-06,447,"6) Mayor a 360 dias","4) $20.001 a $35.000",12,323389.83,323389.83,18,7,11,0,4,3,0,9,1,1,0,28
OEST,139,2025-03-06,2027-03-06,447,"6) Mayor a 360 dias","5) $35.001 a $50.000",6,264501.86,264501.86,9,3,6,0,1,2,0,6,0,0,0,12
OEST,139,2025-03-06,2027-03-06,447,"6) Mayor a 360 dias","6) $50.001 a $100.000",5,292258.88,292258.88,7,3,4,0,1,1,1,4,0,0,0,15
OEST,139,2025-03-06,2027-03-06,447,"6) Mayor a 360 dias","7) $100.001 a $500.000",4,464905.23,464905.23,5,3,2,0,1,2,0,2,0,0,0,11
OEST,140,2025-04-04,2027-04-04,418,"6) Mayor a 360 dias","1) MENOR A $5.000",788,1692185.58,1692185.58,1285,507,778,503,3,1,0,778,0,0,0,7
OEST,140,2025-04-04,2027-04-04,418,"6) Mayor a 360 dias","2) $5.001 a $10.000",170,1185506.21,1185506.21,278,121,157,49,18,39,15,150,1,6,0,386
OEST,140,2025-04-04,2027-04-04,418,"6) Mayor a 360 dias","3) $10.001 a $20.000",145,1980216.94,1980216.94,236,118,118,0,24,62,32,113,0,2,3,656
OEST,140,2025-04-04,2027-04-04,418,"6) Mayor a 360 dias","4) $20.001 a $35.000",88,2361644.90,2361644.90,141,61,80,1,12,39,9,73,1,5,1,326
OEST,140,2025-04-04,2027-04-04,418,"6) Mayor a 360 dias","5) $35.001 a $50.000",51,2075072.74,2075072.74,89,48,41,1,3,23,21,38,0,0,3,322
OEST,140,2025-04-04,2027-04-04,418,"6) Mayor a 360 dias","6) $50.001 a $100.000",55,3706949.12,3706949.12,86,49,37,0,3,12,34,32,2,2,1,453
OEST,140,2025-04-04,2027-04-04,418,"6) Mayor a 360 dias","7) $100.001 a $500.000",12,1522521.44,1522521.44,17,9,8,0,1,1,7,6,0,2,0,82
OEST,140,2025-04-04,2027-04-04,418,"6) Mayor a 360 dias","8) >$500.000",1,557539.35,557539.35,1,0,1,0,0,0,0,1,0,0,0,0
OEST,141,2025-04-04,2027-04-04,418,"6) Mayor a 360 dias","1) MENOR A $5.000",141,281414.26,281414.26,216,85,131,85,0,0,0,131,0,0,0,0
OEST,141,2025-04-04,2027-04-04,418,"6) Mayor a 360 dias","2) $5.001 a $10.000",24,163811.66,163811.66,38,14,24,6,0,5,3,23,0,0,1,59
OEST,141,2025-04-04,2027-04-04,418,"6) Mayor a 360 dias","3) $10.001 a $20.000",9,121224.12,121224.12,13,5,8,0,1,1,3,8,0,0,0,32
OEST,141,2025-04-04,2027-04-04,418,"6) Mayor a 360 dias","4) $20.001 a $35.000",12,320652.29,320652.29,15,7,8,0,1,2,4,6,0,2,0,56
OEST,141,2025-04-04,2027-04-04,418,"6) Mayor a 360 dias","5) $35.001 a $50.000",8,319485.54,319485.54,13,8,5,0,0,2,6,5,0,0,0,66
OEST,141,2025-04-04,2027-04-04,418,"6) Mayor a 360 dias","6) $50.001 a $100.000",5,326676.37,326676.37,9,5,4,0,0,1,4,3,0,0,1,61
OEST,142,2025-05-06,2027-05-06,386,"6) Mayor a 360 dias","1) MENOR A $5.000",1182,2341649.54,2341649.54,2057,817,1240,810,6,0,1,1237,1,0,2,43
OEST,142,2025-05-06,2027-05-06,386,"6) Mayor a 360 dias","2) $5.001 a $10.000",201,1423628.59,1423628.59,351,145,206,54,8,10,73,199,0,0,7,817
OEST,142,2025-05-06,2027-05-06,386,"6) Mayor a 360 dias","3) $10.001 a $20.000",126,1769931.13,1769931.13,219,82,137,2,5,14,61,129,2,1,5,726
OEST,142,2025-05-06,2027-05-06,386,"6) Mayor a 360 dias","4) $20.001 a $35.000",75,1981411.55,1981411.55,124,59,65,0,4,3,52,58,1,0,6,635
OEST,142,2025-05-06,2027-05-06,386,"6) Mayor a 360 dias","5) $35.001 a $50.000",42,1791601.15,1791601.15,65,33,32,0,1,4,28,30,0,1,1,329
OEST,142,2025-05-06,2027-05-06,386,"6) Mayor a 360 dias","6) $50.001 a $100.000",40,2584899.53,2584899.53,69,36,33,0,4,1,31,29,1,1,2,394
OEST,142,2025-05-06,2027-05-06,386,"6) Mayor a 360 dias","7) $100.001 a $500.000",15,2630950.94,2630950.94,22,16,6,0,0,1,15,6,0,0,0,190
OEST,143,2025-05-06,2027-05-06,386,"6) Mayor a 360 dias","1) MENOR A $5.000",3848,4064423.98,4064423.98,6361,2423,3938,2251,44,12,116,3917,4,0,17,1494
OEST,143,2025-05-06,2027-05-06,386,"6) Mayor a 360 dias","2) $5.001 a $10.000",148,1022764.92,1022764.92,192,89,103,4,4,5,76,94,2,0,7,922
OEST,143,2025-05-06,2027-05-06,386,"6) Mayor a 360 dias","3) $10.001 a $20.000",62,881667.14,881667.14,117,48,69,0,2,2,44,65,1,1,2,506
OEST,143,2025-05-06,2027-05-06,386,"6) Mayor a 360 dias","4) $20.001 a $35.000",24,640843.59,640843.59,31,17,14,1,1,2,13,13,0,0,1,149
OEST,143,2025-05-06,2027-05-06,386,"6) Mayor a 360 dias","5) $35.001 a $50.000",7,291013.78,291013.78,14,7,7,0,1,0,6,6,0,0,1,86
OEST,143,2025-05-06,2027-05-06,386,"6) Mayor a 360 dias","6) $50.001 a $100.000",9,612332.96,612332.96,313,39,274,31,1,0,7,273,0,0,1,99
OEST,143,2025-05-06,2027-05-06,386,"6) Mayor a 360 dias","7) $100.001 a $500.000",3,369667.44,369667.44,18,8,10,3,0,1,4,10,0,0,0,40
OEST,143,2025-05-06,2027-05-06,386,"6) Mayor a 360 dias","8) >$500.000",1,673103.46,673103.46,1,1,0,0,0,0,1,0,0,0,0,13
OEST,144,2025-06-03,2027-06-03,358,"5) 181 a 360 dias","1) MENOR A $5.000",1477,3068221.23,3068221.23,2564,1073,1491,1055,13,1,4,1490,1,0,0,64
OEST,144,2025-06-03,2027-06-03,358,"5) 181 a 360 dias","2) $5.001 a $10.000",253,1765698.95,1765698.95,428,220,208,92,5,18,105,200,2,1,5,1174
OEST,144,2025-06-03,2027-06-03,358,"5) 181 a 360 dias","3) $10.001 a $20.000",183,2615034.29,2615034.29,339,174,165,1,12,15,146,153,3,0,9,1668
OEST,144,2025-06-03,2027-06-03,358,"5) 181 a 360 dias","4) $20.001 a $35.000",104,2736990.80,2736990.80,168,89,79,0,3,9,77,73,1,1,4,831
OEST,144,2025-06-03,2027-06-03,358,"5) 181 a 360 dias","5) $35.001 a $50.000",49,2074495.38,2074495.38,85,46,39,0,6,4,36,37,0,1,1,408
OEST,144,2025-06-03,2027-06-03,358,"5) 181 a 360 dias","6) $50.001 a $100.000",47,3163723.14,3163723.14,81,52,29,0,4,3,45,26,2,0,1,553
OEST,144,2025-06-03,2027-06-03,358,"5) 181 a 360 dias","7) $100.001 a $500.000",17,2349846.84,2349846.84,24,14,10,0,0,0,14,9,0,0,1,218
OEST,145,2025-06-03,2027-06-03,358,"5) 181 a 360 dias","1) MENOR A $5.000",166,350863.16,350863.16,1250,237,1013,235,2,0,0,1013,0,0,0,2
OEST,145,2025-06-03,2027-06-03,358,"5) 181 a 360 dias","2) $5.001 a $10.000",23,171785.79,171785.79,343,53,290,34,3,3,13,288,1,0,1,167
OEST,145,2025-06-03,2027-06-03,358,"5) 181 a 360 dias","3) $10.001 a $20.000",19,284773.95,284773.95,26,15,11,0,0,2,13,9,1,0,1,146
OEST,145,2025-06-03,2027-06-03,358,"5) 181 a 360 dias","4) $20.001 a $35.000",16,433412.85,433412.85,23,17,6,0,0,2,15,6,0,0,0,175
OEST,145,2025-06-03,2027-06-03,358,"5) 181 a 360 dias","5) $35.001 a $50.000",5,188604.01,188604.01,8,5,3,0,0,0,5,3,0,0,0,48
OEST,145,2025-06-03,2027-06-03,358,"5) 181 a 360 dias","6) $50.001 a $100.000",6,416777.54,416777.54,13,7,6,0,1,1,5,5,1,0,0,73
OEST,145,2025-06-03,2027-06-03,358,"5) 181 a 360 dias","7) $100.001 a $500.000",5,717925.34,717925.34,10,8,2,0,0,1,7,2,0,0,0,92
OEST,146,2025-07-04,2027-07-04,327,"5) 181 a 360 dias","1) MENOR A $5.000",1121,2547146.49,2547146.49,1989,856,1133,849,7,0,0,1132,1,0,0,13
OEST,146,2025-07-04,2027-07-04,327,"5) 181 a 360 dias","2) $5.001 a $10.000",304,2178570.58,2178570.58,535,230,305,93,6,23,108,255,35,3,12,1268
OEST,146,2025-07-04,2027-07-04,327,"5) 181 a 360 dias","3) $10.001 a $20.000",263,3657217.93,3657217.93,395,214,181,1,8,25,180,102,60,4,15,2123
OEST,146,2025-07-04,2027-07-04,327,"5) 181 a 360 dias","4) $20.001 a $35.000",174,4669717.80,4669717.80,315,170,145,0,11,25,134,81,46,6,12,1599
OEST,146,2025-07-04,2027-07-04,327,"5) 181 a 360 dias","5) $35.001 a $50.000",65,2665012.33,2665012.33,89,49,40,0,2,8,39,19,21,0,0,464
OEST,146,2025-07-04,2027-07-04,327,"5) 181 a 360 dias","6) $50.001 a $100.000",86,5834728.22,5834728.22,137,101,36,0,2,5,94,26,9,0,1,1048
OEST,146,2025-07-04,2027-07-04,327,"5) 181 a 360 dias","7) $100.001 a $500.000",28,4681720.34,4681720.34,58,50,8,1,2,3,44,5,1,0,2,532
OEST,146,2025-07-04,2027-07-04,327,"5) 181 a 360 dias","8) >$500.000",1,2133613.24,2133613.24,1,1,0,0,1,0,0,0,0,0,0,2
OEST,147,2025-07-04,2027-07-04,327,"5) 181 a 360 dias","1) MENOR A $5.000",736,496316.07,496316.07,1635,490,1145,486,4,0,0,1145,0,0,0,4
OEST,147,2025-07-04,2027-07-04,327,"5) 181 a 360 dias","2) $5.001 a $10.000",30,207079.96,207079.96,45,22,23,9,2,0,11,19,3,0,1,118
OEST,147,2025-07-04,2027-07-04,327,"5) 181 a 360 dias","3) $10.001 a $20.000",24,312850.36,312850.36,34,14,20,0,0,0,14,15,3,0,2,165
OEST,147,2025-07-04,2027-07-04,327,"5) 181 a 360 dias","4) $20.001 a $35.000",13,314711.73,314711.73,19,11,8,0,3,0,8,5,0,0,3,116
OEST,147,2025-07-04,2027-07-04,327,"5) 181 a 360 dias","5) $35.001 a $50.000",3,130465.35,130465.35,4,2,2,0,0,0,2,2,0,0,0,22
OEST,147,2025-07-04,2027-07-04,327,"5) 181 a 360 dias","6) $50.001 a $100.000",7,473263.45,473263.45,11,7,4,0,0,2,5,4,0,0,0,62
OEST,148,2025-08-06,2027-08-06,294,"5) 181 a 360 dias","1) MENOR A $5.000",1163,2534928.16,2534928.16,2164,863,1301,853,10,0,0,1301,0,0,0,13
OEST,148,2025-08-06,2027-08-06,294,"5) 181 a 360 dias","2) $5.001 a $10.000",264,1824558.34,1824558.34,459,197,262,89,14,25,69,255,1,2,4,811
OEST,148,2025-08-06,2027-08-06,294,"5) 181 a 360 dias","3) $10.001 a $20.000",165,2318526.55,2318526.55,324,135,189,1,9,24,101,179,1,0,9,1127
OEST,148,2025-08-06,2027-08-06,294,"5) 181 a 360 dias","4) $20.001 a $35.000",74,1952426.79,1952426.79,126,65,61,0,4,12,49,59,0,0,2,553
OEST,148,2025-08-06,2027-08-06,294,"5) 181 a 360 dias","5) $35.001 a $50.000",47,1953263.02,1953263.02,83,46,37,0,1,10,35,35,0,1,1,395
OEST,148,2025-08-06,2027-08-06,294,"5) 181 a 360 dias","6) $50.001 a $100.000",37,2416788.86,2416788.86,61,35,26,0,0,7,28,25,0,0,1,301
OEST,148,2025-08-06,2027-08-06,294,"5) 181 a 360 dias","7) $100.001 a $500.000",20,3506472.30,3506472.30,46,27,19,0,2,1,24,19,0,0,0,250
OEST,149,2025-08-06,2027-08-06,294,"5) 181 a 360 dias","1) MENOR A $5.000",188,370269.04,370269.04,924,202,722,199,3,0,0,722,0,0,0,4
OEST,149,2025-08-06,2027-08-06,294,"5) 181 a 360 dias","2) $5.001 a $10.000",40,298090.32,298090.32,68,32,36,10,3,3,16,33,1,0,2,178
OEST,149,2025-08-06,2027-08-06,294,"5) 181 a 360 dias","3) $10.001 a $20.000",19,270541.47,270541.47,33,21,12,0,2,5,14,11,0,0,1,178
OEST,149,2025-08-06,2027-08-06,294,"5) 181 a 360 dias","4) $20.001 a $35.000",6,151416.74,151416.74,8,6,2,0,0,3,3,1,0,0,1,44
OEST,149,2025-08-06,2027-08-06,294,"5) 181 a 360 dias","5) $35.001 a $50.000",9,384443.18,384443.18,316,46,270,33,0,3,10,270,0,0,0,94
OEST,149,2025-08-06,2027-08-06,294,"5) 181 a 360 dias","6) $50.001 a $100.000",6,415292.31,415292.31,11,8,3,0,1,2,5,3,0,0,0,60
OEST,149,2025-08-06,2027-08-06,294,"5) 181 a 360 dias","7) $100.001 a $500.000",2,336081.24,336081.24,4,4,0,0,0,0,4,0,0,0,0,50
OEST,150,2025-09-02,2027-09-02,267,"5) 181 a 360 dias","1) MENOR A $5.000",1676,3039617.66,3039617.66,2925,977,1948,970,6,0,1,1948,0,0,0,20
OEST,150,2025-09-02,2027-09-02,267,"5) 181 a 360 dias","2) $5.001 a $10.000",320,2286036.09,2286036.09,533,202,331,83,11,19,89,321,4,1,5,1000
OEST,150,2025-09-02,2027-09-02,267,"5) 181 a 360 dias","3) $10.001 a $20.000",173,2484714.81,2484714.81,300,119,181,0,7,18,94,172,1,1,7,1056
OEST,150,2025-09-02,2027-09-02,267,"5) 181 a 360 dias","4) $20.001 a $35.000",112,2933552.14,2933552.14,176,79,97,1,1,10,67,88,1,0,8,749
OEST,150,2025-09-02,2027-09-02,267,"5) 181 a 360 dias","5) $35.001 a $50.000",37,1537665.71,1537665.71,75,31,44,1,3,4,23,44,0,0,0,246
OEST,150,2025-09-02,2027-09-02,267,"5) 181 a 360 dias","6) $50.001 a $100.000",47,3105683.10,3105683.10,83,41,42,1,2,7,31,41,1,0,0,361
OEST,150,2025-09-02,2027-09-02,267,"5) 181 a 360 dias","7) $100.001 a $500.000",8,1371761.79,1371761.79,15,7,8,0,0,1,6,7,0,1,0,74
OEST,151,2025-09-02,2027-09-02,267,"5) 181 a 360 dias","1) MENOR A $5.000",279,420143.18,420143.18,801,198,603,196,2,0,0,602,1,0,0,4
OEST,151,2025-09-02,2027-09-02,267,"5) 181 a 360 dias","2) $5.001 a $10.000",28,190122.00,190122.00,43,20,23,10,1,2,7,22,0,1,0,84
OEST,151,2025-09-02,2027-09-02,267,"5) 181 a 360 dias","3) $10.001 a $20.000",20,282735.06,282735.06,338,48,290,33,2,1,12,289,0,0,1,132
OEST,151,2025-09-02,2027-09-02,267,"5) 181 a 360 dias","4) $20.001 a $35.000",5,140723.15,140723.15,8,4,4,0,0,1,3,4,0,0,0,34
OEST,151,2025-09-02,2027-09-02,267,"5) 181 a 360 dias","5) $35.001 a $50.000",5,216471.67,216471.67,5,2,3,0,0,0,2,3,0,0,0,19
OEST,151,2025-09-02,2027-09-02,267,"5) 181 a 360 dias","6) $50.001 a $100.000",10,635615.76,635615.76,14,6,8,2,1,0,3,6,0,0,2,60
OEST,151,2025-09-02,2027-09-02,267,"5) 181 a 360 dias","7) $100.001 a $500.000",1,128755.94,128755.94,2,1,1,0,0,0,1,1,0,0,0,8
OEST,151,2025-09-02,2027-09-02,267,"5) 181 a 360 dias","8) >$500.000",2,2240116.36,2240116.36,3,2,1,0,0,0,2,1,0,0,0,26
OEST,152,2025-10-02,2027-10-02,237,"5) 181 a 360 dias","1) MENOR A $5.000",1584,3503651.78,3503651.78,2869,989,1880,978,10,0,1,1880,0,0,0,21
OEST,152,2025-10-02,2027-10-02,237,"5) 181 a 360 dias","2) $5.001 a $10.000",343,2392044.27,2392044.27,533,236,297,142,3,9,82,287,1,3,6,1019
OEST,152,2025-10-02,2027-10-02,237,"5) 181 a 360 dias","3) $10.001 a $20.000",277,3960507.76,3960507.76,466,202,264,2,13,26,161,246,2,5,11,2094
OEST,152,2025-10-02,2027-10-02,237,"5) 181 a 360 dias","4) $20.001 a $35.000",139,3666792.29,3666792.29,262,127,135,7,6,10,104,127,1,1,6,1257
OEST,152,2025-10-02,2027-10-02,237,"5) 181 a 360 dias","5) $35.001 a $50.000",59,2400543.42,2400543.42,106,45,61,0,1,5,39,57,1,0,3,475
OEST,152,2025-10-02,2027-10-02,237,"5) 181 a 360 dias","6) $50.001 a $100.000",81,5642044.08,5642044.08,132,72,60,1,8,1,62,56,1,1,2,752
OEST,152,2025-10-02,2027-10-02,237,"5) 181 a 360 dias","7) $100.001 a $500.000",23,3939799.88,3939799.88,34,18,16,0,3,1,14,15,0,0,1,192
OEST,153,2025-10-02,2027-10-02,237,"5) 181 a 360 dias","1) MENOR A $5.000",225,424061.56,424061.56,391,148,243,146,2,0,0,243,0,0,0,3
OEST,153,2025-10-02,2027-10-02,237,"5) 181 a 360 dias","2) $5.001 a $10.000",34,240758.01,240758.01,51,23,28,11,1,0,11,25,0,1,2,135
OEST,153,2025-10-02,2027-10-02,237,"5) 181 a 360 dias","3) $10.001 a $20.000",24,350724.95,350724.95,42,18,24,0,0,1,17,24,0,0,0,202
OEST,153,2025-10-02,2027-10-02,237,"5) 181 a 360 dias","4) $20.001 a $35.000",19,556929.85,556929.85,32,14,18,0,0,1,13,16,0,0,2,173
OEST,153,2025-10-02,2027-10-02,237,"5) 181 a 360 dias","5) $35.001 a $50.000",8,323466.09,323466.09,15,11,4,0,2,1,8,4,0,0,0,85
OEST,153,2025-10-02,2027-10-02,237,"5) 181 a 360 dias","6) $50.001 a $100.000",8,494090.02,494090.02,13,5,8,0,1,0,4,7,0,0,1,63
OEST,153,2025-10-02,2027-10-02,237,"5) 181 a 360 dias","7) $100.001 a $500.000",1,154781.87,154781.87,1,1,0,0,0,1,0,0,0,0,0,4
OEST,153,2025-10-02,2027-10-02,237,"5) 181 a 360 dias","8) >$500.000",3,3479836.80,3479836.80,3,2,1,0,0,0,2,0,0,0,1,35
OEST,154,2025-11-04,2027-11-04,204,"5) 181 a 360 dias","1) MENOR A $5.000",1241,2742391.21,2742391.21,2111,747,1364,740,7,0,0,1363,1,0,0,11
OEST,154,2025-11-04,2027-11-04,204,"5) 181 a 360 dias","2) $5.001 a $10.000",262,1850917.90,1850917.90,433,152,281,75,15,16,46,275,2,1,3,621
OEST,154,2025-11-04,2027-11-04,204,"5) 181 a 360 dias","3) $10.001 a $20.000",196,2772592.36,2772592.36,405,150,255,2,10,29,109,243,1,2,9,1404
OEST,154,2025-11-04,2027-11-04,204,"5) 181 a 360 dias","4) $20.001 a $35.000",108,2841776.32,2841776.32,177,72,105,1,5,19,47,97,1,2,5,657
OEST,154,2025-11-04,2027-11-04,204,"5) 181 a 360 dias","5) $35.001 a $50.000",64,2702364.71,2702364.71,110,53,57,0,2,7,44,52,0,1,4,580
OEST,154,2025-11-04,2027-11-04,204,"5) 181 a 360 dias","6) $50.001 a $100.000",48,3351495.27,3351495.27,72,33,39,0,3,3,27,35,1,0,3,334
OEST,154,2025-11-04,2027-11-04,204,"5) 181 a 360 dias","7) $100.001 a $500.000",10,1697255.91,1697255.91,16,5,11,0,0,1,4,10,0,0,1,47
OEST,154,2025-11-04,2027-11-04,204,"5) 181 a 360 dias","8) >$500.000",2,3439685.73,3439685.73,5,5,0,2,0,0,3,0,0,0,0,35
OEST,155,2025-11-04,2027-11-04,204,"5) 181 a 360 dias","1) MENOR A $5.000",181,366847.62,366847.62,297,99,198,97,2,0,0,198,0,0,0,2
OEST,155,2025-11-04,2027-11-04,204,"5) 181 a 360 dias","2) $5.001 a $10.000",41,275578.04,275578.04,73,30,43,22,0,2,6,42,0,0,1,95
OEST,155,2025-11-04,2027-11-04,204,"5) 181 a 360 dias","3) $10.001 a $20.000",16,226677.19,226677.19,29,12,17,0,0,4,8,17,0,0,0,105
OEST,155,2025-11-04,2027-11-04,204,"5) 181 a 360 dias","4) $20.001 a $35.000",9,221641.96,221641.96,15,8,7,0,0,3,5,5,0,0,2,112
OEST,155,2025-11-04,2027-11-04,204,"5) 181 a 360 dias","5) $35.001 a $50.000",3,120580.01,120580.01,6,4,2,0,1,0,3,1,0,0,1,44
OEST,155,2025-11-04,2027-11-04,204,"5) 181 a 360 dias","6) $50.001 a $100.000",5,336201.68,336201.68,6,2,4,0,1,0,1,3,0,0,1,21
OEST,155,2025-11-04,2027-11-04,204,"5) 181 a 360 dias","7) $100.001 a $500.000",2,515023.10,515023.10,6,3,3,0,0,0,3,2,0,0,1,38
OEST,156,2025-12-02,2027-12-02,176,"4) 91 a 180 dias","1) MENOR A $5.000",1796,3214070.12,3214070.12,3074,944,2130,936,7,0,1,2127,2,0,1,30
OEST,156,2025-12-02,2027-12-02,176,"4) 91 a 180 dias","2) $5.001 a $10.000",342,2369853.94,2369853.94,594,239,355,168,13,14,44,350,1,1,3,585
OEST,156,2025-12-02,2027-12-02,176,"4) 91 a 180 dias","3) $10.001 a $20.000",237,3301683.00,3301683.00,396,156,240,9,10,35,102,222,1,1,16,1433
OEST,156,2025-12-02,2027-12-02,176,"4) 91 a 180 dias","4) $20.001 a $35.000",143,3693483.07,3693483.07,246,94,152,6,10,19,59,142,1,5,4,814
OEST,156,2025-12-02,2027-12-02,176,"4) 91 a 180 dias","5) $35.001 a $50.000",77,3137396.04,3137396.04,131,59,72,3,1,7,48,68,1,0,3,669
OEST,156,2025-12-02,2027-12-02,176,"4) 91 a 180 dias","6) $50.001 a $100.000",90,6224712.45,6224712.45,158,63,95,2,4,5,52,90,2,0,3,646
OEST,156,2025-12-02,2027-12-02,176,"4) 91 a 180 dias","7) $100.001 a $500.000",21,3560282.34,3560282.34,27,13,14,0,1,4,8,13,0,0,1,121
OEST,157,2025-12-02,2027-12-02,176,"4) 91 a 180 dias","1) MENOR A $5.000",284,406388.75,406388.75,761,159,602,158,1,0,0,602,0,0,0,1
OEST,157,2025-12-02,2027-12-02,176,"4) 91 a 180 dias","2) $5.001 a $10.000",32,223779.47,223779.47,55,29,26,18,1,3,7,25,0,0,1,111
OEST,157,2025-12-02,2027-12-02,176,"4) 91 a 180 dias","3) $10.001 a $20.000",28,383956.31,383956.31,46,23,23,0,2,5,16,21,0,0,2,203
OEST,157,2025-12-02,2027-12-02,176,"4) 91 a 180 dias","4) $20.001 a $35.000",10,276437.57,276437.57,15,6,9,0,0,2,4,7,0,0,2,81
OEST,157,2025-12-02,2027-12-02,176,"4) 91 a 180 dias","5) $35.001 a $50.000",5,212223.40,212223.40,9,6,3,0,0,0,6,3,0,0,0,69
OEST,157,2025-12-02,2027-12-02,176,"4) 91 a 180 dias","6) $50.001 a $100.000",2,138280.12,138280.12,3,1,2,0,0,0,1,2,0,0,0,8
OEST,157,2025-12-02,2027-12-02,176,"4) 91 a 180 dias","7) $100.001 a $500.000",3,550381.33,550381.33,8,3,5,1,0,0,2,4,1,0,0,18
OEST,158,2026-01-06,2030-01-05,141,"4) 91 a 180 dias","1) MENOR A $5.000",1906,3294339.02,3294339.02,3343,1041,2302,1027,12,0,2,2299,3,0,0,34
OEST,158,2026-01-06,2030-01-05,141,"4) 91 a 180 dias","2) $5.001 a $10.000",286,1997744.63,1997744.63,473,177,296,115,9,15,38,286,2,1,7,555
OEST,158,2026-01-06,2030-01-05,141,"4) 91 a 180 dias","3) $10.001 a $20.000",171,2414054.05,2414054.05,283,105,178,3,8,28,66,164,4,1,9,963
OEST,158,2026-01-06,2030-01-05,141,"4) 91 a 180 dias","4) $20.001 a $35.000",116,3058428.89,3058428.89,205,84,121,4,6,16,58,112,1,3,5,808
OEST,158,2026-01-06,2030-01-05,141,"4) 91 a 180 dias","5) $35.001 a $50.000",72,3003629.43,3003629.43,117,53,64,0,3,4,46,59,0,1,4,661
OEST,158,2026-01-06,2030-01-05,141,"4) 91 a 180 dias","6) $50.001 a $100.000",76,5285052.24,5285052.24,139,59,80,0,6,6,47,73,2,0,5,641
OEST,158,2026-01-06,2030-01-05,141,"4) 91 a 180 dias","7) $100.001 a $500.000",22,3510223.12,3510223.12,35,23,12,1,3,2,17,11,0,0,1,247
OEST,159,2026-01-06,2030-01-05,141,"4) 91 a 180 dias","1) MENOR A $5.000",261,389681.11,389681.11,768,185,583,185,0,0,0,583,0,0,0,0
OEST,159,2026-01-06,2030-01-05,141,"4) 91 a 180 dias","2) $5.001 a $10.000",21,152260.06,152260.06,35,15,20,8,2,1,4,20,0,0,0,70
OEST,159,2026-01-06,2030-01-05,141,"4) 91 a 180 dias","3) $10.001 a $20.000",16,230365.79,230365.79,23,13,10,1,0,2,10,10,0,0,0,114
OEST,159,2026-01-06,2030-01-05,141,"4) 91 a 180 dias","4) $20.001 a $35.000",10,280154.22,280154.22,20,4,16,0,0,1,3,14,0,0,2,66
OEST,159,2026-01-06,2030-01-05,141,"4) 91 a 180 dias","5) $35.001 a $50.000",8,340263.92,340263.92,16,7,9,0,0,2,5,7,0,0,2,100
OEST,159,2026-01-06,2030-01-05,141,"4) 91 a 180 dias","6) $50.001 a $100.000",5,359416.31,359416.31,10,3,7,0,0,0,3,7,0,0,0,56
OEST,159,2026-01-06,2030-01-05,141,"4) 91 a 180 dias","7) $100.001 a $500.000",2,537464.58,537464.58,2,1,1,0,0,0,1,1,0,0,0,8
OEST,159,2026-01-06,2030-01-05,141,"4) 91 a 180 dias","8) >$500.000",1,1510163.06,1510163.06,1,0,1,0,0,0,0,1,0,0,0,0
OEST,160,2026-02-04,2030-02-03,112,"4) 91 a 180 dias","1) MENOR A $5.000",1388,2912174.17,2912174.17,2618,859,1759,850,9,0,0,1759,0,0,0,9
OEST,160,2026-02-04,2030-02-03,112,"4) 91 a 180 dias","2) $5.001 a $10.000",296,2045174.78,2045174.78,498,189,309,129,9,20,31,299,1,5,4,506
OEST,160,2026-02-04,2030-02-03,112,"4) 91 a 180 dias","3) $10.001 a $20.000",202,2926427.93,2926427.93,330,125,205,9,9,33,74,190,1,2,12,1024
OEST,160,2026-02-04,2030-02-03,112,"4) 91 a 180 dias","4) $20.001 a $35.000",140,3630915.11,3630915.11,226,97,129,6,11,14,66,117,0,3,9,902
OEST,160,2026-02-04,2030-02-03,112,"4) 91 a 180 dias","5) $35.001 a $50.000",74,3073178.15,3073178.15,119,59,60,0,8,3,48,56,0,2,2,664
OEST,160,2026-02-04,2030-02-03,112,"4) 91 a 180 dias","6) $50.001 a $100.000",83,5814628.81,5814628.81,133,51,82,0,4,4,43,74,1,2,5,620
OEST,160,2026-02-04,2030-02-03,112,"4) 91 a 180 dias","7) $100.001 a $500.000",16,2622618.35,2622618.35,32,15,17,0,2,0,13,16,0,0,1,186
OEST,161,2026-02-04,2030-02-03,112,"4) 91 a 180 dias","1) MENOR A $5.000",169,339799.39,339799.39,1270,215,1055,214,1,0,0,1055,0,0,0,2
OEST,161,2026-02-04,2030-02-03,112,"4) 91 a 180 dias","2) $5.001 a $10.000",31,223735.13,223735.13,56,23,33,17,1,2,3,30,1,1,1,65
OEST,161,2026-02-04,2030-02-03,112,"4) 91 a 180 dias","3) $10.001 a $20.000",20,271569.78,271569.78,36,16,20,0,2,2,12,20,0,0,0,154
OEST,161,2026-02-04,2030-02-03,112,"4) 91 a 180 dias","4) $20.001 a $35.000",13,339303.59,339303.59,81,17,64,3,4,2,8,57,2,1,4,161
OEST,161,2026-02-04,2030-02-03,112,"4) 91 a 180 dias","5) $35.001 a $50.000",5,210471.87,210471.87,11,8,3,1,2,1,4,3,0,0,0,64
OEST,161,2026-02-04,2030-02-03,112,"4) 91 a 180 dias","6) $50.001 a $100.000",8,494783.98,494783.98,308,34,274,27,1,1,5,274,0,0,0,53
OEST,161,2026-02-04,2030-02-03,112,"4) 91 a 180 dias","7) $100.001 a $500.000",1,124785.33,124785.33,1,0,1,0,0,0,0,1,0,0,0,0
OEST,161,2026-02-04,2030-02-03,112,"4) 91 a 180 dias","8) >$500.000",1,923202.77,923202.77,2,0,2,0,0,0,0,2,0,0,0,0
OEST,162,2026-03-02,2030-03-01,86,"3) 61 a 90 dias","1) MENOR A $5.000",2163,3838085.24,3838085.24,3752,1153,2599,1146,6,0,1,2598,1,0,0,19
OEST,162,2026-03-02,2030-03-01,86,"3) 61 a 90 dias","2) $5.001 a $10.000",325,2274933.84,2274933.84,552,191,361,128,18,10,35,354,1,2,4,493
OEST,162,2026-03-02,2030-03-01,86,"3) 61 a 90 dias","3) $10.001 a $20.000",247,3500303.06,3500303.06,415,166,249,10,17,46,93,223,2,8,16,1487
OEST,162,2026-03-02,2030-03-01,86,"3) 61 a 90 dias","4) $20.001 a $35.000",139,3653898.34,3653898.34,225,88,137,3,8,21,56,124,2,3,8,858
OEST,162,2026-03-02,2030-03-01,86,"3) 61 a 90 dias","5) $35.001 a $50.000",72,3033991.22,3033991.22,124,58,66,0,5,4,49,58,1,2,5,741
OEST,162,2026-03-02,2030-03-01,86,"3) 61 a 90 dias","6) $50.001 a $100.000",68,4649342.27,4649342.27,113,51,62,1,2,3,45,58,0,1,3,657
OEST,162,2026-03-02,2030-03-01,86,"3) 61 a 90 dias","7) $100.001 a $500.000",22,2955414.41,2955414.41,35,18,17,0,0,5,13,14,0,1,2,192
OEST,162,2026-03-02,2030-03-01,86,"3) 61 a 90 dias","8) >$500.000",2,2239442.84,2239442.84,2,2,0,0,0,0,2,0,0,0,0,24
OEST,163,2026-03-02,2030-03-01,86,"3) 61 a 90 dias","1) MENOR A $5.000",276,427138.16,427138.16,1692,268,1424,267,1,0,0,1424,0,0,0,2
OEST,163,2026-03-02,2030-03-01,86,"3) 61 a 90 dias","2) $5.001 a $10.000",36,257206.48,257206.48,66,30,36,20,2,1,7,34,2,0,0,99
OEST,163,2026-03-02,2030-03-01,86,"3) 61 a 90 dias","3) $10.001 a $20.000",27,379648.21,379648.21,61,21,40,2,3,0,16,38,0,0,2,213
OEST,163,2026-03-02,2030-03-01,86,"3) 61 a 90 dias","4) $20.001 a $35.000",8,194714.00,194714.00,17,7,10,0,3,0,4,6,1,0,3,83
OEST,163,2026-03-02,2030-03-01,86,"3) 61 a 90 dias","5) $35.001 a $50.000",9,375752.11,375752.11,17,7,10,0,2,1,4,7,0,0,3,91
OEST,163,2026-03-02,2030-03-01,86,"3) 61 a 90 dias","6) $50.001 a $100.000",4,333211.87,333211.87,6,4,2,0,0,0,4,2,0,0,0,78
OEST,163,2026-03-02,2030-03-01,86,"3) 61 a 90 dias","7) $100.001 a $500.000",2,246417.58,246417.58,4,3,1,0,0,0,3,1,0,0,0,44
OEST,164,2026-04-06,2030-04-05,51,"2) 31 a 60 dias","1) MENOR A $5.000",1834,3917868.12,3917868.12,3147,1181,1966,1169,11,1,0,1965,1,0,0,20
OEST,164,2026-04-06,2030-04-05,51,"2) 31 a 60 dias","2) $5.001 a $10.000",365,2522689.23,2522689.23,628,274,354,241,30,3,0,346,5,3,0,93
OEST,164,2026-04-06,2030-04-05,51,"2) 31 a 60 dias","3) $10.001 a $20.000",199,2808733.07,2808733.07,334,135,199,64,54,16,1,183,16,0,0,212
OEST,164,2026-04-06,2030-04-05,51,"2) 31 a 60 dias","4) $20.001 a $35.000",146,3836715.55,3836715.55,269,121,148,17,77,23,4,138,8,2,0,301
OEST,164,2026-04-06,2030-04-05,51,"2) 31 a 60 dias","5) $35.001 a $50.000",71,2925636.36,2925636.36,106,51,55,2,18,23,8,51,3,1,0,197
OEST,164,2026-04-06,2030-04-05,51,"2) 31 a 60 dias","6) $50.001 a $100.000",85,5772083.48,5772083.48,138,55,83,0,14,30,11,79,2,2,0,278
OEST,164,2026-04-06,2030-04-05,51,"2) 31 a 60 dias","7) $100.001 a $500.000",24,3649066.11,3649066.11,32,13,19,0,7,5,1,18,0,1,0,54
OEST,164,2026-04-06,2030-04-05,51,"2) 31 a 60 dias","8) >$500.000",1,641633.14,641633.14,2,1,1,0,0,0,1,1,0,0,0,9
OEST,165,2026-04-06,2030-04-05,51,"2) 31 a 60 dias","1) MENOR A $5.000",339,676879.02,676879.02,581,234,347,231,3,0,0,347,0,0,0,4
OEST,165,2026-04-06,2030-04-05,51,"2) 31 a 60 dias","2) $5.001 a $10.000",84,603379.21,603379.21,437,86,351,75,8,2,1,348,3,0,0,42
OEST,165,2026-04-06,2030-04-05,51,"2) 31 a 60 dias","3) $10.001 a $20.000",56,784115.94,784115.94,102,45,57,19,21,5,0,55,1,1,0,71
OEST,165,2026-04-06,2030-04-05,51,"2) 31 a 60 dias","4) $20.001 a $35.000",36,983882.25,983882.25,68,33,35,3,22,7,1,31,3,1,0,92
OEST,165,2026-04-06,2030-04-05,51,"2) 31 a 60 dias","5) $35.001 a $50.000",16,681319.96,681319.96,28,12,16,0,5,5,2,12,2,2,0,60
OEST,165,2026-04-06,2030-04-05,51,"2) 31 a 60 dias","6) $50.001 a $100.000",20,1369256.65,1369256.65,37,20,17,1,4,11,4,17,0,0,0,91
OEST,165,2026-04-06,2030-04-05,51,"2) 31 a 60 dias","7) $100.001 a $500.000",6,1088078.86,1088078.86,7,2,5,0,1,1,0,5,0,0,0,8
REVO,260203,2026-02-03,2026-06-03,113,"4) 91 a 180 dias","1) MENOR A $5.000",126791,200351437.99,200351437.99,192570,17246,175324,17243,3,0,0,175324,0,0,0,3
REVO,260203,2026-02-03,2026-06-03,113,"4) 91 a 180 dias","2) $5.001 a $10.000",23796,164764113.83,164764113.83,39607,8592,31015,8589,3,0,0,31015,0,0,0,3
REVO,260203,2026-02-03,2026-06-03,113,"4) 91 a 180 dias","3) $10.001 a $20.000",9603,131273054.27,131273054.27,15504,4144,11360,4143,1,0,0,11360,0,0,0,1
REVO,260203,2026-02-03,2026-06-03,113,"4) 91 a 180 dias","4) $20.001 a $35.000",5188,141402850.44,141402850.44,7973,2241,5732,2240,1,0,0,5732,0,0,0,1
REVO,260203,2026-02-03,2026-06-03,113,"4) 91 a 180 dias","5) $35.001 a $50.000",4430,183891136.19,183891136.19,6571,1764,4807,1760,4,0,0,4807,0,0,0,7
REVO,260203,2026-02-03,2026-06-03,113,"4) 91 a 180 dias","6) $50.001 a $100.000",7286,511422437.27,511422437.27,11013,2967,8046,2844,122,1,0,8046,0,0,0,126
REVO,260203,2026-02-03,2026-06-03,113,"4) 91 a 180 dias","7) $100.001 a $500.000",2682,354143235.88,354143235.88,4328,1154,3174,1004,149,1,0,3174,0,0,0,212
REVO,260303,2026-03-03,2026-07-01,85,"3) 61 a 90 dias","1) MENOR A $5.000",67101,98832014.23,98832014.23,97733,8619,89114,8619,0,0,0,89114,0,0,0,0
REVO,260303,2026-03-03,2026-07-01,85,"3) 61 a 90 dias","2) $5.001 a $10.000",15295,108795143.48,108795143.48,25047,4953,20094,4949,4,0,0,20094,0,0,0,5
REVO,260303,2026-03-03,2026-07-01,85,"3) 61 a 90 dias","3) $10.001 a $20.000",9809,137310922.13,137310922.13,15650,3548,12102,3548,0,0,0,12102,0,0,0,0
REVO,260303,2026-03-03,2026-07-01,85,"3) 61 a 90 dias","4) $20.001 a $35.000",5963,160458247.27,160458247.27,9239,2405,6834,2009,396,0,0,6833,1,0,0,399
REVO,260303,2026-03-03,2026-07-01,85,"3) 61 a 90 dias","5) $35.001 a $50.000",4191,174070022.30,174070022.30,6289,1665,4624,1364,301,0,0,4624,0,0,0,302
REVO,260303,2026-03-03,2026-07-01,85,"3) 61 a 90 dias","6) $50.001 a $100.000",6530,458389286.44,458389286.44,10054,2663,7391,2081,582,0,0,7391,0,0,0,622
REVO,260303,2026-03-03,2026-07-01,85,"3) 61 a 90 dias","7) $100.001 a $500.000",2381,312979392.23,312979392.23,3764,1013,2751,737,270,6,0,2751,0,0,0,372
REVO,260402,2026-04-02,2026-07-31,55,"2) 31 a 60 dias","1) MENOR A $5.000",101921,107874848.52,107874848.52,98515,3118,95397,3118,0,0,0,95397,0,0,0,0
REVO,260402,2026-04-02,2026-07-31,55,"2) 31 a 60 dias","2) $5.001 a $10.000",11264,79879518.31,79879518.31,13256,2132,11124,2132,0,0,0,11124,0,0,0,0
REVO,260402,2026-04-02,2026-07-31,55,"2) 31 a 60 dias","3) $10.001 a $20.000",7455,103909201.99,103909201.99,8372,1638,6734,1638,0,0,0,6734,0,0,0,0
REVO,260402,2026-04-02,2026-07-31,55,"2) 31 a 60 dias","4) $20.001 a $35.000",5167,140150318.53,140150318.53,5682,1317,4365,1317,0,0,0,4365,0,0,0,0
REVO,260402,2026-04-02,2026-07-31,55,"2) 31 a 60 dias","5) $35.001 a $50.000",3821,159515909.87,159515909.87,4298,972,3326,972,0,0,0,3326,0,0,0,0
REVO,260402,2026-04-02,2026-07-31,55,"2) 31 a 60 dias","6) $50.001 a $100.000",6337,447140819.71,447140819.71,7441,1622,5819,1570,52,0,0,5819,0,0,0,52
REVO,260402,2026-04-02,2026-07-31,55,"2) 31 a 60 dias","7) $100.001 a $500.000",2492,333183248.99,333183248.99,3110,673,2437,616,55,2,0,2437,0,0,0,77
REVO,260505,2026-05-05,2026-09-02,22,"1) 0 a 30 dias","1) MENOR A $5.000",76023,91343195.40,91343195.40,107346,8800,98546,8798,2,0,0,98545,1,0,0,4
REVO,260505,2026-05-05,2026-09-02,22,"1) 0 a 30 dias","2) $5.001 a $10.000",12636,89626286.15,89626286.15,20588,2944,17644,2942,2,0,0,17644,0,0,0,2
REVO,260505,2026-05-05,2026-09-02,22,"1) 0 a 30 dias","3) $10.001 a $20.000",7676,107648969.15,107648969.15,12197,2250,9947,2250,0,0,0,9947,0,0,0,0
REVO,260505,2026-05-05,2026-09-02,22,"1) 0 a 30 dias","4) $20.001 a $35.000",5298,145912260.28,145912260.28,8124,1477,6647,1176,301,0,0,6645,2,0,0,322
REVO,260505,2026-05-05,2026-09-02,22,"1) 0 a 30 dias","5) $35.001 a $50.000",4265,179869517.07,179869517.07,6411,1072,5339,572,500,0,0,5339,0,0,0,540
REVO,260505,2026-05-05,2026-09-02,22,"1) 0 a 30 dias","6) $50.001 a $100.000",7983,563175088.50,563175088.50,12407,2092,10315,1199,893,0,0,10314,1,0,0,1005
REVO,260505,2026-05-05,2026-09-02,22,"1) 0 a 30 dias","7) $100.001 a $500.000",3681,500923076.67,500923076.67,5926,1030,4896,630,399,1,0,4896,0,0,0,471
