entidad,codigo_adjudicacion,fecha_adjudicacion,fecha_finalizacion,plazo_gestion,tramo_gestion,rango_deuda,casos_activos_abiertos,importe_asignado,importe_base_deuda,telefonos_total,telefonos_contactados,telefonos_sin_contacto,contactado_sin_llamada,contactado_1_a_3_intentos,contactado_4_a_6_intentos,contactado_mayor_6_intentos,sin_contacto_sin_llamada,sin_contacto_1_a_3_intentos,sin_contacto_4_a_6_intentos,sin_contacto_mayor_6_intentos,llamadas_total
ADT1,261001,2026-10-01,2026-10-29,8,1) 0 a 30 dias,6) $50.001 a $100.000,3,275170.18,275170.18,6,1,5,0,0,0,1,2,0,2,1,25.0
ADT1,261001,2026-10-01,2026-10-29,8,1) 0 a 30 dias,7) $100.001 a $500.000,99,32957891.1,32957891.1,289,104,185,19,22,31,32,71,49,34,31,988.0
ADT1,261001,2026-10-01,2026-10-29,8,1) 0 a 30 dias,8) >$500.000,73,48430137.66,48430137.66,219,74,145,25,12,14,23,60,36,19,30,726.0
AUSO,ENE23,2023-01-04,2027-01-03,1374,6) Mayor a 360 dias,1) MENOR A $5.000,505,557574.27,557574.27,1026,429,597,408,17,4,0,596,1,0,0,43.0
AUSO,ENE23,2023-01-04,2027-01-03,1374,6) Mayor a 360 dias,2) $5.001 a $10.000,41,297203.02,297203.02,87,38,49,7,29,1,1,46,3,0,0,68.0
AUSO,ENE23,2023-01-04,2027-01-03,1374,6) Mayor a 360 dias,3) $10.001 a $20.000,16,207382.31,207382.31,39,12,27,1,4,4,3,24,2,1,0,60.0
AUSO,ENE23,2023-01-04,2027-01-03,1374,6) Mayor a 360 dias,4) $20.001 a $35.000,12,301775.99,301775.99,34,14,20,3,5,5,1,15,3,2,0,56.0
AUSO,ENE23,2023-01-04,2027-01-03,1374,6) Mayor a 360 dias,5) $35.001 a $50.000,2,88677.88,88677.88,6,3,3,0,1,1,1,1,2,0,0,22.0
AUSO,ENE23,2023-01-04,2027-01-03,1374,6) Mayor a 360 dias,6) $50.001 a $100.000,3,199984.6,199984.6,7,2,5,0,0,2,0,4,1,0,0,12.0
AUSO,ENE23,2023-01-04,2027-01-03,1374,6) Mayor a 360 dias,7) $100.001 a $500.000,1,105164.92,105164.92,3,3,0,0,2,1,0,0,0,0,0,7.0
AUSO,FEB23,2023-02-03,2027-02-02,1344,6) Mayor a 360 dias,1) MENOR A $5.000,3519,1366975.9,1366975.9,5734,2294,3440,2235,58,0,1,3439,1,0,0,79.0
AUSO,FEB23,2023-02-03,2027-02-02,1344,6) Mayor a 360 dias,2) $5.001 a $10.000,15,95452.3,95452.3,25,8,17,2,6,0,0,17,0,0,0,7.0
AUSO,FEB23,2023-02-03,2027-02-02,1344,6) Mayor a 360 dias,3) $10.001 a $20.000,4,51102.82,51102.82,14,4,10,0,4,0,0,9,1,0,0,7.0
AUSO,FEB23E,2023-02-03,2027-02-02,1344,6) Mayor a 360 dias,1) MENOR A $5.000,241,215027.28,215027.28,462,213,249,198,15,0,0,248,1,0,0,24.0
AUSO,FEB23E,2023-02-03,2027-02-02,1344,6) Mayor a 360 dias,2) $5.001 a $10.000,7,52105.5,52105.5,12,7,5,1,6,0,0,5,0,0,0,7.0
AUSO,FEB23E,2023-02-03,2027-02-02,1344,6) Mayor a 360 dias,3) $10.001 a $20.000,1,12802.9,12802.9,2,1,1,0,1,0,0,0,1,0,0,3.0
AUSO,FEB23E,2023-02-03,2027-02-02,1344,6) Mayor a 360 dias,4) $20.001 a $35.000,1,24869.17,24869.17,4,3,1,0,0,2,1,1,0,0,0,19.0
AUSO,MAR23,2023-03-03,2027-03-02,1316,6) Mayor a 360 dias,1) MENOR A $5.000,238,308396.43,308396.43,382,135,247,120,15,0,0,247,0,0,0,19.0
AUSO,MAR23,2023-03-03,2027-03-02,1316,6) Mayor a 360 dias,2) $5.001 a $10.000,20,137875.4,137875.4,46,18,28,2,14,2,0,28,0,0,0,29.0
AUSO,MAR23,2023-03-03,2027-03-02,1316,6) Mayor a 360 dias,3) $10.001 a $20.000,8,111154.15,111154.15,11,8,3,0,8,0,0,3,0,0,0,12.0
AUSO,MAR23,2023-03-03,2027-03-02,1316,6) Mayor a 360 dias,4) $20.001 a $35.000,2,55365.08,55365.08,2,1,1,0,0,1,0,1,0,0,0,4.0
AUSO,MAR23E,2023-03-03,2027-03-02,1316,6) Mayor a 360 dias,1) MENOR A $5.000,312,240407.57,240407.57,991,435,556,429,6,0,0,556,0,0,0,6.0
AUSO,MAR23E,2023-03-03,2027-03-02,1316,6) Mayor a 360 dias,2) $5.001 a $10.000,8,52527.38,52527.38,26,10,16,0,10,0,0,16,0,0,0,12.0
AUSO,MAR23E,2023-03-03,2027-03-02,1316,6) Mayor a 360 dias,3) $10.001 a $20.000,2,26467.74,26467.74,2,1,1,0,1,0,0,1,0,0,0,2.0
AUSO,ABR23,2023-04-04,2027-04-03,1284,6) Mayor a 360 dias,1) MENOR A $5.000,569,625479.07,625479.07,1049,407,642,388,19,0,0,642,0,0,0,23.0
AUSO,ABR23,2023-04-04,2027-04-03,1284,6) Mayor a 360 dias,2) $5.001 a $10.000,20,135415.8,135415.8,33,15,18,3,12,0,0,18,0,0,0,14.0
AUSO,ABR23,2023-04-04,2027-04-03,1284,6) Mayor a 360 dias,3) $10.001 a $20.000,3,32755.87,32755.87,12,0,12,0,0,0,0,12,0,0,0,0.0
AUSO,ABR23,2023-04-04,2027-04-03,1284,6) Mayor a 360 dias,4) $20.001 a $35.000,1,27183.94,27183.94,1,0,1,0,0,0,0,1,0,0,0,0.0
AUSO,ABR23,2023-04-04,2027-04-03,1284,6) Mayor a 360 dias,5) $35.001 a $50.000,1,41508.37,41508.37,1,1,0,0,0,0,1,0,0,0,0,8.0
AUSO,ABR23,2023-04-04,2027-04-03,1284,6) Mayor a 360 dias,6) $50.001 a $100.000,1,78520.5,78520.5,15,3,12,0,2,1,0,10,2,0,0,13.0
AUSO,ABR23E,2023-04-04,2027-04-03,1284,6) Mayor a 360 dias,1) MENOR A $5.000,480,283165.11,283165.11,1275,583,692,571,11,1,0,691,1,0,0,23.0
AUSO,ABR23E,2023-04-04,2027-04-03,1284,6) Mayor a 360 dias,2) $5.001 a $10.000,5,39384.58,39384.58,14,7,7,0,7,0,0,7,0,0,0,8.0
AUSO,ABR23E,2023-04-04,2027-04-03,1284,6) Mayor a 360 dias,3) $10.001 a $20.000,1,12166.5,12166.5,4,0,4,0,0,0,0,4,0,0,0,0.0
AUSO,MAY23,2023-05-03,2027-05-02,1255,6) Mayor a 360 dias,1) MENOR A $5.000,430,473485.34,473485.34,726,354,372,337,16,1,0,372,0,0,0,27.0
AUSO,MAY23,2023-05-03,2027-05-02,1255,6) Mayor a 360 dias,2) $5.001 a $10.000,24,160108.62,160108.62,55,18,37,2,16,0,0,37,0,0,0,34.0
AUSO,MAY23,2023-05-03,2027-05-02,1255,6) Mayor a 360 dias,3) $10.001 a $20.000,4,45809.5,45809.5,6,4,2,0,4,0,0,2,0,0,0,9.0
AUSO,MAY23,2023-05-03,2027-05-02,1255,6) Mayor a 360 dias,4) $20.001 a $35.000,2,47268.0,47268.0,2,2,0,0,1,1,0,0,0,0,0,7.0
AUSO,MAY23E,2023-05-03,2027-05-02,1255,6) Mayor a 360 dias,1) MENOR A $5.000,211,189721.34,189721.34,782,364,418,352,12,0,0,418,0,0,0,14.0
AUSO,MAY23E,2023-05-03,2027-05-02,1255,6) Mayor a 360 dias,2) $5.001 a $10.000,8,57322.28,57322.28,434,190,244,180,10,0,0,244,0,0,0,16.0
AUSO,MAY23E,2023-05-03,2027-05-02,1255,6) Mayor a 360 dias,3) $10.001 a $20.000,2,29885.18,29885.18,3,2,1,0,2,0,0,1,0,0,0,4.0
AUSO,JUN23,2023-06-02,2027-06-01,1225,6) Mayor a 360 dias,1) MENOR A $5.000,329,430383.45,430383.45,570,245,325,231,14,0,0,325,0,0,0,19.0
AUSO,JUN23,2023-06-02,2027-06-01,1225,6) Mayor a 360 dias,2) $5.001 a $10.000,33,225094.07,225094.07,73,27,46,1,24,2,0,46,0,0,0,54.0
AUSO,JUN23,2023-06-02,2027-06-01,1225,6) Mayor a 360 dias,3) $10.001 a $20.000,8,117047.36,117047.36,16,9,7,0,9,0,0,5,2,0,0,25.0
AUSO,JUN23,2023-06-02,2027-06-01,1225,6) Mayor a 360 dias,4) $20.001 a $35.000,3,74876.38,74876.38,16,4,12,0,3,1,0,11,1,0,0,11.0
AUSO,JUN23E,2023-06-02,2027-06-01,1225,6) Mayor a 360 dias,1) MENOR A $5.000,108,132265.57,132265.57,211,99,112,93,6,0,0,112,0,0,0,8.0
AUSO,JUN23E,2023-06-02,2027-06-01,1225,6) Mayor a 360 dias,2) $5.001 a $10.000,7,51987.18,51987.18,20,10,10,0,10,0,0,10,0,0,0,18.0
AUSO,JUL23,2023-07-06,2027-07-05,1191,6) Mayor a 360 dias,1) MENOR A $5.000,578,553357.94,553357.94,1013,420,593,411,8,1,0,593,0,0,0,17.0
AUSO,JUL23,2023-07-06,2027-07-05,1191,6) Mayor a 360 dias,2) $5.001 a $10.000,21,139007.01,139007.01,39,23,16,1,18,2,2,16,0,0,0,53.0
AUSO,JUL23,2023-07-06,2027-07-05,1191,6) Mayor a 360 dias,3) $10.001 a $20.000,3,47360.25,47360.25,3,1,2,0,1,0,0,2,0,0,0,2.0
AUSO,JUL23E,2023-07-06,2027-07-05,1191,6) Mayor a 360 dias,1) MENOR A $5.000,200,173920.34,173920.34,387,199,188,195,4,0,0,188,0,0,0,5.0
AUSO,JUL23E,2023-07-06,2027-07-05,1191,6) Mayor a 360 dias,2) $5.001 a $10.000,4,22864.51,22864.51,8,2,6,0,2,0,0,6,0,0,0,2.0
AUSO,JUL23E,2023-07-06,2027-07-05,1191,6) Mayor a 360 dias,3) $10.001 a $20.000,2,24793.66,24793.66,7,1,6,0,1,0,0,6,0,0,0,3.0
AUSO,AGO23,2023-08-03,2027-08-02,1163,6) Mayor a 360 dias,1) MENOR A $5.000,458,548105.23,548105.23,830,367,463,337,30,0,0,463,0,0,0,39.0
AUSO,AGO23,2023-08-03,2027-08-02,1163,6) Mayor a 360 dias,2) $5.001 a $10.000,16,101890.13,101890.13,26,11,15,0,9,2,0,15,0,0,0,23.0
AUSO,AGO23,2023-08-03,2027-08-02,1163,6) Mayor a 360 dias,3) $10.001 a $20.000,4,44202.0,44202.0,9,1,8,0,1,0,0,8,0,0,0,3.0
AUSO,AGO23,2023-08-03,2027-08-02,1163,6) Mayor a 360 dias,4) $20.001 a $35.000,1,34032.61,34032.61,1,0,1,0,0,0,0,1,0,0,0,0.0
AUSO,AGO23E,2023-08-03,2027-08-02,1163,6) Mayor a 360 dias,1) MENOR A $5.000,132,123123.11,123123.11,591,235,356,222,12,1,0,356,0,0,0,19.0
AUSO,AGO23E,2023-08-03,2027-08-02,1163,6) Mayor a 360 dias,2) $5.001 a $10.000,4,29591.42,29591.42,370,129,241,120,9,0,0,241,0,0,0,14.0
AUSO,AGO23E,2023-08-03,2027-08-02,1163,6) Mayor a 360 dias,3) $10.001 a $20.000,1,10067.28,10067.28,1,1,0,0,1,0,0,0,0,0,0,2.0
AUSO,AGO23E,2023-08-03,2027-08-02,1163,6) Mayor a 360 dias,4) $20.001 a $35.000,1,26855.49,26855.49,1,1,0,0,1,0,0,0,0,0,0,3.0
AUSO,SEP23,2023-09-05,2027-09-04,1130,6) Mayor a 360 dias,1) MENOR A $5.000,441,501675.26,501675.26,730,305,425,288,15,2,0,425,0,0,0,26.0
AUSO,SEP23,2023-09-05,2027-09-04,1130,6) Mayor a 360 dias,2) $5.001 a $10.000,22,141303.19,141303.19,30,17,13,0,17,0,0,13,0,0,0,29.0
AUSO,SEP23,2023-09-05,2027-09-04,1130,6) Mayor a 360 dias,3) $10.001 a $20.000,6,78229.96,78229.96,7,4,3,0,4,0,0,3,0,0,0,9.0
AUSO,SEP23E,2023-09-05,2027-09-04,1130,6) Mayor a 360 dias,1) MENOR A $5.000,125,117142.49,117142.49,220,101,119,96,5,0,0,119,0,0,0,6.0
AUSO,SEP23E,2023-09-05,2027-09-04,1130,6) Mayor a 360 dias,2) $5.001 a $10.000,2,14998.63,14998.63,4,3,1,0,3,0,0,1,0,0,0,4.0
AUSO,SEP23E,2023-09-05,2027-09-04,1130,6) Mayor a 360 dias,3) $10.001 a $20.000,2,27956.8,27956.8,4,3,1,0,3,0,0,1,0,0,0,5.0
AUSO,SEP23E,2023-09-05,2027-09-04,1130,6) Mayor a 360 dias,4) $20.001 a $35.000,1,25891.17,25891.17,2,2,0,0,0,1,1,0,0,0,0,12.0
AUSO,OCT23,2023-10-04,2027-10-03,1101,6) Mayor a 360 dias,1) MENOR A $5.000,374,447568.44,447568.44,685,278,407,263,15,0,0,407,0,0,0,19.0
AUSO,OCT23,2023-10-04,2027-10-03,1101,6) Mayor a 360 dias,2) $5.001 a $10.000,26,185565.29,185565.29,57,19,38,0,19,0,0,38,0,0,0,30.0
AUSO,OCT23,2023-10-04,2027-10-03,1101,6) Mayor a 360 dias,3) $10.001 a $20.000,3,41654.87,41654.87,12,2,10,0,2,0,0,10,0,0,0,5.0
AUSO,OCT23,2023-10-04,2027-10-03,1101,6) Mayor a 360 dias,5) $35.001 a $50.000,1,43112.03,43112.03,2,2,0,0,0,2,0,0,0,0,0,10.0
AUSO,OCT23E,2023-10-04,2027-10-03,1101,6) Mayor a 360 dias,1) MENOR A $5.000,105,108070.86,108070.86,157,85,72,83,2,0,0,71,1,0,0,4.0
AUSO,OCT23E,2023-10-04,2027-10-03,1101,6) Mayor a 360 dias,2) $5.001 a $10.000,1,7279.0,7279.0,1,1,0,0,1,0,0,0,0,0,0,2.0
AUSO,OCT23E,2023-10-04,2027-10-03,1101,6) Mayor a 360 dias,3) $10.001 a $20.000,3,46010.59,46010.59,6,2,4,0,1,1,0,4,0,0,0,6.0
AUSO,OCT23E,2023-10-04,2027-10-03,1101,6) Mayor a 360 dias,5) $35.001 a $50.000,2,87624.43,87624.43,4,2,2,0,1,1,0,2,0,0,0,7.0
AUSO,OCT23E,2023-10-04,2027-10-03,1101,6) Mayor a 360 dias,6) $50.001 a $100.000,1,53407.54,53407.54,4,1,3,1,0,0,0,3,0,0,0,0.0
AUSO,NOV23,2023-11-02,2027-11-01,1072,6) Mayor a 360 dias,1) MENOR A $5.000,390,458161.4,458161.4,696,284,412,273,11,0,0,412,0,0,0,13.0
AUSO,NOV23,2023-11-02,2027-11-01,1072,6) Mayor a 360 dias,2) $5.001 a $10.000,18,119826.26,119826.26,20,12,8,0,12,0,0,8,0,0,0,21.0
AUSO,NOV23,2023-11-02,2027-11-01,1072,6) Mayor a 360 dias,3) $10.001 a $20.000,6,80966.75,80966.75,8,3,5,0,3,0,0,5,0,0,0,6.0
AUSO,NOV23,2023-11-02,2027-11-01,1072,6) Mayor a 360 dias,5) $35.001 a $50.000,1,42541.0,42541.0,1,1,0,0,0,1,0,0,0,0,0,4.0
AUSO,NOV23E,2023-11-02,2027-11-01,1072,6) Mayor a 360 dias,1) MENOR A $5.000,125,149200.95,149200.95,181,98,83,93,5,0,0,83,0,0,0,7.0
AUSO,NOV23E,2023-11-02,2027-11-01,1072,6) Mayor a 360 dias,2) $5.001 a $10.000,2,14460.0,14460.0,2,2,0,0,2,0,0,0,0,0,0,4.0
AUSO,NOV23E,2023-11-02,2027-11-01,1072,6) Mayor a 360 dias,3) $10.001 a $20.000,2,24803.0,24803.0,4,3,1,1,2,0,0,1,0,0,0,4.0
AUSO,DIC23,2023-12-05,2027-12-04,1039,6) Mayor a 360 dias,1) MENOR A $5.000,407,524662.78,524662.78,726,335,391,319,16,0,0,391,0,0,0,21.0
AUSO,DIC23,2023-12-05,2027-12-04,1039,6) Mayor a 360 dias,2) $5.001 a $10.000,38,261798.62,261798.62,65,34,31,3,31,0,0,31,0,0,0,48.0
AUSO,DIC23,2023-12-05,2027-12-04,1039,6) Mayor a 360 dias,3) $10.001 a $20.000,10,126191.93,126191.93,18,8,10,0,8,0,0,10,0,0,0,16.0
AUSO,DIC23,2023-12-05,2027-12-04,1039,6) Mayor a 360 dias,4) $20.001 a $35.000,2,46630.02,46630.02,2,0,2,0,0,0,0,2,0,0,0,0.0
AUSO,DIC23E,2023-12-05,2027-12-04,1039,6) Mayor a 360 dias,1) MENOR A $5.000,90,94083.22,94083.22,134,70,64,66,4,0,0,64,0,0,0,7.0
AUSO,DIC23E,2023-12-05,2027-12-04,1039,6) Mayor a 360 dias,2) $5.001 a $10.000,6,38774.7,38774.7,7,5,2,0,5,0,0,2,0,0,0,6.0
AUSO,DIC23E,2023-12-05,2027-12-04,1039,6) Mayor a 360 dias,4) $20.001 a $35.000,2,48304.07,48304.07,5,1,4,0,1,0,0,4,0,0,0,2.0
AUSO,ENE24,2024-01-03,2028-01-02,1010,6) Mayor a 360 dias,1) MENOR A $5.000,720,697728.28,697728.28,1346,577,769,548,29,0,0,768,1,0,0,39.0
AUSO,ENE24,2024-01-03,2028-01-02,1010,6) Mayor a 360 dias,2) $5.001 a $10.000,39,272376.79,272376.79,68,24,44,2,21,1,0,44,0,0,0,36.0
AUSO,ENE24,2024-01-03,2028-01-02,1010,6) Mayor a 360 dias,3) $10.001 a $20.000,19,258653.97,258653.97,27,11,16,1,8,2,0,16,0,0,0,26.0
AUSO,ENE24,2024-01-03,2028-01-02,1010,6) Mayor a 360 dias,4) $20.001 a $35.000,8,197410.61,197410.61,15,7,8,0,6,1,0,8,0,0,0,16.0
AUSO,ENE24E,2024-01-03,2028-01-02,1010,6) Mayor a 360 dias,1) MENOR A $5.000,161,156935.32,156935.32,256,115,141,111,4,0,0,141,0,0,0,4.0
AUSO,ENE24E,2024-01-03,2028-01-02,1010,6) Mayor a 360 dias,2) $5.001 a $10.000,9,70345.62,70345.62,12,8,4,0,7,0,1,4,0,0,0,19.0
AUSO,ENE24E,2024-01-03,2028-01-02,1010,6) Mayor a 360 dias,3) $10.001 a $20.000,3,41483.87,41483.87,4,3,1,0,3,0,0,1,0,0,0,6.0
AUSO,ENE24E,2024-01-03,2028-01-02,1010,6) Mayor a 360 dias,4) $20.001 a $35.000,1,21300.0,21300.0,4,3,1,0,3,0,0,0,1,0,0,9.0
AUSO,ENE24E,2024-01-03,2028-01-02,1010,6) Mayor a 360 dias,5) $35.001 a $50.000,1,44800.35,44800.35,1,1,0,0,0,1,0,0,0,0,0,5.0
AUSO,FEB24,2024-02-02,2028-02-01,980,6) Mayor a 360 dias,1) MENOR A $5.000,713,672900.46,672900.46,1283,538,745,521,17,0,0,744,1,0,0,22.0
AUSO,FEB24,2024-02-02,2028-02-01,980,6) Mayor a 360 dias,2) $5.001 a $10.000,57,406585.36,406585.36,107,40,67,1,38,1,0,67,0,0,0,55.0
AUSO,FEB24,2024-02-02,2028-02-01,980,6) Mayor a 360 dias,3) $10.001 a $20.000,24,349195.94,349195.94,41,12,29,1,11,0,0,29,0,0,0,24.0
AUSO,FEB24,2024-02-02,2028-02-01,980,6) Mayor a 360 dias,4) $20.001 a $35.000,8,202537.61,202537.61,14,8,6,0,7,1,0,6,0,0,0,23.0
AUSO,FEB24,2024-02-02,2028-02-01,980,6) Mayor a 360 dias,5) $35.001 a $50.000,2,80087.6,80087.6,5,1,4,0,0,1,0,4,0,0,0,4.0
AUSO,FEB24,2024-02-02,2028-02-01,980,6) Mayor a 360 dias,6) $50.001 a $100.000,1,51816.19,51816.19,1,1,0,0,0,1,0,0,0,0,0,4.0
AUSO,FEB24E,2024-02-02,2028-02-01,980,6) Mayor a 360 dias,1) MENOR A $5.000,141,148844.13,148844.13,567,212,355,208,4,0,0,355,0,0,0,5.0
AUSO,FEB24E,2024-02-02,2028-02-01,980,6) Mayor a 360 dias,2) $5.001 a $10.000,11,70621.85,70621.85,19,10,9,0,9,1,0,9,0,0,0,17.0
AUSO,FEB24E,2024-02-02,2028-02-01,980,6) Mayor a 360 dias,3) $10.001 a $20.000,2,31750.0,31750.0,10,2,8,0,2,0,0,8,0,0,0,4.0
AUSO,102,2024-03-05,2028-03-04,948,6) Mayor a 360 dias,1) MENOR A $5.000,854,765563.22,765563.22,1600,432,1168,414,17,1,0,1168,0,0,0,28.0
AUSO,102,2024-03-05,2028-03-04,948,6) Mayor a 360 dias,2) $5.001 a $10.000,53,374295.04,374295.04,83,35,48,3,31,1,0,48,0,0,0,59.0
AUSO,102,2024-03-05,2028-03-04,948,6) Mayor a 360 dias,3) $10.001 a $20.000,23,298562.2,298562.2,42,19,23,0,19,0,0,23,0,0,0,39.0
AUSO,102,2024-03-05,2028-03-04,948,6) Mayor a 360 dias,4) $20.001 a $35.000,6,141078.5,141078.5,11,2,9,0,2,0,0,9,0,0,0,4.0
AUSO,102,2024-03-05,2028-03-04,948,6) Mayor a 360 dias,5) $35.001 a $50.000,1,38772.42,38772.42,2,1,1,0,1,0,0,1,0,0,0,1.0
AUSO,102,2024-03-05,2028-03-04,948,6) Mayor a 360 dias,6) $50.001 a $100.000,2,144000.0,144000.0,3,1,2,0,0,1,0,2,0,0,0,4.0
AUSO,103,2024-03-05,2028-03-04,948,6) Mayor a 360 dias,1) MENOR A $5.000,1999,1845217.69,1845217.69,3600,1152,2448,1061,89,2,0,2447,1,0,0,133.0
AUSO,103,2024-03-05,2028-03-04,948,6) Mayor a 360 dias,2) $5.001 a $10.000,79,527897.3,527897.3,144,64,80,6,58,0,0,80,0,0,0,105.0
AUSO,103,2024-03-05,2028-03-04,948,6) Mayor a 360 dias,3) $10.001 a $20.000,25,341906.4,341906.4,51,21,30,3,18,0,0,30,0,0,0,30.0
AUSO,103,2024-03-05,2028-03-04,948,6) Mayor a 360 dias,4) $20.001 a $35.000,6,137018.6,137018.6,13,6,7,0,5,1,0,7,0,0,0,16.0
AUSO,103,2024-03-05,2028-03-04,948,6) Mayor a 360 dias,5) $35.001 a $50.000,2,76001.8,76001.8,10,5,5,0,1,3,1,5,0,0,0,22.0
AUSO,103,2024-03-05,2028-03-04,948,6) Mayor a 360 dias,7) $100.001 a $500.000,1,133718.98,133718.98,2,2,0,0,0,2,0,0,0,0,0,9.0
AUSO,104,2024-04-04,2028-04-03,918,6) Mayor a 360 dias,1) MENOR A $5.000,889,833160.94,833160.94,1511,420,1091,409,11,0,0,1090,1,0,0,13.0
AUSO,104,2024-04-04,2028-04-03,918,6) Mayor a 360 dias,2) $5.001 a $10.000,58,423514.13,423514.13,88,45,43,2,42,1,0,43,0,0,0,68.0
AUSO,104,2024-04-04,2028-04-03,918,6) Mayor a 360 dias,3) $10.001 a $20.000,42,585682.2,585682.2,83,36,47,1,35,0,0,47,0,0,0,74.0
AUSO,104,2024-04-04,2028-04-03,918,6) Mayor a 360 dias,4) $20.001 a $35.000,12,296419.63,296419.63,19,11,8,0,11,0,0,8,0,0,0,27.0
AUSO,105,2024-04-04,2028-04-03,918,6) Mayor a 360 dias,1) MENOR A $5.000,154,169511.08,169511.08,583,188,395,183,5,0,0,395,0,0,0,7.0
AUSO,105,2024-04-04,2028-04-03,918,6) Mayor a 360 dias,2) $5.001 a $10.000,12,78860.48,78860.48,19,11,8,2,9,0,0,8,0,0,0,13.0
AUSO,105,2024-04-04,2028-04-03,918,6) Mayor a 360 dias,3) $10.001 a $20.000,6,92374.51,92374.51,7,4,3,0,4,0,0,3,0,0,0,8.0
AUSO,105,2024-04-04,2028-04-03,918,6) Mayor a 360 dias,4) $20.001 a $35.000,3,68485.91,68485.91,3,1,2,0,1,0,0,2,0,0,0,3.0
AUSO,105,2024-04-04,2028-04-03,918,6) Mayor a 360 dias,7) $100.001 a $500.000,1,116675.0,116675.0,1,0,1,0,0,0,0,1,0,0,0,0.0
AUSO,106,2024-05-03,2028-05-02,889,6) Mayor a 360 dias,1) MENOR A $5.000,984,823329.9,823329.9,1691,452,1239,444,6,1,1,1238,1,0,0,26.0
AUSO,106,2024-05-03,2028-05-02,889,6) Mayor a 360 dias,2) $5.001 a $10.000,56,391340.19,391340.19,83,32,51,2,14,13,3,47,1,3,0,143.0
AUSO,106,2024-05-03,2028-05-02,889,6) Mayor a 360 dias,3) $10.001 a $20.000,31,421493.96,421493.96,49,20,29,0,2,17,1,28,1,0,0,89.0
AUSO,106,2024-05-03,2028-05-02,889,6) Mayor a 360 dias,4) $20.001 a $35.000,14,358225.04,358225.04,25,13,12,0,1,12,0,12,0,0,0,53.0
AUSO,106,2024-05-03,2028-05-02,889,6) Mayor a 360 dias,5) $35.001 a $50.000,1,35821.48,35821.48,0,0,0,0,0,0,0,0,0,0,0,0.0
AUSO,106,2024-05-03,2028-05-02,889,6) Mayor a 360 dias,6) $50.001 a $100.000,2,141068.13,141068.13,4,3,1,0,0,2,1,1,0,0,0,21.0
AUSO,107,2024-05-03,2028-05-02,889,6) Mayor a 360 dias,1) MENOR A $5.000,166,191493.42,191493.42,273,104,169,102,2,0,0,169,0,0,0,5.0
AUSO,107,2024-05-03,2028-05-02,889,6) Mayor a 360 dias,2) $5.001 a $10.000,10,70245.78,70245.78,22,7,15,3,3,1,0,15,0,0,0,13.0
AUSO,107,2024-05-03,2028-05-02,889,6) Mayor a 360 dias,3) $10.001 a $20.000,5,64386.31,64386.31,11,4,7,0,0,4,0,7,0,0,0,21.0
AUSO,107,2024-05-03,2028-05-02,889,6) Mayor a 360 dias,4) $20.001 a $35.000,2,47736.38,47736.38,6,3,3,0,0,2,1,3,0,0,0,19.0
AUSO,107,2024-05-03,2028-05-02,889,6) Mayor a 360 dias,6) $50.001 a $100.000,2,111635.01,111635.01,6,3,3,0,1,1,1,3,0,0,0,15.0
AUSO,108,2024-06-04,2028-06-03,857,6) Mayor a 360 dias,1) MENOR A $5.000,937,1026997.6,1026997.6,1638,488,1150,481,7,0,0,1149,0,1,0,16.0
AUSO,108,2024-06-04,2028-06-03,857,6) Mayor a 360 dias,2) $5.001 a $10.000,66,460090.98,460090.98,131,57,74,1,2,48,6,68,1,4,1,301.0
AUSO,108,2024-06-04,2028-06-03,857,6) Mayor a 360 dias,3) $10.001 a $20.000,56,769784.76,769784.76,88,43,45,3,2,30,8,41,3,1,0,227.0
AUSO,108,2024-06-04,2028-06-03,857,6) Mayor a 360 dias,4) $20.001 a $35.000,16,412425.0,412425.0,19,9,10,0,0,9,0,10,0,0,0,47.0
AUSO,108,2024-06-04,2028-06-03,857,6) Mayor a 360 dias,5) $35.001 a $50.000,1,47957.92,47957.92,1,1,0,0,0,1,0,0,0,0,0,4.0
AUSO,108,2024-06-04,2028-06-03,857,6) Mayor a 360 dias,6) $50.001 a $100.000,1,73000.0,73000.0,1,0,1,0,0,0,0,1,0,0,0,0.0
AUSO,109,2024-06-04,2028-06-03,857,6) Mayor a 360 dias,1) MENOR A $5.000,130,155871.32,155871.32,243,100,143,99,0,1,0,143,0,0,0,5.0
AUSO,109,2024-06-04,2028-06-03,857,6) Mayor a 360 dias,2) $5.001 a $10.000,10,70255.5,70255.5,335,88,247,77,2,5,4,246,0,0,1,67.0
AUSO,109,2024-06-04,2028-06-03,857,6) Mayor a 360 dias,3) $10.001 a $20.000,11,142072.84,142072.84,21,8,13,1,1,4,2,12,0,0,1,48.0
AUSO,109,2024-06-04,2028-06-03,857,6) Mayor a 360 dias,4) $20.001 a $35.000,3,85887.18,85887.18,4,3,1,0,0,3,0,1,0,0,0,16.0
AUSO,109,2024-06-04,2028-06-03,857,6) Mayor a 360 dias,5) $35.001 a $50.000,1,36817.31,36817.31,1,0,1,0,0,0,0,1,0,0,0,0.0
AUSO,109,2024-06-04,2028-06-03,857,6) Mayor a 360 dias,6) $50.001 a $100.000,2,111919.85,111919.85,13,6,7,0,2,0,4,7,0,0,0,39.0
AUSO,110,2024-07-02,2028-07-01,829,6) Mayor a 360 dias,1) MENOR A $5.000,2540,1877759.13,1877759.13,4517,932,3585,914,12,6,0,3581,3,1,0,52.0
AUSO,110,2024-07-02,2028-07-01,829,6) Mayor a 360 dias,2) $5.001 a $10.000,105,733569.26,733569.26,173,60,113,17,8,32,3,107,2,3,1,218.0
AUSO,110,2024-07-02,2028-07-01,829,6) Mayor a 360 dias,3) $10.001 a $20.000,86,1155703.45,1155703.45,147,53,94,4,10,36,3,83,6,3,2,265.0
AUSO,110,2024-07-02,2028-07-01,829,6) Mayor a 360 dias,4) $20.001 a $35.000,23,560605.19,560605.19,40,13,27,0,1,9,3,24,2,1,0,79.0
AUSO,110,2024-07-02,2028-07-01,829,6) Mayor a 360 dias,5) $35.001 a $50.000,7,303009.77,303009.77,6,0,6,0,0,0,0,6,0,0,0,0.0
AUSO,110,2024-07-02,2028-07-01,829,6) Mayor a 360 dias,6) $50.001 a $100.000,7,516848.15,516848.15,17,4,13,0,0,1,3,13,0,0,0,25.0
AUSO,111,2024-07-02,2028-07-01,829,6) Mayor a 360 dias,1) MENOR A $5.000,178,212849.14,212849.14,630,200,430,196,4,0,0,430,0,0,0,6.0
AUSO,111,2024-07-02,2028-07-01,829,6) Mayor a 360 dias,2) $5.001 a $10.000,14,100544.94,100544.94,20,13,7,1,1,7,4,6,0,1,0,74.0
AUSO,111,2024-07-02,2028-07-01,829,6) Mayor a 360 dias,3) $10.001 a $20.000,7,97244.58,97244.58,11,8,3,0,0,4,4,3,0,0,0,49.0
AUSO,111,2024-07-02,2028-07-01,829,6) Mayor a 360 dias,4) $20.001 a $35.000,5,112345.08,112345.08,9,4,5,0,0,4,0,3,0,1,1,31.0
AUSO,111,2024-07-02,2028-07-01,829,6) Mayor a 360 dias,6) $50.001 a $100.000,1,84050.0,84050.0,3,1,2,0,0,0,1,2,0,0,0,7.0
AUSO,112,2024-08-02,2028-08-01,798,6) Mayor a 360 dias,1) MENOR A $5.000,1401,1662035.62,1662035.62,2598,833,1765,824,8,1,0,1765,0,0,0,15.0
AUSO,112,2024-08-02,2028-08-01,798,6) Mayor a 360 dias,2) $5.001 a $10.000,110,769829.94,769829.94,178,79,99,10,3,52,14,92,1,2,4,403.0
AUSO,112,2024-08-02,2028-08-01,798,6) Mayor a 360 dias,3) $10.001 a $20.000,78,1132144.49,1132144.49,119,52,67,1,4,42,5,63,0,4,0,295.0
AUSO,112,2024-08-02,2028-08-01,798,6) Mayor a 360 dias,4) $20.001 a $35.000,39,982254.15,982254.15,62,25,37,0,1,22,2,34,1,2,0,144.0
AUSO,112,2024-08-02,2028-08-01,798,6) Mayor a 360 dias,5) $35.001 a $50.000,7,301891.87,301891.87,12,5,7,2,0,2,1,7,0,0,0,19.0
AUSO,112,2024-08-02,2028-08-01,798,6) Mayor a 360 dias,6) $50.001 a $100.000,3,200334.55,200334.55,8,5,3,2,1,0,2,3,0,0,0,17.0
AUSO,112,2024-08-02,2028-08-01,798,6) Mayor a 360 dias,7) $100.001 a $500.000,1,101147.11,101147.11,10,3,7,0,0,0,3,7,0,0,0,23.0
AUSO,113,2024-08-02,2028-08-01,798,6) Mayor a 360 dias,1) MENOR A $5.000,209,249669.67,249669.67,665,229,436,228,1,0,0,436,0,0,0,3.0
AUSO,113,2024-08-02,2028-08-01,798,6) Mayor a 360 dias,2) $5.001 a $10.000,14,92836.94,92836.94,27,13,14,0,0,12,1,14,0,0,0,62.0
AUSO,113,2024-08-02,2028-08-01,798,6) Mayor a 360 dias,3) $10.001 a $20.000,10,140518.31,140518.31,26,13,13,1,2,6,4,11,0,1,1,85.0
AUSO,113,2024-08-02,2028-08-01,798,6) Mayor a 360 dias,4) $20.001 a $35.000,2,55440.35,55440.35,6,2,4,0,0,2,0,4,0,0,0,10.0
AUSO,113,2024-08-02,2028-08-01,798,6) Mayor a 360 dias,5) $35.001 a $50.000,1,40475.0,40475.0,6,4,2,0,1,3,0,2,0,0,0,18.0
AUSO,114,2024-09-03,2028-09-02,766,6) Mayor a 360 dias,1) MENOR A $5.000,1431,1616280.53,1616280.53,2493,761,1732,751,9,1,0,1732,0,0,0,18.0
AUSO,114,2024-09-03,2028-09-02,766,6) Mayor a 360 dias,2) $5.001 a $10.000,107,769366.22,769366.22,192,77,115,9,5,51,12,114,0,1,0,364.0
AUSO,114,2024-09-03,2028-09-02,766,6) Mayor a 360 dias,3) $10.001 a $20.000,85,1236703.74,1236703.74,162,84,78,6,3,69,6,74,1,2,1,423.0
AUSO,114,2024-09-03,2028-09-02,766,6) Mayor a 360 dias,4) $20.001 a $35.000,23,575224.07,575224.07,34,19,15,0,1,17,1,15,0,0,0,94.0
AUSO,114,2024-09-03,2028-09-02,766,6) Mayor a 360 dias,5) $35.001 a $50.000,4,169911.22,169911.22,4,2,2,0,0,1,1,2,0,0,0,15.0
AUSO,114,2024-09-03,2028-09-02,766,6) Mayor a 360 dias,6) $50.001 a $100.000,6,383127.67,383127.67,14,7,7,0,3,1,3,7,0,0,0,37.0
AUSO,114,2024-09-03,2028-09-02,766,6) Mayor a 360 dias,7) $100.001 a $500.000,1,138240.59,138240.59,1,0,1,0,0,0,0,1,0,0,0,0.0
AUSO,115,2024-09-03,2028-09-02,766,6) Mayor a 360 dias,1) MENOR A $5.000,220,291923.74,291923.74,355,153,202,151,2,0,0,202,0,0,0,6.0
AUSO,115,2024-09-03,2028-09-02,766,6) Mayor a 360 dias,2) $5.001 a $10.000,16,116387.08,116387.08,21,15,6,3,0,9,3,4,0,2,0,78.0
AUSO,115,2024-09-03,2028-09-02,766,6) Mayor a 360 dias,3) $10.001 a $20.000,7,95409.04,95409.04,10,7,3,0,1,6,0,3,0,0,0,34.0
AUSO,115,2024-09-03,2028-09-02,766,6) Mayor a 360 dias,4) $20.001 a $35.000,5,136526.78,136526.78,5,2,3,0,0,2,0,3,0,0,0,11.0
AUSO,115,2024-09-03,2028-09-02,766,6) Mayor a 360 dias,5) $35.001 a $50.000,3,134235.35,134235.35,3,1,2,0,0,1,0,2,0,0,0,6.0
AUSO,115,2024-09-03,2028-09-02,766,6) Mayor a 360 dias,7) $100.001 a $500.000,2,296469.18,296469.18,2,1,1,0,0,0,1,1,0,0,0,9.0
AUSO,116,2024-10-02,2028-10-01,737,6) Mayor a 360 dias,1) MENOR A $5.000,1127,1483093.24,1483093.24,1997,609,1388,596,10,3,0,1386,2,0,0,34.0
AUSO,116,2024-10-02,2028-10-01,737,6) Mayor a 360 dias,2) $5.001 a $10.000,117,835725.71,835725.71,187,70,117,17,6,43,4,111,1,5,0,276.0
AUSO,116,2024-10-02,2028-10-01,737,6) Mayor a 360 dias,3) $10.001 a $20.000,70,1025109.59,1025109.59,151,58,93,4,1,48,5,92,0,0,1,301.0
AUSO,116,2024-10-02,2028-10-01,737,6) Mayor a 360 dias,4) $20.001 a $35.000,31,805637.0,805637.0,45,23,22,0,0,18,5,22,0,0,0,131.0
AUSO,116,2024-10-02,2028-10-01,737,6) Mayor a 360 dias,5) $35.001 a $50.000,10,404058.6,404058.6,15,9,6,0,1,7,1,6,0,0,0,48.0
AUSO,116,2024-10-02,2028-10-01,737,6) Mayor a 360 dias,6) $50.001 a $100.000,6,356220.02,356220.02,14,7,7,0,1,2,4,6,0,1,0,51.0
AUSO,116,2024-10-02,2028-10-01,737,6) Mayor a 360 dias,7) $100.001 a $500.000,2,419839.79,419839.79,2,1,1,0,1,0,0,1,0,0,0,3.0
AUSO,117,2024-10-02,2028-10-01,737,6) Mayor a 360 dias,1) MENOR A $5.000,148,196663.53,196663.53,566,170,396,169,1,0,0,396,0,0,0,1.0
AUSO,117,2024-10-02,2028-10-01,737,6) Mayor a 360 dias,2) $5.001 a $10.000,13,91826.28,91826.28,18,8,10,3,0,3,2,9,1,0,0,35.0
AUSO,117,2024-10-02,2028-10-01,737,6) Mayor a 360 dias,3) $10.001 a $20.000,7,92287.92,92287.92,8,2,6,0,1,0,1,6,0,0,0,9.0
AUSO,117,2024-10-02,2028-10-01,737,6) Mayor a 360 dias,4) $20.001 a $35.000,6,153204.77,153204.77,7,3,4,0,0,3,0,4,0,0,0,15.0
AUSO,117,2024-10-02,2028-10-01,737,6) Mayor a 360 dias,5) $35.001 a $50.000,1,44075.0,44075.0,2,0,2,0,0,0,0,2,0,0,0,0.0
AUSO,117,2024-10-02,2028-10-01,737,6) Mayor a 360 dias,6) $50.001 a $100.000,1,50240.84,50240.84,1,1,0,0,0,0,1,0,0,0,0,8.0
AUSO,118,2024-11-01,2028-10-31,707,6) Mayor a 360 dias,1) MENOR A $5.000,1198,1405528.56,1405528.56,2111,647,1464,641,5,1,0,1464,0,0,0,14.0
AUSO,118,2024-11-01,2028-10-31,707,6) Mayor a 360 dias,2) $5.001 a $10.000,113,787784.28,787784.28,178,76,102,25,3,41,7,100,0,2,0,269.0
AUSO,118,2024-11-01,2028-10-31,707,6) Mayor a 360 dias,3) $10.001 a $20.000,79,1076882.14,1076882.14,148,62,86,4,2,48,8,82,1,2,1,337.0
AUSO,118,2024-11-01,2028-10-31,707,6) Mayor a 360 dias,4) $20.001 a $35.000,35,924928.27,924928.27,67,25,42,1,0,23,1,41,0,1,0,127.0
AUSO,118,2024-11-01,2028-10-31,707,6) Mayor a 360 dias,5) $35.001 a $50.000,8,311650.0,311650.0,15,7,8,0,0,6,1,8,0,0,0,40.0
AUSO,118,2024-11-01,2028-10-31,707,6) Mayor a 360 dias,6) $50.001 a $100.000,5,334277.5,334277.5,15,6,9,1,1,0,4,8,0,1,0,39.0
AUSO,118,2024-11-01,2028-10-31,707,6) Mayor a 360 dias,7) $100.001 a $500.000,3,415159.1,415159.1,3,1,2,1,0,0,0,2,0,0,0,0.0
AUSO,119,2024-11-01,2028-10-31,707,6) Mayor a 360 dias,1) MENOR A $5.000,133,211087.41,211087.41,217,99,118,96,2,0,1,118,0,0,0,15.0
AUSO,119,2024-11-01,2028-10-31,707,6) Mayor a 360 dias,2) $5.001 a $10.000,9,60472.05,60472.05,15,7,8,1,0,5,1,8,0,0,0,34.0
AUSO,119,2024-11-01,2028-10-31,707,6) Mayor a 360 dias,3) $10.001 a $20.000,4,53596.54,53596.54,17,3,14,1,0,2,0,12,0,2,0,21.0
AUSO,119,2024-11-01,2028-10-31,707,6) Mayor a 360 dias,4) $20.001 a $35.000,3,66206.39,66206.39,5,2,3,0,0,2,0,3,0,0,0,11.0
AUSO,119,2024-11-01,2028-10-31,707,6) Mayor a 360 dias,6) $50.001 a $100.000,3,214537.49,214537.49,3,3,0,0,0,1,2,0,0,0,0,21.0
AUSO,120,2024-12-02,2028-12-01,676,6) Mayor a 360 dias,1) MENOR A $5.000,1107,1453207.36,1453207.36,1911,582,1329,578,4,0,0,1328,1,0,0,7.0
AUSO,120,2024-12-02,2028-12-01,676,6) Mayor a 360 dias,2) $5.001 a $10.000,116,808853.52,808853.52,192,78,114,29,3,40,6,110,0,1,3,270.0
AUSO,120,2024-12-02,2028-12-01,676,6) Mayor a 360 dias,3) $10.001 a $20.000,93,1290786.58,1290786.58,150,64,86,4,5,45,10,79,1,3,3,354.0
AUSO,120,2024-12-02,2028-12-01,676,6) Mayor a 360 dias,4) $20.001 a $35.000,70,1868925.15,1868925.15,107,54,53,5,4,38,7,52,0,1,0,276.0
AUSO,120,2024-12-02,2028-12-01,676,6) Mayor a 360 dias,5) $35.001 a $50.000,17,721462.02,721462.02,30,15,15,1,0,10,4,13,0,1,1,100.0
AUSO,120,2024-12-02,2028-12-01,676,6) Mayor a 360 dias,6) $50.001 a $100.000,13,841744.01,841744.01,21,11,10,0,0,3,8,10,0,0,0,82.0
AUSO,120,2024-12-02,2028-12-01,676,6) Mayor a 360 dias,7) $100.001 a $500.000,2,595645.24,595645.24,5,2,3,0,1,0,1,3,0,0,0,11.0
AUSO,120,2024-12-02,2028-12-01,676,6) Mayor a 360 dias,8) >$500.000,1,824380.51,824380.51,1,1,0,0,0,1,0,0,0,0,0,6.0
AUSO,121,2024-12-02,2028-12-01,676,6) Mayor a 360 dias,1) MENOR A $5.000,132,227541.88,227541.88,239,85,154,83,2,0,0,154,0,0,0,4.0
AUSO,121,2024-12-02,2028-12-01,676,6) Mayor a 360 dias,2) $5.001 a $10.000,19,131704.88,131704.88,30,10,20,2,0,7,1,20,0,0,0,42.0
AUSO,121,2024-12-02,2028-12-01,676,6) Mayor a 360 dias,3) $10.001 a $20.000,14,188323.1,188323.1,25,11,14,1,1,9,0,14,0,0,0,48.0
AUSO,121,2024-12-02,2028-12-01,676,6) Mayor a 360 dias,4) $20.001 a $35.000,3,93930.29,93930.29,4,3,1,0,0,1,2,1,0,0,0,20.0
AUSO,121,2024-12-02,2028-12-01,676,6) Mayor a 360 dias,5) $35.001 a $50.000,3,127868.66,127868.66,7,5,2,0,0,5,0,2,0,0,0,26.0
AUSO,121,2024-12-02,2028-12-01,676,6) Mayor a 360 dias,6) $50.001 a $100.000,2,126668.65,126668.65,29,24,5,16,5,1,2,4,1,0,0,35.0
AUSO,122,2025-01-03,2029-01-02,644,6) Mayor a 360 dias,1) MENOR A $5.000,1211,2036144.73,2036144.73,2432,776,1656,770,3,3,0,1656,0,0,0,17.0
AUSO,122,2025-01-03,2029-01-02,644,6) Mayor a 360 dias,2) $5.001 a $10.000,173,1231448.89,1231448.89,374,145,229,31,25,76,13,216,5,3,5,611.0
AUSO,122,2025-01-03,2029-01-02,644,6) Mayor a 360 dias,3) $10.001 a $20.000,126,1796711.65,1796711.65,246,85,161,0,7,69,9,152,4,2,3,486.0
AUSO,122,2025-01-03,2029-01-02,644,6) Mayor a 360 dias,4) $20.001 a $35.000,91,2412723.59,2412723.59,197,78,119,4,8,52,14,109,5,2,3,443.0
AUSO,122,2025-01-03,2029-01-02,644,6) Mayor a 360 dias,5) $35.001 a $50.000,39,1661576.93,1661576.93,75,29,46,1,6,4,18,43,2,0,1,211.0
AUSO,122,2025-01-03,2029-01-02,644,6) Mayor a 360 dias,6) $50.001 a $100.000,29,1943705.25,1943705.25,96,24,72,0,4,4,16,70,1,1,0,197.0
AUSO,122,2025-01-03,2029-01-02,644,6) Mayor a 360 dias,7) $100.001 a $500.000,9,1403532.38,1403532.38,16,8,8,0,2,2,4,6,1,0,1,75.0
AUSO,123,2025-01-03,2029-01-02,644,6) Mayor a 360 dias,1) MENOR A $5.000,208,339581.87,339581.87,379,140,239,139,1,0,0,238,1,0,0,2.0
AUSO,123,2025-01-03,2029-01-02,644,6) Mayor a 360 dias,2) $5.001 a $10.000,19,139150.6,139150.6,32,9,23,1,0,5,3,21,0,1,1,66.0
AUSO,123,2025-01-03,2029-01-02,644,6) Mayor a 360 dias,3) $10.001 a $20.000,17,225245.38,225245.38,25,13,12,0,3,9,1,9,2,1,0,69.0
AUSO,123,2025-01-03,2029-01-02,644,6) Mayor a 360 dias,4) $20.001 a $35.000,7,190717.19,190717.19,14,7,7,0,0,4,3,6,1,0,0,47.0
AUSO,123,2025-01-03,2029-01-02,644,6) Mayor a 360 dias,5) $35.001 a $50.000,4,164528.84,164528.84,7,2,5,0,0,1,1,5,0,0,0,16.0
AUSO,123,2025-01-03,2029-01-02,644,6) Mayor a 360 dias,6) $50.001 a $100.000,4,243104.19,243104.19,7,5,2,0,0,0,5,1,1,0,0,54.0
AUSO,124,2025-02-04,2029-02-03,612,6) Mayor a 360 dias,1) MENOR A $5.000,1293,2140382.77,2140382.77,2590,764,1826,755,7,2,0,1826,0,0,0,24.0
AUSO,124,2025-02-04,2029-02-03,612,6) Mayor a 360 dias,2) $5.001 a $10.000,184,1310777.72,1310777.72,342,123,219,18,17,68,20,212,2,4,1,557.0
AUSO,124,2025-02-04,2029-02-03,612,6) Mayor a 360 dias,3) $10.001 a $20.000,117,1686093.94,1686093.94,237,101,136,3,16,66,16,127,7,0,2,518.0
AUSO,124,2025-02-04,2029-02-03,612,6) Mayor a 360 dias,4) $20.001 a $35.000,73,1983161.49,1983161.49,140,54,86,1,5,39,9,78,3,5,0,314.0
AUSO,124,2025-02-04,2029-02-03,612,6) Mayor a 360 dias,5) $35.001 a $50.000,33,1372054.33,1372054.33,63,27,36,0,4,7,16,34,2,0,0,179.0
AUSO,124,2025-02-04,2029-02-03,612,6) Mayor a 360 dias,6) $50.001 a $100.000,26,1818669.21,1818669.21,45,22,23,0,2,2,18,22,0,0,1,212.0
AUSO,124,2025-02-04,2029-02-03,612,6) Mayor a 360 dias,7) $100.001 a $500.000,11,2080615.24,2080615.24,21,10,11,0,2,1,7,11,0,0,0,79.0
AUSO,124,2025-02-04,2029-02-03,612,6) Mayor a 360 dias,8) >$500.000,1,599911.61,599911.61,2,2,0,0,0,0,2,0,0,0,0,21.0
AUSO,125,2025-02-04,2029-02-03,612,6) Mayor a 360 dias,1) MENOR A $5.000,183,318324.7,318324.7,335,120,215,119,1,0,0,215,0,0,0,3.0
AUSO,125,2025-02-04,2029-02-03,612,6) Mayor a 360 dias,2) $5.001 a $10.000,13,90743.5,90743.5,25,10,15,1,2,5,2,13,1,1,0,53.0
AUSO,125,2025-02-04,2029-02-03,612,6) Mayor a 360 dias,3) $10.001 a $20.000,19,250322.78,250322.78,34,15,19,0,1,13,1,18,0,1,0,82.0
AUSO,125,2025-02-04,2029-02-03,612,6) Mayor a 360 dias,4) $20.001 a $35.000,10,255566.04,255566.04,18,5,13,0,1,3,1,12,1,0,0,27.0
AUSO,125,2025-02-04,2029-02-03,612,6) Mayor a 360 dias,5) $35.001 a $50.000,1,46351.29,46351.29,0,0,0,0,0,0,0,0,0,0,0,0.0
AUSO,125,2025-02-04,2029-02-03,612,6) Mayor a 360 dias,6) $50.001 a $100.000,3,172417.9,172417.9,7,4,3,0,1,1,2,3,0,0,0,28.0
AUSO,126,2025-03-06,2029-03-05,582,6) Mayor a 360 dias,1) MENOR A $5.000,1356,2321474.1,2321474.1,2649,862,1787,854,6,2,0,1786,1,0,0,23.0
AUSO,126,2025-03-06,2029-03-05,582,6) Mayor a 360 dias,2) $5.001 a $10.000,182,1283743.24,1283743.24,367,136,231,36,22,70,8,225,1,2,3,489.0
AUSO,126,2025-03-06,2029-03-05,582,6) Mayor a 360 dias,3) $10.001 a $20.000,151,2147570.54,2147570.54,304,118,186,1,16,94,7,180,4,2,0,576.0
AUSO,126,2025-03-06,2029-03-05,582,6) Mayor a 360 dias,4) $20.001 a $35.000,107,2893647.81,2893647.81,192,81,111,2,8,61,10,104,2,4,1,447.0
AUSO,126,2025-03-06,2029-03-05,582,6) Mayor a 360 dias,5) $35.001 a $50.000,50,2067930.58,2067930.58,113,51,62,2,4,11,34,59,2,0,1,386.0
AUSO,126,2025-03-06,2029-03-05,582,6) Mayor a 360 dias,6) $50.001 a $100.000,48,3285741.07,3285741.07,99,51,48,0,6,7,38,46,1,0,1,461.0
AUSO,126,2025-03-06,2029-03-05,582,6) Mayor a 360 dias,7) $100.001 a $500.000,15,2693128.87,2693128.87,26,15,11,0,2,0,13,11,0,0,0,137.0
AUSO,126,2025-03-06,2029-03-05,582,6) Mayor a 360 dias,8) >$500.000,1,942084.12,942084.12,1,1,0,0,0,0,1,0,0,0,0,9.0
AUSO,127,2025-03-06,2029-03-05,582,6) Mayor a 360 dias,1) MENOR A $5.000,198,342253.81,342253.81,394,152,242,150,1,1,0,242,0,0,0,6.0
AUSO,127,2025-03-06,2029-03-05,582,6) Mayor a 360 dias,2) $5.001 a $10.000,16,116027.58,116027.58,40,18,22,6,3,8,1,21,0,1,0,57.0
AUSO,127,2025-03-06,2029-03-05,582,6) Mayor a 360 dias,3) $10.001 a $20.000,13,168601.52,168601.52,18,11,7,0,0,10,1,6,0,0,1,66.0
AUSO,127,2025-03-06,2029-03-05,582,6) Mayor a 360 dias,4) $20.001 a $35.000,14,340117.33,340117.33,21,8,13,0,1,5,2,13,0,0,0,44.0
AUSO,127,2025-03-06,2029-03-05,582,6) Mayor a 360 dias,5) $35.001 a $50.000,4,175113.13,175113.13,5,2,3,0,1,0,1,2,0,0,1,22.0
AUSO,127,2025-03-06,2029-03-05,582,6) Mayor a 360 dias,6) $50.001 a $100.000,3,161473.14,161473.14,3,2,1,0,1,0,1,1,0,0,0,14.0
AUSO,127,2025-03-06,2029-03-05,582,6) Mayor a 360 dias,7) $100.001 a $500.000,1,110378.69,110378.69,1,1,0,0,0,0,1,0,0,0,0,11.0
AUSO,128,2025-04-04,2029-04-03,553,6) Mayor a 360 dias,1) MENOR A $5.000,2764,4412019.81,4412019.81,5721,1751,3970,1700,34,4,13,3969,1,0,0,206.0
AUSO,128,2025-04-04,2029-04-03,553,6) Mayor a 360 dias,2) $5.001 a $10.000,333,2299544.65,2299544.65,644,245,399,75,40,27,103,384,7,3,5,1226.0
AUSO,128,2025-04-04,2029-04-03,553,6) Mayor a 360 dias,3) $10.001 a $20.000,246,3486695.52,3486695.52,451,186,265,4,16,40,126,242,7,1,15,1581.0
AUSO,128,2025-04-04,2029-04-03,553,6) Mayor a 360 dias,4) $20.001 a $35.000,145,3783590.01,3783590.01,270,117,153,0,9,22,86,138,9,1,5,1024.0
AUSO,128,2025-04-04,2029-04-03,553,6) Mayor a 360 dias,5) $35.001 a $50.000,53,2212207.51,2212207.51,89,38,51,0,4,1,33,49,1,1,0,450.0
AUSO,128,2025-04-04,2029-04-03,553,6) Mayor a 360 dias,6) $50.001 a $100.000,48,3174429.77,3174429.77,102,46,56,0,3,3,40,50,2,0,4,582.0
AUSO,128,2025-04-04,2029-04-03,553,6) Mayor a 360 dias,7) $100.001 a $500.000,19,2567565.76,2567565.76,42,22,20,0,3,1,18,18,1,0,1,311.0
AUSO,129,2025-04-04,2029-04-03,553,6) Mayor a 360 dias,1) MENOR A $5.000,3160,3098129.77,3098129.77,6335,1915,4420,1788,42,12,73,4398,11,2,9,1096.0
AUSO,129,2025-04-04,2029-04-03,553,6) Mayor a 360 dias,2) $5.001 a $10.000,110,754296.03,754296.03,181,72,109,10,7,10,45,100,2,1,6,598.0
AUSO,129,2025-04-04,2029-04-03,553,6) Mayor a 360 dias,3) $10.001 a $20.000,39,531283.36,531283.36,405,113,292,70,6,4,33,284,2,1,5,459.0
AUSO,129,2025-04-04,2029-04-03,553,6) Mayor a 360 dias,4) $20.001 a $35.000,21,545838.58,545838.58,36,18,18,0,3,0,15,16,0,0,2,184.0
AUSO,129,2025-04-04,2029-04-03,553,6) Mayor a 360 dias,5) $35.001 a $50.000,9,373011.79,373011.79,13,10,3,0,3,0,7,3,0,0,0,124.0
AUSO,129,2025-04-04,2029-04-03,553,6) Mayor a 360 dias,6) $50.001 a $100.000,8,514827.48,514827.48,18,4,14,0,1,1,2,13,1,0,0,34.0
AUSO,129,2025-04-04,2029-04-03,553,6) Mayor a 360 dias,7) $100.001 a $500.000,1,189356.01,189356.01,4,0,4,0,0,0,0,4,0,0,0,0.0
AUSO,130,2025-05-06,2029-05-05,521,6) Mayor a 360 dias,1) MENOR A $5.000,1332,2397211.73,2397211.73,2645,893,1752,883,7,0,3,1751,1,0,0,56.0
AUSO,130,2025-05-06,2029-05-05,521,6) Mayor a 360 dias,2) $5.001 a $10.000,201,1422935.85,1422935.85,424,167,257,49,19,2,97,244,6,0,7,1412.0
AUSO,130,2025-05-06,2029-05-05,521,6) Mayor a 360 dias,3) $10.001 a $20.000,133,1903677.79,1903677.79,250,111,139,2,8,3,98,133,1,2,3,1406.0
AUSO,130,2025-05-06,2029-05-05,521,6) Mayor a 360 dias,4) $20.001 a $35.000,79,2098803.76,2098803.76,133,66,67,2,8,1,55,62,0,1,4,813.0
AUSO,130,2025-05-06,2029-05-05,521,6) Mayor a 360 dias,5) $35.001 a $50.000,40,1638916.99,1638916.99,92,44,48,0,2,0,42,44,1,0,3,668.0
AUSO,130,2025-05-06,2029-05-05,521,6) Mayor a 360 dias,6) $50.001 a $100.000,43,2828437.7,2828437.7,106,54,52,2,6,3,43,46,3,1,2,801.0
AUSO,130,2025-05-06,2029-05-05,521,6) Mayor a 360 dias,7) $100.001 a $500.000,14,2485981.27,2485981.27,28,13,15,0,0,0,13,15,0,0,0,245.0
AUSO,130,2025-05-06,2029-05-05,521,6) Mayor a 360 dias,8) >$500.000,1,845846.13,845846.13,1,1,0,0,0,0,1,0,0,0,0,8.0
AUSO,131,2025-05-06,2029-05-05,521,6) Mayor a 360 dias,1) MENOR A $5.000,220,419681.91,419681.91,445,155,290,155,0,0,0,290,0,0,0,0.0
AUSO,131,2025-05-06,2029-05-05,521,6) Mayor a 360 dias,2) $5.001 a $10.000,27,174044.34,174044.34,61,25,36,10,6,0,9,33,3,0,0,132.0
AUSO,131,2025-05-06,2029-05-05,521,6) Mayor a 360 dias,3) $10.001 a $20.000,20,282872.81,282872.81,32,19,13,0,2,1,16,13,0,0,0,210.0
AUSO,131,2025-05-06,2029-05-05,521,6) Mayor a 360 dias,4) $20.001 a $35.000,9,222181.71,222181.71,22,10,12,0,1,1,8,12,0,0,0,125.0
AUSO,131,2025-05-06,2029-05-05,521,6) Mayor a 360 dias,5) $35.001 a $50.000,5,192978.0,192978.0,20,7,13,0,0,1,6,13,0,0,0,100.0
AUSO,131,2025-05-06,2029-05-05,521,6) Mayor a 360 dias,6) $50.001 a $100.000,3,175780.61,175780.61,5,3,2,0,0,0,3,2,0,0,0,51.0
AUSO,131,2025-05-06,2029-05-05,521,6) Mayor a 360 dias,7) $100.001 a $500.000,2,225308.19,225308.19,8,6,2,0,1,0,5,2,0,0,0,75.0
AUSO,132,2025-06-03,2029-06-02,493,6) Mayor a 360 dias,1) MENOR A $5.000,905,2106433.58,2106433.58,1766,696,1070,688,7,1,0,1070,0,0,0,14.0
AUSO,132,2025-06-03,2029-06-02,493,6) Mayor a 360 dias,2) $5.001 a $10.000,220,1550606.36,1550606.36,578,176,402,67,30,7,72,387,7,0,8,1126.0
AUSO,132,2025-06-03,2029-06-02,493,6) Mayor a 360 dias,3) $10.001 a $20.000,158,2231897.86,2231897.86,318,124,194,1,10,2,111,178,5,1,10,1725.0
AUSO,132,2025-06-03,2029-06-02,493,6) Mayor a 360 dias,4) $20.001 a $35.000,97,2634550.12,2634550.12,194,95,99,2,10,2,81,93,3,0,3,1272.0
AUSO,132,2025-06-03,2029-06-02,493,6) Mayor a 360 dias,5) $35.001 a $50.000,45,1873168.09,1873168.09,75,33,42,1,2,1,29,39,0,0,3,607.0
AUSO,132,2025-06-03,2029-06-02,493,6) Mayor a 360 dias,6) $50.001 a $100.000,38,2600162.58,2600162.58,88,53,35,6,6,2,39,34,0,0,1,772.0
AUSO,132,2025-06-03,2029-06-02,493,6) Mayor a 360 dias,7) $100.001 a $500.000,10,1903307.62,1903307.62,12,10,2,0,3,0,7,2,0,0,0,144.0
AUSO,132,2025-06-03,2029-06-02,493,6) Mayor a 360 dias,8) >$500.000,1,979960.54,979960.54,5,1,4,0,0,0,1,4,0,0,0,23.0
AUSO,133,2025-06-03,2029-06-02,493,6) Mayor a 360 dias,1) MENOR A $5.000,143,312098.34,312098.34,274,100,174,100,0,0,0,174,0,0,0,0.0
AUSO,133,2025-06-03,2029-06-02,493,6) Mayor a 360 dias,2) $5.001 a $10.000,21,139479.92,139479.92,50,23,27,7,4,1,11,25,1,0,1,146.0
AUSO,133,2025-06-03,2029-06-02,493,6) Mayor a 360 dias,3) $10.001 a $20.000,7,107716.13,107716.13,12,3,9,0,1,0,2,8,1,0,0,34.0
AUSO,133,2025-06-03,2029-06-02,493,6) Mayor a 360 dias,4) $20.001 a $35.000,11,314873.27,314873.27,17,8,9,0,2,0,6,8,0,0,1,79.0
AUSO,133,2025-06-03,2029-06-02,493,6) Mayor a 360 dias,5) $35.001 a $50.000,1,36954.9,36954.9,1,0,1,0,0,0,0,1,0,0,0,0.0
AUSO,133,2025-06-03,2029-06-02,493,6) Mayor a 360 dias,6) $50.001 a $100.000,1,65415.8,65415.8,2,2,0,0,0,0,2,0,0,0,0,45.0
AUSO,134,2025-07-03,2029-07-02,463,6) Mayor a 360 dias,1) MENOR A $5.000,1412,2797443.06,2797443.06,3257,1098,2159,1088,7,2,1,2159,0,0,0,27.0
AUSO,134,2025-07-03,2029-07-02,463,6) Mayor a 360 dias,2) $5.001 a $10.000,240,1703138.45,1703138.45,500,213,287,75,26,9,103,261,17,1,8,1637.0
AUSO,134,2025-07-03,2029-07-02,463,6) Mayor a 360 dias,3) $10.001 a $20.000,164,2302633.77,2302633.77,298,151,147,0,11,5,135,112,28,1,6,1973.0
AUSO,134,2025-07-03,2029-07-02,463,6) Mayor a 360 dias,4) $20.001 a $35.000,108,2810450.64,2810450.64,214,99,115,0,11,3,85,95,17,0,3,1276.0
AUSO,134,2025-07-03,2029-07-02,463,6) Mayor a 360 dias,5) $35.001 a $50.000,39,1665141.81,1665141.81,85,49,36,1,5,0,43,29,7,0,0,791.0
AUSO,134,2025-07-03,2029-07-02,463,6) Mayor a 360 dias,6) $50.001 a $100.000,32,2069854.58,2069854.58,78,55,23,2,3,2,48,21,2,0,0,796.0
AUSO,134,2025-07-03,2029-07-02,463,6) Mayor a 360 dias,7) $100.001 a $500.000,12,1979108.97,1979108.97,25,14,11,0,2,1,11,7,4,0,0,194.0
AUSO,134,2025-07-03,2029-07-02,463,6) Mayor a 360 dias,8) >$500.000,1,531172.24,531172.24,2,2,0,0,1,0,1,0,0,0,0,26.0
AUSO,135,2025-07-03,2029-07-02,463,6) Mayor a 360 dias,1) MENOR A $5.000,204,382921.55,382921.55,685,203,482,199,4,0,0,482,0,0,0,4.0
AUSO,135,2025-07-03,2029-07-02,463,6) Mayor a 360 dias,2) $5.001 a $10.000,27,184920.35,184920.35,69,25,44,13,1,2,9,42,1,0,1,150.0
AUSO,135,2025-07-03,2029-07-02,463,6) Mayor a 360 dias,3) $10.001 a $20.000,12,168976.82,168976.82,19,8,11,0,0,0,8,9,1,1,0,122.0
AUSO,135,2025-07-03,2029-07-02,463,6) Mayor a 360 dias,4) $20.001 a $35.000,10,254489.77,254489.77,19,8,11,1,1,0,6,9,1,0,1,110.0
AUSO,135,2025-07-03,2029-07-02,463,6) Mayor a 360 dias,5) $35.001 a $50.000,7,306750.12,306750.12,9,6,3,0,1,1,4,3,0,0,0,101.0
AUSO,135,2025-07-03,2029-07-02,463,6) Mayor a 360 dias,6) $50.001 a $100.000,4,276394.61,276394.61,311,77,234,67,4,0,6,233,1,0,0,111.0
AUSO,135,2025-07-03,2029-07-02,463,6) Mayor a 360 dias,7) $100.001 a $500.000,2,225201.8,225201.8,3,2,1,0,0,0,2,1,0,0,0,41.0
AUSO,136,2025-08-06,2029-08-05,429,6) Mayor a 360 dias,1) MENOR A $5.000,1852,3351788.72,3351788.72,3564,1177,2387,1170,7,0,0,2386,1,0,0,11.0
AUSO,136,2025-08-06,2029-08-05,429,6) Mayor a 360 dias,2) $5.001 a $10.000,338,2373479.92,2373479.92,685,278,407,109,42,24,103,392,5,1,9,1647.0
AUSO,136,2025-08-06,2029-08-05,429,6) Mayor a 360 dias,3) $10.001 a $20.000,199,2824462.53,2824462.53,395,179,216,4,8,8,159,200,2,2,12,2233.0
AUSO,136,2025-08-06,2029-08-05,429,6) Mayor a 360 dias,4) $20.001 a $35.000,116,3056306.22,3056306.22,215,101,114,3,8,7,83,100,2,2,10,1228.0
AUSO,136,2025-08-06,2029-08-05,429,6) Mayor a 360 dias,5) $35.001 a $50.000,43,1796416.38,1796416.38,76,39,37,0,2,1,36,34,1,2,0,573.0
AUSO,136,2025-08-06,2029-08-05,429,6) Mayor a 360 dias,6) $50.001 a $100.000,48,3193911.86,3193911.86,81,44,37,2,4,3,35,33,1,0,3,594.0
AUSO,136,2025-08-06,2029-08-05,429,6) Mayor a 360 dias,7) $100.001 a $500.000,15,2165193.63,2165193.63,30,16,14,0,2,1,13,14,0,0,0,228.0
AUSO,136,2025-08-06,2029-08-05,429,6) Mayor a 360 dias,8) >$500.000,1,612847.02,612847.02,3,2,1,0,1,0,1,1,0,0,0,20.0
AUSO,137,2025-08-06,2029-08-05,429,6) Mayor a 360 dias,1) MENOR A $5.000,240,453733.25,453733.25,421,177,244,176,1,0,0,244,0,0,0,1.0
AUSO,137,2025-08-06,2029-08-05,429,6) Mayor a 360 dias,2) $5.001 a $10.000,15,112439.08,112439.08,25,12,13,2,2,1,7,13,0,0,0,126.0
AUSO,137,2025-08-06,2029-08-05,429,6) Mayor a 360 dias,3) $10.001 a $20.000,16,227531.66,227531.66,30,16,14,0,1,0,15,12,0,0,2,216.0
AUSO,137,2025-08-06,2029-08-05,429,6) Mayor a 360 dias,4) $20.001 a $35.000,6,144032.17,144032.17,13,6,7,0,0,1,5,7,0,0,0,83.0
AUSO,137,2025-08-06,2029-08-05,429,6) Mayor a 360 dias,5) $35.001 a $50.000,4,162487.36,162487.36,6,4,2,0,1,1,2,2,0,0,0,38.0
AUSO,137,2025-08-06,2029-08-05,429,6) Mayor a 360 dias,6) $50.001 a $100.000,5,317047.78,317047.78,8,6,2,1,0,0,5,2,0,0,0,99.0
AUSO,137,2025-08-06,2029-08-05,429,6) Mayor a 360 dias,7) $100.001 a $500.000,2,356311.36,356311.36,3,3,0,0,0,0,3,0,0,0,0,65.0
AUSO,137,2025-08-06,2029-08-05,429,6) Mayor a 360 dias,8) >$500.000,1,1189452.71,1189452.71,3,2,1,0,1,0,1,1,0,0,0,21.0
AUSO,138,2025-09-02,2029-09-01,402,6) Mayor a 360 dias,1) MENOR A $5.000,2216,3831655.16,3831655.16,4508,1412,3096,1403,9,0,0,3096,0,0,0,10.0
AUSO,138,2025-09-02,2029-09-01,402,6) Mayor a 360 dias,2) $5.001 a $10.000,331,2317713.41,2317713.41,655,298,357,120,42,23,113,342,2,3,10,1837.0
AUSO,138,2025-09-02,2029-09-01,402,6) Mayor a 360 dias,3) $10.001 a $20.000,243,3442704.65,3442704.65,448,193,255,1,19,9,164,237,5,1,12,2474.0
AUSO,138,2025-09-02,2029-09-01,402,6) Mayor a 360 dias,4) $20.001 a $35.000,156,4114206.35,4114206.35,345,144,201,17,10,8,109,192,1,1,7,1556.0
AUSO,138,2025-09-02,2029-09-01,402,6) Mayor a 360 dias,5) $35.001 a $50.000,59,2432460.0,2432460.0,119,49,70,0,3,1,45,65,2,0,3,815.0
AUSO,138,2025-09-02,2029-09-01,402,6) Mayor a 360 dias,6) $50.001 a $100.000,63,4151354.24,4151354.24,112,51,61,1,2,0,48,55,1,2,3,880.0
AUSO,138,2025-09-02,2029-09-01,402,6) Mayor a 360 dias,7) $100.001 a $500.000,16,2316670.14,2316670.14,34,18,16,1,1,0,16,13,0,0,3,318.0
AUSO,139,2025-09-02,2029-09-01,402,6) Mayor a 360 dias,1) MENOR A $5.000,311,467338.36,467338.36,597,190,407,189,1,0,0,407,0,0,0,1.0
AUSO,139,2025-09-02,2029-09-01,402,6) Mayor a 360 dias,2) $5.001 a $10.000,22,144688.3,144688.3,89,28,61,6,7,7,8,55,0,4,2,188.0
AUSO,139,2025-09-02,2029-09-01,402,6) Mayor a 360 dias,3) $10.001 a $20.000,20,287738.29,287738.29,44,27,17,0,2,1,24,16,0,0,1,310.0
AUSO,139,2025-09-02,2029-09-01,402,6) Mayor a 360 dias,4) $20.001 a $35.000,11,305365.66,305365.66,17,8,9,0,0,0,8,9,0,0,0,118.0
AUSO,139,2025-09-02,2029-09-01,402,6) Mayor a 360 dias,5) $35.001 a $50.000,1,41666.27,41666.27,3,1,2,0,0,0,1,2,0,0,0,16.0
AUSO,139,2025-09-02,2029-09-01,402,6) Mayor a 360 dias,6) $50.001 a $100.000,4,282605.9,282605.9,7,4,3,0,1,0,3,2,0,0,1,51.0
AUSO,139,2025-09-02,2029-09-01,402,6) Mayor a 360 dias,7) $100.001 a $500.000,3,825914.18,825914.18,6,4,2,0,1,0,3,2,0,0,0,48.0
AUSO,140,2025-10-02,2029-10-01,372,6) Mayor a 360 dias,1) MENOR A $5.000,1479,2803372.73,2803372.73,2806,871,1935,860,8,2,1,1934,1,0,0,35.0
AUSO,140,2025-10-02,2029-10-01,372,6) Mayor a 360 dias,2) $5.001 a $10.000,273,1909324.52,1909324.52,616,273,343,115,60,15,83,333,5,2,3,1326.0
AUSO,140,2025-10-02,2029-10-01,372,6) Mayor a 360 dias,3) $10.001 a $20.000,190,2670679.47,2670679.47,364,142,222,0,10,11,121,204,4,1,13,1831.0
AUSO,140,2025-10-02,2029-10-01,372,6) Mayor a 360 dias,4) $20.001 a $35.000,115,2998141.65,2998141.65,230,90,140,3,8,4,75,127,4,1,8,1169.0
AUSO,140,2025-10-02,2029-10-01,372,6) Mayor a 360 dias,5) $35.001 a $50.000,74,3091524.32,3091524.32,169,78,91,7,6,5,60,85,3,0,3,1146.0
AUSO,140,2025-10-02,2029-10-01,372,6) Mayor a 360 dias,6) $50.001 a $100.000,68,4491588.25,4491588.25,118,56,62,0,4,2,50,56,0,0,6,960.0
AUSO,140,2025-10-02,2029-10-01,372,6) Mayor a 360 dias,7) $100.001 a $500.000,12,1944155.72,1944155.72,22,7,15,0,1,0,6,13,1,0,1,119.0
AUSO,140,2025-10-02,2029-10-01,372,6) Mayor a 360 dias,8) >$500.000,1,3912453.37,3912453.37,4,4,0,1,0,1,2,0,0,0,0,50.0
AUSO,141,2025-10-02,2029-10-01,372,6) Mayor a 360 dias,1) MENOR A $5.000,165,316535.12,316535.12,656,185,471,184,1,0,0,471,0,0,0,1.0
AUSO,141,2025-10-02,2029-10-01,372,6) Mayor a 360 dias,2) $5.001 a $10.000,13,93041.51,93041.51,72,15,57,5,6,3,1,52,1,3,1,64.0
AUSO,141,2025-10-02,2029-10-01,372,6) Mayor a 360 dias,3) $10.001 a $20.000,14,183906.79,183906.79,26,16,10,0,3,1,12,7,1,0,2,184.0
AUSO,141,2025-10-02,2029-10-01,372,6) Mayor a 360 dias,4) $20.001 a $35.000,10,275933.67,275933.67,17,12,5,0,2,1,9,5,0,0,0,139.0
AUSO,141,2025-10-02,2029-10-01,372,6) Mayor a 360 dias,5) $35.001 a $50.000,4,145285.28,145285.28,5,3,2,0,1,0,2,2,0,0,0,37.0
AUSO,141,2025-10-02,2029-10-01,372,6) Mayor a 360 dias,6) $50.001 a $100.000,2,113603.33,113603.33,2,2,0,0,0,1,1,0,0,0,0,30.0
AUSO,141,2025-10-02,2029-10-01,372,6) Mayor a 360 dias,7) $100.001 a $500.000,2,437038.8,437038.8,7,4,3,0,0,1,3,2,0,0,1,70.0
AUSO,142,2025-11-04,2029-11-03,339,5) 181 a 360 dias,1) MENOR A $5.000,1585,3267129.07,3267129.07,3163,1028,2135,1018,9,1,0,2134,1,0,0,20.0
AUSO,142,2025-11-04,2029-11-03,339,5) 181 a 360 dias,2) $5.001 a $10.000,334,2349941.97,2349941.97,745,213,532,86,36,22,69,519,8,1,4,1155.0
AUSO,142,2025-11-04,2029-11-03,339,5) 181 a 360 dias,3) $10.001 a $20.000,232,3287400.31,3287400.31,469,166,303,1,15,14,136,277,3,4,19,2247.0
AUSO,142,2025-11-04,2029-11-03,339,5) 181 a 360 dias,4) $20.001 a $35.000,163,4362982.59,4362982.59,334,124,210,1,6,13,104,201,1,0,8,1563.0
AUSO,142,2025-11-04,2029-11-03,339,5) 181 a 360 dias,5) $35.001 a $50.000,90,3756940.94,3756940.94,198,81,117,1,4,10,66,109,1,1,6,1238.0
AUSO,142,2025-11-04,2029-11-03,339,5) 181 a 360 dias,6) $50.001 a $100.000,72,4770579.64,4770579.64,162,61,101,0,2,8,51,93,3,0,5,955.0
AUSO,142,2025-11-04,2029-11-03,339,5) 181 a 360 dias,7) $100.001 a $500.000,21,2880033.75,2880033.75,29,13,16,1,0,2,10,15,1,0,0,146.0
AUSO,142,2025-11-04,2029-11-03,339,5) 181 a 360 dias,8) >$500.000,1,643442.54,643442.54,1,1,0,0,0,1,0,0,0,0,0,4.0
AUSO,143,2025-11-04,2029-11-03,339,5) 181 a 360 dias,1) MENOR A $5.000,182,331008.08,331008.08,322,110,212,108,2,0,0,211,1,0,0,3.0
AUSO,143,2025-11-04,2029-11-03,339,5) 181 a 360 dias,2) $5.001 a $10.000,18,124899.07,124899.07,25,14,11,8,1,1,4,10,0,0,1,73.0
AUSO,143,2025-11-04,2029-11-03,339,5) 181 a 360 dias,3) $10.001 a $20.000,15,222689.09,222689.09,28,12,16,0,1,3,8,16,0,0,0,131.0
AUSO,143,2025-11-04,2029-11-03,339,5) 181 a 360 dias,4) $20.001 a $35.000,5,140314.65,140314.65,9,7,2,1,0,1,5,2,0,0,0,57.0
AUSO,143,2025-11-04,2029-11-03,339,5) 181 a 360 dias,5) $35.001 a $50.000,4,150786.06,150786.06,11,5,6,0,1,0,4,6,0,0,0,67.0
AUSO,143,2025-11-04,2029-11-03,339,5) 181 a 360 dias,6) $50.001 a $100.000,5,387158.25,387158.25,6,4,2,0,0,0,4,1,0,0,1,95.0
AUSO,143,2025-11-04,2029-11-03,339,5) 181 a 360 dias,7) $100.001 a $500.000,4,759678.76,759678.76,12,6,6,0,2,0,4,5,1,0,0,65.0
AUSO,144,2025-12-02,2029-12-01,311,5) 181 a 360 dias,1) MENOR A $5.000,1627,3176924.98,3176924.98,3167,1024,2143,1014,9,1,0,2143,0,0,0,19.0
AUSO,144,2025-12-02,2029-12-01,311,5) 181 a 360 dias,2) $5.001 a $10.000,306,2107808.6,2107808.6,608,245,363,128,31,22,64,340,11,5,7,1230.0
AUSO,144,2025-12-02,2029-12-01,311,5) 181 a 360 dias,3) $10.001 a $20.000,244,3542272.23,3542272.23,452,174,278,0,16,18,140,257,2,2,17,2492.0
AUSO,144,2025-12-02,2029-12-01,311,5) 181 a 360 dias,4) $20.001 a $35.000,117,3135796.8,3135796.8,210,76,134,2,3,10,61,124,2,1,7,1020.0
AUSO,144,2025-12-02,2029-12-01,311,5) 181 a 360 dias,5) $35.001 a $50.000,62,2604799.35,2604799.35,112,54,58,1,3,10,40,48,5,0,5,844.0
AUSO,144,2025-12-02,2029-12-01,311,5) 181 a 360 dias,6) $50.001 a $100.000,67,4639798.85,4639798.85,127,62,65,0,4,6,52,59,3,0,3,1025.0
AUSO,144,2025-12-02,2029-12-01,311,5) 181 a 360 dias,7) $100.001 a $500.000,24,3261075.78,3261075.78,37,21,16,0,3,2,16,16,0,0,0,285.0
AUSO,145,2025-12-02,2029-12-01,311,5) 181 a 360 dias,1) MENOR A $5.000,213,319221.69,319221.69,388,119,269,115,4,0,0,269,0,0,0,5.0
AUSO,145,2025-12-02,2029-12-01,311,5) 181 a 360 dias,2) $5.001 a $10.000,21,147389.53,147389.53,346,93,253,82,3,1,7,252,1,0,0,130.0
AUSO,145,2025-12-02,2029-12-01,311,5) 181 a 360 dias,3) $10.001 a $20.000,14,211510.34,211510.34,25,11,14,0,1,2,8,13,0,0,1,137.0
AUSO,145,2025-12-02,2029-12-01,311,5) 181 a 360 dias,4) $20.001 a $35.000,6,147973.53,147973.53,9,3,6,0,1,0,2,6,0,0,0,38.0
AUSO,145,2025-12-02,2029-12-01,311,5) 181 a 360 dias,5) $35.001 a $50.000,7,274431.5,274431.5,11,6,5,0,1,0,5,5,0,0,0,96.0
AUSO,145,2025-12-02,2029-12-01,311,5) 181 a 360 dias,6) $50.001 a $100.000,6,446242.81,446242.81,11,5,6,0,0,0,5,6,0,0,0,110.0
AUSO,145,2025-12-02,2029-12-01,311,5) 181 a 360 dias,7) $100.001 a $500.000,2,268813.52,268813.52,3,1,2,0,0,0,1,2,0,0,0,18.0
AUSO,145,2025-12-02,2029-12-01,311,5) 181 a 360 dias,8) >$500.000,1,740236.7,740236.7,1,0,1,0,0,0,0,1,0,0,0,0.0
AUSO,146,2026-01-06,2030-01-05,276,5) 181 a 360 dias,1) MENOR A $5.000,1808,3667269.97,3667269.97,3544,1195,2349,1180,15,0,0,2349,0,0,0,19.0
AUSO,146,2026-01-06,2030-01-05,276,5) 181 a 360 dias,2) $5.001 a $10.000,380,2697890.05,2697890.05,730,285,445,134,45,21,85,421,8,5,11,1566.0
AUSO,146,2026-01-06,2030-01-05,276,5) 181 a 360 dias,3) $10.001 a $20.000,293,4136392.37,4136392.37,542,186,356,2,30,18,136,332,7,1,16,2559.0
AUSO,146,2026-01-06,2030-01-05,276,5) 181 a 360 dias,4) $20.001 a $35.000,181,4808433.55,4808433.55,350,132,218,2,13,13,104,202,3,1,12,1707.0
AUSO,146,2026-01-06,2030-01-05,276,5) 181 a 360 dias,5) $35.001 a $50.000,104,4289350.52,4289350.52,197,74,123,0,4,7,63,118,0,0,5,1199.0
AUSO,146,2026-01-06,2030-01-05,276,5) 181 a 360 dias,6) $50.001 a $100.000,100,6758679.3,6758679.3,194,65,129,0,3,4,58,120,3,0,6,1226.0
AUSO,146,2026-01-06,2030-01-05,276,5) 181 a 360 dias,7) $100.001 a $500.000,32,4422460.56,4422460.56,65,29,36,2,4,1,22,32,1,0,3,424.0
AUSO,146,2026-01-06,2030-01-05,276,5) 181 a 360 dias,8) >$500.000,2,1666668.76,1666668.76,4,3,1,0,0,0,3,1,0,0,0,53.0
AUSO,147,2026-01-06,2030-01-05,276,5) 181 a 360 dias,1) MENOR A $5.000,198,301455.96,301455.96,952,277,675,277,0,0,0,675,0,0,0,0.0
AUSO,147,2026-01-06,2030-01-05,276,5) 181 a 360 dias,2) $5.001 a $10.000,23,161361.04,161361.04,42,20,22,8,5,1,6,20,2,0,0,109.0
AUSO,147,2026-01-06,2030-01-05,276,5) 181 a 360 dias,3) $10.001 a $20.000,17,244443.33,244443.33,36,13,23,0,0,0,13,23,0,0,0,178.0
AUSO,147,2026-01-06,2030-01-05,276,5) 181 a 360 dias,4) $20.001 a $35.000,13,323825.43,323825.43,46,22,24,0,3,6,13,22,1,0,1,226.0
AUSO,147,2026-01-06,2030-01-05,276,5) 181 a 360 dias,5) $35.001 a $50.000,2,72566.46,72566.46,2,1,1,0,0,0,1,0,0,0,1,41.0
AUSO,147,2026-01-06,2030-01-05,276,5) 181 a 360 dias,6) $50.001 a $100.000,8,586794.12,586794.12,16,7,9,0,2,3,2,9,0,0,0,54.0
AUSO,148,2026-02-04,2030-02-03,247,5) 181 a 360 dias,1) MENOR A $5.000,1905,3950269.42,3950269.42,3758,1264,2494,1255,8,1,0,2494,0,0,0,18.0
AUSO,148,2026-02-04,2030-02-03,247,5) 181 a 360 dias,2) $5.001 a $10.000,328,2330414.49,2330414.49,612,227,385,119,8,55,45,374,1,5,5,1043.0
AUSO,148,2026-02-04,2030-02-03,247,5) 181 a 360 dias,3) $10.001 a $20.000,238,3336664.8,3336664.8,413,171,242,0,10,22,139,220,3,2,17,2394.0
AUSO,148,2026-02-04,2030-02-03,247,5) 181 a 360 dias,4) $20.001 a $35.000,143,3791088.5,3791088.5,278,108,170,5,6,17,80,160,2,2,6,1385.0
AUSO,148,2026-02-04,2030-02-03,247,5) 181 a 360 dias,5) $35.001 a $50.000,63,2636480.8,2636480.8,119,44,75,0,2,5,37,67,5,1,2,693.0
AUSO,148,2026-02-04,2030-02-03,247,5) 181 a 360 dias,6) $50.001 a $100.000,70,4536492.2,4536492.2,139,61,78,1,5,6,49,73,0,1,4,1005.0
AUSO,148,2026-02-04,2030-02-03,247,5) 181 a 360 dias,7) $100.001 a $500.000,19,2613019.71,2613019.71,27,16,11,1,0,0,15,11,0,0,0,293.0
AUSO,148,2026-02-04,2030-02-03,247,5) 181 a 360 dias,8) >$500.000,1,1191014.1,1191014.1,1,1,0,0,0,0,1,0,0,0,0,18.0
AUSO,149,2026-02-04,2030-02-03,247,5) 181 a 360 dias,1) MENOR A $5.000,156,297583.22,297583.22,254,105,149,103,2,0,0,149,0,0,0,4.0
AUSO,149,2026-02-04,2030-02-03,247,5) 181 a 360 dias,2) $5.001 a $10.000,31,209727.99,209727.99,61,18,43,8,1,3,6,41,0,0,2,139.0
AUSO,149,2026-02-04,2030-02-03,247,5) 181 a 360 dias,3) $10.001 a $20.000,16,216846.88,216846.88,48,9,39,0,1,2,6,38,0,1,0,89.0
AUSO,149,2026-02-04,2030-02-03,247,5) 181 a 360 dias,4) $20.001 a $35.000,11,310108.96,310108.96,20,8,12,0,1,1,6,10,0,0,2,145.0
AUSO,149,2026-02-04,2030-02-03,247,5) 181 a 360 dias,5) $35.001 a $50.000,5,207471.58,207471.58,8,3,5,0,0,0,3,5,0,0,0,70.0
AUSO,149,2026-02-04,2030-02-03,247,5) 181 a 360 dias,6) $50.001 a $100.000,4,275168.15,275168.15,6,2,4,0,0,1,1,3,0,0,1,36.0
AUSO,149,2026-02-04,2030-02-03,247,5) 181 a 360 dias,7) $100.001 a $500.000,1,118641.26,118641.26,3,3,0,0,0,0,3,0,0,0,0,81.0
AUSO,150,2026-03-02,2030-03-01,221,5) 181 a 360 dias,1) MENOR A $5.000,1958,3760420.47,3760420.47,3707,1209,2498,1195,13,1,0,2498,0,0,0,23.0
AUSO,150,2026-03-02,2030-03-01,221,5) 181 a 360 dias,2) $5.001 a $10.000,312,2219898.28,2219898.28,603,214,389,115,8,47,44,372,6,5,6,920.0
AUSO,150,2026-03-02,2030-03-01,221,5) 181 a 360 dias,3) $10.001 a $20.000,224,3128055.59,3128055.59,471,183,288,1,13,31,138,265,3,4,16,2360.0
AUSO,150,2026-03-02,2030-03-01,221,5) 181 a 360 dias,4) $20.001 a $35.000,139,3633510.12,3633510.12,246,98,148,3,8,12,75,138,1,1,8,1334.0
AUSO,150,2026-03-02,2030-03-01,221,5) 181 a 360 dias,5) $35.001 a $50.000,56,2300949.26,2300949.26,109,45,64,0,4,5,36,56,1,2,5,775.0
AUSO,150,2026-03-02,2030-03-01,221,5) 181 a 360 dias,6) $50.001 a $100.000,68,4494870.02,4494870.02,122,59,63,0,5,8,46,56,0,3,4,828.0
AUSO,150,2026-03-02,2030-03-01,221,5) 181 a 360 dias,7) $100.001 a $500.000,26,4582250.97,4582250.97,43,16,27,2,0,0,14,22,1,0,4,320.0
AUSO,150,2026-03-02,2030-03-01,221,5) 181 a 360 dias,8) >$500.000,1,663861.93,663861.93,1,0,1,0,0,0,0,1,0,0,0,0.0
AUSO,151,2026-03-02,2030-03-01,221,5) 181 a 360 dias,1) MENOR A $5.000,244,467826.63,467826.63,1092,320,772,318,2,0,0,772,0,0,0,4.0
AUSO,151,2026-03-02,2030-03-01,221,5) 181 a 360 dias,2) $5.001 a $10.000,29,202621.1,202621.1,48,18,30,10,1,5,2,29,0,1,0,60.0
AUSO,151,2026-03-02,2030-03-01,221,5) 181 a 360 dias,3) $10.001 a $20.000,31,449851.9,449851.9,47,25,22,0,1,4,20,18,1,0,3,354.0
AUSO,151,2026-03-02,2030-03-01,221,5) 181 a 360 dias,4) $20.001 a $35.000,15,371305.56,371305.56,36,16,20,0,2,0,14,19,0,0,1,262.0
AUSO,151,2026-03-02,2030-03-01,221,5) 181 a 360 dias,5) $35.001 a $50.000,10,437954.27,437954.27,25,8,17,0,0,2,6,17,0,0,0,151.0
AUSO,151,2026-03-02,2030-03-01,221,5) 181 a 360 dias,6) $50.001 a $100.000,12,866884.25,866884.25,26,5,21,0,0,2,3,21,0,0,0,61.0
AUSO,151,2026-03-02,2030-03-01,221,5) 181 a 360 dias,7) $100.001 a $500.000,7,833037.24,833037.24,25,13,12,1,2,0,10,10,1,0,1,164.0
AUSO,152,2026-04-06,2030-04-05,186,5) 181 a 360 dias,1) MENOR A $5.000,2116,4256076.21,4256076.21,4019,1436,2583,1419,16,1,0,2581,2,0,0,38.0
AUSO,152,2026-04-06,2030-04-05,186,5) 181 a 360 dias,2) $5.001 a $10.000,399,2805838.64,2805838.64,775,294,481,177,17,91,9,462,4,12,3,651.0
AUSO,152,2026-04-06,2030-04-05,186,5) 181 a 360 dias,3) $10.001 a $20.000,293,4165916.51,4165916.51,577,246,331,1,19,159,67,308,5,11,7,1525.0
AUSO,152,2026-04-06,2030-04-05,186,5) 181 a 360 dias,4) $20.001 a $35.000,172,4520822.9,4520822.9,275,109,166,2,9,51,47,159,1,6,0,744.0
AUSO,152,2026-04-06,2030-04-05,186,5) 181 a 360 dias,5) $35.001 a $50.000,78,3272565.25,3272565.25,138,63,75,1,2,23,37,69,1,3,2,548.0
AUSO,152,2026-04-06,2030-04-05,186,5) 181 a 360 dias,6) $50.001 a $100.000,118,7995140.35,7995140.35,223,102,121,1,6,21,74,108,6,4,3,1057.0
AUSO,152,2026-04-06,2030-04-05,186,5) 181 a 360 dias,7) $100.001 a $500.000,37,6386453.99,6386453.99,114,41,73,3,12,2,24,66,1,3,3,394.0
AUSO,152,2026-04-06,2030-04-05,186,5) 181 a 360 dias,8) >$500.000,6,7029847.35,7029847.35,14,8,6,1,1,2,4,5,1,0,0,54.0
AUSO,153,2026-04-06,2030-04-05,186,5) 181 a 360 dias,1) MENOR A $5.000,436,879209.79,879209.79,802,284,518,266,17,1,0,515,3,0,0,29.0
AUSO,153,2026-04-06,2030-04-05,186,5) 181 a 360 dias,2) $5.001 a $10.000,81,580302.91,580302.91,188,70,118,8,29,26,7,108,7,1,2,256.0
AUSO,153,2026-04-06,2030-04-05,186,5) 181 a 360 dias,3) $10.001 a $20.000,46,662369.55,662369.55,169,41,128,0,2,19,20,123,0,2,3,317.0
AUSO,153,2026-04-06,2030-04-05,186,5) 181 a 360 dias,4) $20.001 a $35.000,25,637472.29,637472.29,45,21,24,0,2,6,13,21,0,1,2,173.0
AUSO,153,2026-04-06,2030-04-05,186,5) 181 a 360 dias,5) $35.001 a $50.000,16,657667.14,657667.14,29,14,15,1,0,6,7,15,0,0,0,128.0
AUSO,153,2026-04-06,2030-04-05,186,5) 181 a 360 dias,6) $50.001 a $100.000,14,1036710.43,1036710.43,36,24,12,1,1,6,16,11,0,1,0,216.0
AUSO,153,2026-04-06,2030-04-05,186,5) 181 a 360 dias,7) $100.001 a $500.000,5,585448.43,585448.43,15,7,8,0,0,1,6,8,0,0,0,61.0
AUSO,153,2026-04-06,2030-04-05,186,5) 181 a 360 dias,8) >$500.000,1,769384.35,769384.35,3,0,3,0,0,0,0,2,1,0,0,1.0
AUSO,154,2026-05-05,2030-05-04,157,4) 91 a 180 dias,1) MENOR A $5.000,2118,4317575.42,4317575.42,3991,1383,2608,1369,12,2,0,2608,0,0,0,29.0
AUSO,154,2026-05-05,2030-05-04,157,4) 91 a 180 dias,2) $5.001 a $10.000,370,2614953.06,2614953.06,646,229,417,150,10,67,2,406,1,10,0,423.0
AUSO,154,2026-05-05,2030-05-04,157,4) 91 a 180 dias,3) $10.001 a $20.000,286,4168361.98,4168361.98,507,173,334,2,10,139,22,311,3,20,0,1005.0
AUSO,154,2026-05-05,2030-05-04,157,4) 91 a 180 dias,4) $20.001 a $35.000,154,3978465.89,3978465.89,323,114,209,4,6,79,25,193,2,14,0,703.0
AUSO,154,2026-05-05,2030-05-04,157,4) 91 a 180 dias,5) $35.001 a $50.000,83,3465273.82,3465273.82,170,68,102,1,10,34,23,90,3,8,1,471.0
AUSO,154,2026-05-05,2030-05-04,157,4) 91 a 180 dias,6) $50.001 a $100.000,73,4933789.61,4933789.61,188,59,129,3,9,14,33,116,1,10,2,504.0
AUSO,154,2026-05-05,2030-05-04,157,4) 91 a 180 dias,7) $100.001 a $500.000,29,4531613.42,4531613.42,62,28,34,0,7,9,12,31,1,2,0,203.0
AUSO,154,2026-05-05,2030-05-04,157,4) 91 a 180 dias,8) >$500.000,1,565453.09,565453.09,2,1,1,0,0,1,0,1,0,0,0,6.0
AUSO,155,2026-05-05,2030-05-04,157,4) 91 a 180 dias,1) MENOR A $5.000,405,895527.14,895527.14,1335,396,939,380,16,0,0,936,3,0,0,21.0
AUSO,155,2026-05-05,2030-05-04,157,4) 91 a 180 dias,2) $5.001 a $10.000,80,565659.61,565659.61,170,55,115,6,33,16,0,108,6,1,0,125.0
AUSO,155,2026-05-05,2030-05-04,157,4) 91 a 180 dias,3) $10.001 a $20.000,42,583031.39,583031.39,106,36,70,6,4,26,0,63,3,3,1,169.0
AUSO,155,2026-05-05,2030-05-04,157,4) 91 a 180 dias,4) $20.001 a $35.000,27,723321.61,723321.61,46,19,27,1,3,15,0,26,0,1,0,88.0
AUSO,155,2026-05-05,2030-05-04,157,4) 91 a 180 dias,5) $35.001 a $50.000,11,471110.61,471110.61,17,10,7,0,1,6,3,4,0,3,0,81.0
AUSO,155,2026-05-05,2030-05-04,157,4) 91 a 180 dias,6) $50.001 a $100.000,10,656982.91,656982.91,15,9,6,0,0,4,5,6,0,0,0,63.0
AUSO,155,2026-05-05,2030-05-04,157,4) 91 a 180 dias,7) $100.001 a $500.000,3,655140.07,655140.07,3,0,3,0,0,0,0,2,0,1,0,6.0
AUSO,156,2026-06-02,2030-06-01,129,4) 91 a 180 dias,1) MENOR A $5.000,1881,3997404.6,3997404.6,3546,1216,2330,1197,19,0,0,2330,0,0,0,29.0
AUSO,156,2026-06-02,2030-06-01,129,4) 91 a 180 dias,2) $5.001 a $10.000,364,2560317.12,2560317.12,673,231,442,143,7,80,1,430,0,11,1,493.0
AUSO,156,2026-06-02,2030-06-01,129,4) 91 a 180 dias,3) $10.001 a $20.000,235,3410848.32,3410848.32,476,178,298,5,22,146,5,275,8,15,0,914.0
AUSO,156,2026-06-02,2030-06-01,129,4) 91 a 180 dias,4) $20.001 a $35.000,164,4311794.26,4311794.26,288,103,185,6,6,87,4,176,2,6,1,525.0
AUSO,156,2026-06-02,2030-06-01,129,4) 91 a 180 dias,5) $35.001 a $50.000,85,3544683.41,3544683.41,162,49,113,2,6,33,8,104,1,7,1,304.0
AUSO,156,2026-06-02,2030-06-01,129,4) 91 a 180 dias,6) $50.001 a $100.000,69,4690446.51,4690446.51,123,55,68,0,4,28,23,65,0,3,0,363.0
AUSO,156,2026-06-02,2030-06-01,129,4) 91 a 180 dias,7) $100.001 a $500.000,27,4349644.24,4349644.24,62,29,33,0,3,11,15,32,0,0,1,194.0
AUSO,156,2026-06-02,2030-06-01,129,4) 91 a 180 dias,8) >$500.000,3,8471663.92,8471663.92,6,2,4,0,0,0,2,4,0,0,0,16.0
AUSO,157,2026-06-02,2030-06-01,129,4) 91 a 180 dias,1) MENOR A $5.000,553,1107801.85,1107801.85,1640,456,1184,450,5,1,0,1184,0,0,0,13.0
AUSO,157,2026-06-02,2030-06-01,129,4) 91 a 180 dias,2) $5.001 a $10.000,72,509114.7,509114.7,437,113,324,101,1,9,2,317,0,7,0,94.0
AUSO,157,2026-06-02,2030-06-01,129,4) 91 a 180 dias,3) $10.001 a $20.000,52,708931.93,708931.93,110,34,76,0,4,29,1,70,1,4,1,193.0
AUSO,157,2026-06-02,2030-06-01,129,4) 91 a 180 dias,4) $20.001 a $35.000,23,613568.91,613568.91,33,16,17,1,3,11,1,14,0,2,1,86.0
AUSO,157,2026-06-02,2030-06-01,129,4) 91 a 180 dias,5) $35.001 a $50.000,9,391941.93,391941.93,31,11,20,0,0,9,2,20,0,0,0,62.0
AUSO,157,2026-06-02,2030-06-01,129,4) 91 a 180 dias,6) $50.001 a $100.000,8,555530.9,555530.9,18,10,8,0,2,6,2,5,1,2,0,65.0
AUSO,157,2026-06-02,2030-06-01,129,4) 91 a 180 dias,7) $100.001 a $500.000,6,872346.42,872346.42,35,7,28,0,2,3,2,27,0,0,1,46.0
AUSO,157,2026-06-02,2030-06-01,129,4) 91 a 180 dias,8) >$500.000,1,723733.53,723733.53,1,0,1,0,0,0,0,1,0,0,0,0.0
AUSO,158,2026-07-01,2030-06-30,100,4) 91 a 180 dias,1) MENOR A $5.000,2004,4219480.65,4219480.65,3766,1265,2501,1249,16,0,0,2500,0,1,0,22.0
AUSO,158,2026-07-01,2030-06-30,100,4) 91 a 180 dias,2) $5.001 a $10.000,399,2792721.22,2792721.22,713,253,460,182,13,58,0,438,5,17,0,387.0
AUSO,158,2026-07-01,2030-06-30,100,4) 91 a 180 dias,3) $10.001 a $20.000,252,3594498.01,3594498.01,467,141,326,7,21,112,1,298,4,24,0,720.0
AUSO,158,2026-07-01,2030-06-30,100,4) 91 a 180 dias,4) $20.001 a $35.000,140,3673519.86,3673519.86,274,91,183,5,11,74,1,163,2,18,0,479.0
AUSO,158,2026-07-01,2030-06-30,100,4) 91 a 180 dias,5) $35.001 a $50.000,75,3143106.61,3143106.61,159,49,110,2,6,24,17,102,3,5,0,294.0
AUSO,158,2026-07-01,2030-06-30,100,4) 91 a 180 dias,6) $50.001 a $100.000,77,5160833.72,5160833.72,133,45,88,2,5,27,11,79,4,5,0,276.0
AUSO,158,2026-07-01,2030-06-30,100,4) 91 a 180 dias,7) $100.001 a $500.000,20,3764904.41,3764904.41,32,15,17,0,1,9,5,12,2,2,1,113.0
AUSO,158,2026-07-01,2030-06-30,100,4) 91 a 180 dias,8) >$500.000,2,1470758.33,1470758.33,2,2,0,0,0,0,2,0,0,0,0,14.0
AUSO,159,2026-07-01,2030-06-30,100,4) 91 a 180 dias,1) MENOR A $5.000,565,1133534.82,1133534.82,1253,378,875,374,4,0,0,875,0,0,0,4.0
AUSO,159,2026-07-01,2030-06-30,100,4) 91 a 180 dias,2) $5.001 a $10.000,108,754527.37,754527.37,186,66,120,45,7,14,0,118,1,1,0,87.0
AUSO,159,2026-07-01,2030-06-30,100,4) 91 a 180 dias,3) $10.001 a $20.000,73,1011763.17,1011763.17,149,58,91,0,14,44,0,81,0,10,0,292.0
AUSO,159,2026-07-01,2030-06-30,100,4) 91 a 180 dias,4) $20.001 a $35.000,30,770920.5,770920.5,53,29,24,0,1,28,0,21,0,3,0,158.0
AUSO,159,2026-07-01,2030-06-30,100,4) 91 a 180 dias,5) $35.001 a $50.000,11,458032.14,458032.14,19,5,14,0,1,2,2,14,0,0,0,27.0
AUSO,159,2026-07-01,2030-06-30,100,4) 91 a 180 dias,6) $50.001 a $100.000,13,945662.47,945662.47,35,8,27,1,3,2,2,24,1,1,1,48.0
AUSO,159,2026-07-01,2030-06-30,100,4) 91 a 180 dias,7) $100.001 a $500.000,3,576248.95,576248.95,8,5,3,0,2,3,0,2,1,0,0,23.0
AUSO,159,2026-07-01,2030-06-30,100,4) 91 a 180 dias,8) >$500.000,2,3578149.43,3578149.43,5,2,3,0,0,2,0,3,0,0,0,12.0
AUSO,160,2026-08-04,2030-08-03,66,3) 61 a 90 dias,1) MENOR A $5.000,2189,5031290.35,5031290.35,4154,1498,2656,1485,12,0,1,2656,0,0,0,26.0
AUSO,160,2026-08-04,2030-08-03,66,3) 61 a 90 dias,2) $5.001 a $10.000,414,2881591.21,2881591.21,773,276,497,217,59,0,0,482,15,0,0,75.0
AUSO,160,2026-08-04,2030-08-03,66,3) 61 a 90 dias,3) $10.001 a $20.000,288,4043586.42,4043586.42,568,204,364,18,186,0,0,341,23,0,0,217.0
AUSO,160,2026-08-04,2030-08-03,66,3) 61 a 90 dias,4) $20.001 a $35.000,164,4371451.17,4371451.17,305,90,215,9,81,0,0,200,15,0,0,102.0
AUSO,160,2026-08-04,2030-08-03,66,3) 61 a 90 dias,5) $35.001 a $50.000,73,3064598.2,3064598.2,132,46,86,5,37,4,0,74,10,2,0,94.0
AUSO,160,2026-08-04,2030-08-03,66,3) 61 a 90 dias,6) $50.001 a $100.000,78,5457374.12,5457374.12,169,67,102,3,57,7,0,87,14,1,0,181.0
AUSO,160,2026-08-04,2030-08-03,66,3) 61 a 90 dias,7) $100.001 a $500.000,15,2926090.3,2926090.3,41,18,23,0,14,4,0,20,3,0,0,52.0
AUSO,160,2026-08-04,2030-08-03,66,3) 61 a 90 dias,8) >$500.000,1,902526.2,902526.2,1,0,1,0,0,0,0,1,0,0,0,0.0
AUSO,161,2026-08-04,2030-08-03,66,3) 61 a 90 dias,1) MENOR A $5.000,596,1269548.85,1269548.85,1413,458,955,452,6,0,0,955,0,0,0,6.0
AUSO,161,2026-08-04,2030-08-03,66,3) 61 a 90 dias,2) $5.001 a $10.000,95,661655.27,661655.27,183,66,117,58,8,0,0,114,3,0,0,11.0
AUSO,161,2026-08-04,2030-08-03,66,3) 61 a 90 dias,3) $10.001 a $20.000,67,931882.17,931882.17,755,195,560,140,55,0,0,556,4,0,0,62.0
AUSO,161,2026-08-04,2030-08-03,66,3) 61 a 90 dias,4) $20.001 a $35.000,27,715046.98,715046.98,54,19,35,2,17,0,0,33,2,0,0,21.0
AUSO,161,2026-08-04,2030-08-03,66,3) 61 a 90 dias,5) $35.001 a $50.000,9,369276.4,369276.4,20,2,18,0,2,0,0,15,3,0,0,6.0
AUSO,161,2026-08-04,2030-08-03,66,3) 61 a 90 dias,6) $50.001 a $100.000,12,808723.05,808723.05,27,10,17,0,6,4,0,16,0,1,0,34.0
AUSO,161,2026-08-04,2030-08-03,66,3) 61 a 90 dias,7) $100.001 a $500.000,4,789870.33,789870.33,6,1,5,1,0,0,0,5,0,0,0,0.0
AUSO,162,2026-09-02,2030-09-01,37,2) 31 a 60 dias,1) MENOR A $5.000,2171,4883272.93,4883272.93,4092,1661,2431,1647,14,0,0,2430,1,0,0,18.0
AUSO,162,2026-09-02,2030-09-01,37,2) 31 a 60 dias,2) $5.001 a $10.000,445,3102760.98,3102760.98,861,341,520,336,5,0,0,520,0,0,0,5.0
AUSO,162,2026-09-02,2030-09-01,37,2) 31 a 60 dias,3) $10.001 a $20.000,298,4219441.97,4219441.97,537,224,313,222,2,0,0,313,0,0,0,2.0
AUSO,162,2026-09-02,2030-09-01,37,2) 31 a 60 dias,4) $20.001 a $35.000,183,4810127.94,4810127.94,391,144,247,138,6,0,0,247,0,0,0,6.0
AUSO,162,2026-09-02,2030-09-01,37,2) 31 a 60 dias,5) $35.001 a $50.000,85,3527713.75,3527713.75,158,76,82,44,31,1,0,81,1,0,0,50.0
AUSO,162,2026-09-02,2030-09-01,37,2) 31 a 60 dias,6) $50.001 a $100.000,97,6614957.92,6614957.92,200,65,135,5,56,3,1,123,10,2,0,130.0
AUSO,162,2026-09-02,2030-09-01,37,2) 31 a 60 dias,7) $100.001 a $500.000,33,5064098.15,5064098.15,54,20,34,0,11,6,3,24,7,2,1,98.0
AUSO,163,2026-09-02,2030-09-01,37,2) 31 a 60 dias,1) MENOR A $5.000,715,1526235.08,1526235.08,1306,507,799,500,7,0,0,799,0,0,0,8.0
AUSO,163,2026-09-02,2030-09-01,37,2) 31 a 60 dias,2) $5.001 a $10.000,129,901900.89,901900.89,233,96,137,94,2,0,0,137,0,0,0,2.0
AUSO,163,2026-09-02,2030-09-01,37,2) 31 a 60 dias,3) $10.001 a $20.000,80,1142507.36,1142507.36,162,62,100,60,2,0,0,100,0,0,0,4.0
AUSO,163,2026-09-02,2030-09-01,37,2) 31 a 60 dias,4) $20.001 a $35.000,38,976367.09,976367.09,86,25,61,25,0,0,0,61,0,0,0,0.0
AUSO,163,2026-09-02,2030-09-01,37,2) 31 a 60 dias,5) $35.001 a $50.000,20,845481.01,845481.01,38,15,23,6,9,0,0,22,1,0,0,12.0
AUSO,163,2026-09-02,2030-09-01,37,2) 31 a 60 dias,6) $50.001 a $100.000,18,1290667.13,1290667.13,67,18,49,3,14,1,0,42,7,0,0,40.0
AUSO,163,2026-09-02,2030-09-01,37,2) 31 a 60 dias,7) $100.001 a $500.000,5,731904.53,731904.53,23,4,19,1,3,0,0,15,3,1,0,17.0
AUSO,163,2026-09-02,2030-09-01,37,2) 31 a 60 dias,8) >$500.000,1,750060.86,750060.86,1,0,1,0,0,0,0,1,0,0,0,0.0
AUSO,164,2026-10-02,2030-10-01,7,1) 0 a 30 dias,1) MENOR A $5.000,2756,6221596.68,6221596.68,5330,1027,4303,1026,1,0,0,4299,4,0,0,5.0
AUSO,164,2026-10-02,2030-10-01,7,1) 0 a 30 dias,2) $5.001 a $10.000,562,3972580.4,3972580.4,1042,217,825,216,1,0,0,824,1,0,0,3.0
AUSO,164,2026-10-02,2030-10-01,7,1) 0 a 30 dias,3) $10.001 a $20.000,374,5211624.08,5211624.08,740,171,569,171,0,0,0,568,1,0,0,1.0
AUSO,164,2026-10-02,2030-10-01,7,1) 0 a 30 dias,4) $20.001 a $35.000,256,6768444.63,6768444.63,485,96,389,96,0,0,0,389,0,0,0,0.0
AUSO,164,2026-10-02,2030-10-01,7,1) 0 a 30 dias,5) $35.001 a $50.000,107,4512544.79,4512544.79,209,36,173,33,3,0,0,173,0,0,0,3.0
AUSO,164,2026-10-02,2030-10-01,7,1) 0 a 30 dias,6) $50.001 a $100.000,157,10939997.24,10939997.24,337,69,268,60,9,0,0,268,0,0,0,9.0
AUSO,164,2026-10-02,2030-10-01,7,1) 0 a 30 dias,7) $100.001 a $500.000,58,9750878.7,9750878.7,121,27,94,27,0,0,0,94,0,0,0,0.0
AUSO,164,2026-10-02,2030-10-01,7,1) 0 a 30 dias,8) >$500.000,1,1122461.87,1122461.87,0,0,0,0,0,0,0,0,0,0,0,0.0
AUSO,165,2026-10-02,2030-10-01,7,1) 0 a 30 dias,1) MENOR A $5.000,904,2004608.54,2004608.54,1990,303,1687,302,1,0,0,1685,2,0,0,3.0
AUSO,165,2026-10-02,2030-10-01,7,1) 0 a 30 dias,2) $5.001 a $10.000,178,1265599.85,1265599.85,331,75,256,74,1,0,0,256,0,0,0,1.0
AUSO,165,2026-10-02,2030-10-01,7,1) 0 a 30 dias,3) $10.001 a $20.000,112,1577844.86,1577844.86,324,41,283,41,0,0,0,283,0,0,0,0.0
AUSO,165,2026-10-02,2030-10-01,7,1) 0 a 30 dias,4) $20.001 a $35.000,55,1483449.83,1483449.83,98,19,79,19,0,0,0,79,0,0,0,0.0
AUSO,165,2026-10-02,2030-10-01,7,1) 0 a 30 dias,5) $35.001 a $50.000,29,1191729.58,1191729.58,50,11,39,10,1,0,0,39,0,0,0,1.0
AUSO,165,2026-10-02,2030-10-01,7,1) 0 a 30 dias,6) $50.001 a $100.000,26,1824348.13,1824348.13,56,10,46,9,1,0,0,46,0,0,0,1.0
AUSO,165,2026-10-02,2030-10-01,7,1) 0 a 30 dias,7) $100.001 a $500.000,13,2457706.13,2457706.13,71,7,64,7,0,0,0,64,0,0,0,0.0
AYS3,260816,2026-08-19,2026-11-28,51,2) 31 a 60 dias,1) MENOR A $5.000,582,100591764.45,857785.12,853,143,710,92,51,0,0,638,71,1,0,141.0
AYS3,260816,2026-08-19,2026-11-28,51,2) 31 a 60 dias,2) $5.001 a $10.000,75,139261674.01,524289.35,96,21,75,14,7,0,0,67,8,0,0,37.0
AYS3,260816,2026-08-19,2026-11-28,51,2) 31 a 60 dias,3) $10.001 a $20.000,74,309809237.58,1088678.04,81,22,59,18,4,0,0,54,5,0,0,19.0
AYS3,260816,2026-08-19,2026-11-28,51,2) 31 a 60 dias,4) $20.001 a $35.000,83,318912410.42,2296587.61,60,13,47,7,5,1,0,47,0,0,0,17.0
AYS3,260816,2026-08-19,2026-11-28,51,2) 31 a 60 dias,5) $35.001 a $50.000,98,408844289.7,4186453.86,113,25,88,15,10,0,0,79,9,0,0,46.0
AYS3,260816,2026-08-19,2026-11-28,51,2) 31 a 60 dias,6) $50.001 a $100.000,323,850943581.24,22252282.27,293,68,225,38,28,2,0,212,13,0,0,109.0
AYS3,260816,2026-08-19,2026-11-28,51,2) 31 a 60 dias,7) $100.001 a $500.000,3658,6926190562.86,1153920999.9,4818,1033,3785,125,655,237,16,3534,78,161,12,3997.0
AYS3,260816,2026-08-19,2026-11-28,51,2) 31 a 60 dias,8) >$500.000,1660,7306531599.71,1335594609.66,2513,593,1920,43,71,53,426,1770,9,14,127,4470.0
AYSA,260802,2026-08-02,2026-11-14,68,3) 61 a 90 dias,1) MENOR A $5.000,273,22466280.14,546153.17,439,104,335,103,1,0,0,335,0,0,0,1.0
AYSA,260802,2026-08-02,2026-11-14,68,3) 61 a 90 dias,2) $5.001 a $10.000,140,6174815.27,1054034.12,212,47,165,47,0,0,0,165,0,0,0,0.0
AYSA,260802,2026-08-02,2026-11-14,68,3) 61 a 90 dias,3) $10.001 a $20.000,607,25079500.15,9845365.71,977,226,751,75,112,34,5,705,33,8,5,522.0
AYSA,260802,2026-08-02,2026-11-14,68,3) 61 a 90 dias,4) $20.001 a $35.000,890,51359936.94,24362941.79,1450,398,1052,142,198,40,18,1001,38,6,7,831.0
AYSA,260802,2026-08-02,2026-11-14,68,3) 61 a 90 dias,5) $35.001 a $50.000,767,58622265.97,32208697.68,1151,323,828,96,182,32,13,780,43,2,3,709.0
AYSA,260802,2026-08-02,2026-11-14,68,3) 61 a 90 dias,6) $50.001 a $100.000,1902,270926845.92,140964698.05,2915,782,2133,189,372,166,55,2008,91,22,12,2286.0
AYSA,260802,2026-08-02,2026-11-14,68,3) 61 a 90 dias,7) $100.001 a $500.000,6638,2686420698.57,1519799262.16,10992,3326,7666,479,924,452,1471,7043,203,107,313,19012.0
AYSA,260802,2026-08-02,2026-11-14,68,3) 61 a 90 dias,8) >$500.000,1145,3493411920.85,1457329110.92,2191,758,1433,76,124,58,500,1308,21,12,92,7714.0
AYSA,260913,2026-09-13,2026-12-26,26,1) 0 a 30 dias,1) MENOR A $5.000,635,9859180.9,1046414.13,1111,197,914,195,2,0,0,914,0,0,0,2.0
AYSA,260913,2026-09-13,2026-12-26,26,1) 0 a 30 dias,2) $5.001 a $10.000,198,14241948.97,1468042.45,311,94,217,93,1,0,0,217,0,0,0,3.0
AYSA,260913,2026-09-13,2026-12-26,26,1) 0 a 30 dias,3) $10.001 a $20.000,654,33167996.66,10355522.24,1006,263,743,252,11,0,0,742,1,0,0,13.0
AYSA,260913,2026-09-13,2026-12-26,26,1) 0 a 30 dias,4) $20.001 a $35.000,994,64508645.66,27343148.27,1505,379,1126,365,14,0,0,1125,1,0,0,17.0
AYSA,260913,2026-09-13,2026-12-26,26,1) 0 a 30 dias,5) $35.001 a $50.000,823,76181392.96,34939841.67,1249,316,933,301,15,0,0,932,1,0,0,19.0
AYSA,260913,2026-09-13,2026-12-26,26,1) 0 a 30 dias,6) $50.001 a $100.000,2200,320557205.46,163866058.94,3432,848,2584,778,70,0,0,2581,3,0,0,86.0
AYSA,260913,2026-09-13,2026-12-26,26,1) 0 a 30 dias,7) $100.001 a $500.000,9433,5729205943.16,2295698105.27,14707,3820,10887,1617,987,833,383,10311,191,196,189,11355.0
AYSA,260913,2026-09-13,2026-12-26,26,1) 0 a 30 dias,8) >$500.000,2124,5034255195.56,2064211581.81,3511,993,2518,487,281,146,79,2408,52,32,26,2217.0
AYSC,260501,2026-05-06,2053-09-20,156,4) 91 a 180 dias,1) MENOR A $5.000,2,4173.57,4173.57,3,1,2,1,0,0,0,2,0,0,0,0.0
AYSC,260501,2026-05-06,2053-09-20,156,4) 91 a 180 dias,2) $5.001 a $10.000,3,26621.98,26621.98,3,2,1,2,0,0,0,1,0,0,0,0.0
AYSC,260501,2026-05-06,2053-09-20,156,4) 91 a 180 dias,3) $10.001 a $20.000,31,513443.02,513443.02,52,18,34,18,0,0,0,34,0,0,0,0.0
AYSC,260501,2026-05-06,2053-09-20,156,4) 91 a 180 dias,4) $20.001 a $35.000,64,1800366.84,1800366.84,115,53,62,53,0,0,0,62,0,0,0,0.0
AYSC,260501,2026-05-06,2053-09-20,156,4) 91 a 180 dias,5) $35.001 a $50.000,75,3160978.5,3160978.5,223,60,163,60,0,0,0,163,0,0,0,0.0
AYSC,260501,2026-05-06,2053-09-20,156,4) 91 a 180 dias,6) $50.001 a $100.000,175,12400207.57,12400207.57,318,126,192,126,0,0,0,191,1,0,0,3.0
AYSC,260501,2026-05-06,2053-09-20,156,4) 91 a 180 dias,7) $100.001 a $500.000,439,102818706.9,102818706.9,851,320,531,320,0,0,0,531,0,0,0,0.0
AYSC,260501,2026-05-06,2053-09-20,156,4) 91 a 180 dias,8) >$500.000,260,371758407.15,371758407.15,525,211,314,211,0,0,0,314,0,0,0,0.0
AYSE,260826,2026-08-26,2026-10-12,44,2) 31 a 60 dias,1) MENOR A $5.000,45,79259.56,74081.19,75,11,64,11,0,0,0,64,0,0,0,0.0
AYSE,260826,2026-08-26,2026-10-12,44,2) 31 a 60 dias,2) $5.001 a $10.000,53,525561.54,460073.64,58,19,39,17,2,0,0,39,0,0,0,3.0
AYSE,260826,2026-08-26,2026-10-12,44,2) 31 a 60 dias,3) $10.001 a $20.000,268,4950987.05,4315526.58,406,90,316,54,36,0,0,304,12,0,0,54.0
AYSE,260826,2026-08-26,2026-10-12,44,2) 31 a 60 dias,4) $20.001 a $35.000,355,10610591.7,9205220.41,650,190,460,130,60,0,0,451,9,0,0,78.0
AYSE,260826,2026-08-26,2026-10-12,44,2) 31 a 60 dias,5) $35.001 a $50.000,292,14057873.47,12167693.4,477,146,331,94,52,0,0,323,8,0,0,75.0
AYSE,260826,2026-08-26,2026-10-12,44,2) 31 a 60 dias,6) $50.001 a $100.000,427,34629912.92,29863064.09,720,229,491,48,179,2,0,452,39,0,0,372.0
AYSE,260826,2026-08-26,2026-10-12,44,2) 31 a 60 dias,7) $100.001 a $500.000,332,74138343.93,61826232.7,644,209,435,11,33,23,142,395,1,4,35,1722.0
AYSE,260826,2026-08-26,2026-10-12,44,2) 31 a 60 dias,8) >$500.000,58,154979115.35,120115278.2,227,79,148,19,16,5,39,140,0,0,8,446.0
AYSE,260902,2026-09-02,2026-10-19,37,2) 31 a 60 dias,1) MENOR A $5.000,53,142142.79,119647.03,94,37,57,36,1,0,0,57,0,0,0,1.0
AYSE,260902,2026-09-02,2026-10-19,37,2) 31 a 60 dias,2) $5.001 a $10.000,46,635600.67,371143.65,64,22,42,22,0,0,0,42,0,0,0,0.0
AYSE,260902,2026-09-02,2026-10-19,37,2) 31 a 60 dias,3) $10.001 a $20.000,207,3907619.24,3411092.45,308,115,193,69,42,4,0,183,5,5,0,95.0
AYSE,260902,2026-09-02,2026-10-19,37,2) 31 a 60 dias,4) $20.001 a $35.000,373,11145526.26,9751579.41,619,224,395,138,82,4,0,380,9,6,0,151.0
AYSE,260902,2026-09-02,2026-10-19,37,2) 31 a 60 dias,5) $35.001 a $50.000,291,14147938.44,12212018.94,528,189,339,106,72,11,0,325,6,8,0,172.0
AYSE,260902,2026-09-02,2026-10-19,37,2) 31 a 60 dias,6) $50.001 a $100.000,357,28602561.97,24860424.12,683,303,380,150,132,21,0,361,13,6,0,291.0
AYSE,260902,2026-09-02,2026-10-19,37,2) 31 a 60 dias,7) $100.001 a $500.000,191,45481382.41,37260890.92,440,159,281,17,25,20,97,257,3,4,17,1011.0
AYSE,260902,2026-09-02,2026-10-19,37,2) 31 a 60 dias,8) >$500.000,30,120659420.03,72383549.64,66,20,46,0,3,2,15,43,1,0,2,141.0
AYSE,260909,2026-09-09,2026-10-26,30,1) 0 a 30 dias,1) MENOR A $5.000,56,113884.88,107255.29,69,23,46,23,0,0,0,46,0,0,0,0.0
AYSE,260909,2026-09-09,2026-10-26,30,1) 0 a 30 dias,2) $5.001 a $10.000,48,446364.83,393852.53,63,13,50,12,1,0,0,50,0,0,0,2.0
AYSE,260909,2026-09-09,2026-10-26,30,1) 0 a 30 dias,3) $10.001 a $20.000,266,5017468.98,4387439.83,438,103,335,66,37,0,0,324,11,0,0,51.0
AYSE,260909,2026-09-09,2026-10-26,30,1) 0 a 30 dias,4) $20.001 a $35.000,377,11187105.54,9719139.12,663,214,449,142,72,0,0,425,24,0,0,108.0
AYSE,260909,2026-09-09,2026-10-26,30,1) 0 a 30 dias,5) $35.001 a $50.000,260,12473268.23,10809411.18,439,96,343,60,36,0,0,325,18,0,0,60.0
AYSE,260909,2026-09-09,2026-10-26,30,1) 0 a 30 dias,6) $50.001 a $100.000,319,25528171.42,22144025.34,534,159,375,23,134,2,0,330,45,0,0,318.0
AYSE,260909,2026-09-09,2026-10-26,30,1) 0 a 30 dias,7) $100.001 a $500.000,171,41897194.5,32841609.89,307,92,215,6,18,18,50,191,6,4,14,701.0
AYSE,260909,2026-09-09,2026-10-26,30,1) 0 a 30 dias,8) >$500.000,43,70865566.32,55811510.71,88,39,49,2,11,5,21,41,2,1,5,286.0
AYSE,260916,2026-09-16,2026-11-02,23,1) 0 a 30 dias,1) MENOR A $5.000,79,407739.03,114984.67,165,34,131,34,0,0,0,131,0,0,0,0.0
AYSE,260916,2026-09-16,2026-11-02,23,1) 0 a 30 dias,2) $5.001 a $10.000,61,583526.47,512639.99,84,25,59,20,4,1,0,59,0,0,0,8.0
AYSE,260916,2026-09-16,2026-11-02,23,1) 0 a 30 dias,3) $10.001 a $20.000,294,5608149.61,4845456.02,490,122,368,79,43,0,0,349,19,0,0,69.0
AYSE,260916,2026-09-16,2026-11-02,23,1) 0 a 30 dias,4) $20.001 a $35.000,469,13939090.68,12123571.28,800,197,603,118,79,0,0,581,22,0,0,111.0
AYSE,260916,2026-09-16,2026-11-02,23,1) 0 a 30 dias,5) $35.001 a $50.000,319,15437736.07,13403823.89,570,180,390,119,61,0,0,366,24,0,0,94.0
AYSE,260916,2026-09-16,2026-11-02,23,1) 0 a 30 dias,6) $50.001 a $100.000,417,34478322.98,29353441.43,697,187,510,20,165,2,0,456,54,0,0,370.0
AYSE,260916,2026-09-16,2026-11-02,23,1) 0 a 30 dias,7) $100.001 a $500.000,284,65880417.27,52809488.11,563,164,399,13,34,52,65,349,2,17,31,1234.0
AYSE,260916,2026-09-16,2026-11-02,23,1) 0 a 30 dias,8) >$500.000,43,61967948.25,50188433.42,93,33,60,4,4,11,14,53,0,2,5,233.0
AYSE,260923,2026-09-23,2026-11-09,16,1) 0 a 30 dias,1) MENOR A $5.000,58,105241.68,98020.28,95,16,79,16,0,0,0,79,0,0,0,0.0
AYSE,260923,2026-09-23,2026-11-09,16,1) 0 a 30 dias,2) $5.001 a $10.000,66,866357.91,547736.67,130,29,101,29,0,0,0,101,0,0,0,0.0
AYSE,260923,2026-09-23,2026-11-09,16,1) 0 a 30 dias,3) $10.001 a $20.000,246,4629014.43,4047676.02,362,82,280,62,20,0,0,269,11,0,0,32.0
AYSE,260923,2026-09-23,2026-11-09,16,1) 0 a 30 dias,4) $20.001 a $35.000,460,14001344.42,11875302.04,753,170,583,104,66,0,0,563,20,0,0,91.0
AYSE,260923,2026-09-23,2026-11-09,16,1) 0 a 30 dias,5) $35.001 a $50.000,335,16462387.2,14249039.31,539,136,403,77,59,0,0,373,30,0,0,95.0
AYSE,260923,2026-09-23,2026-11-09,16,1) 0 a 30 dias,6) $50.001 a $100.000,555,45236809.73,39160550.76,980,253,727,37,211,5,0,665,62,0,0,490.0
AYSE,260923,2026-09-23,2026-11-09,16,1) 0 a 30 dias,7) $100.001 a $500.000,365,77963423.51,65307625.71,827,216,611,13,40,135,28,551,15,19,26,1309.0
AYSE,260923,2026-09-23,2026-11-09,16,1) 0 a 30 dias,8) >$500.000,44,65299846.67,54576253.43,118,42,76,3,11,23,5,65,1,6,4,243.0
AYSE,260930,2026-09-30,2026-11-16,9,1) 0 a 30 dias,1) MENOR A $5.000,71,167333.82,154832.56,125,23,102,23,0,0,0,102,0,0,0,0.0
AYSE,260930,2026-09-30,2026-11-16,9,1) 0 a 30 dias,2) $5.001 a $10.000,77,713252.49,633567.0,125,41,84,41,0,0,0,84,0,0,0,0.0
AYSE,260930,2026-09-30,2026-11-16,9,1) 0 a 30 dias,3) $10.001 a $20.000,281,5116002.42,4613648.6,497,98,399,98,0,0,0,399,0,0,0,0.0
AYSE,260930,2026-09-30,2026-11-16,9,1) 0 a 30 dias,4) $20.001 a $35.000,574,16744576.17,15010348.77,963,187,776,187,0,0,0,775,1,0,0,1.0
AYSE,260930,2026-09-30,2026-11-16,9,1) 0 a 30 dias,5) $35.001 a $50.000,423,19981884.96,17926596.17,790,232,558,231,1,0,0,557,1,0,0,2.0
AYSE,260930,2026-09-30,2026-11-16,9,1) 0 a 30 dias,6) $50.001 a $100.000,576,45290791.41,39971484.51,1065,226,839,223,3,0,0,839,0,0,0,3.0
AYSE,260930,2026-09-30,2026-11-16,9,1) 0 a 30 dias,7) $100.001 a $500.000,331,72109485.54,62545801.37,654,160,494,29,131,0,0,418,76,0,0,209.0
AYSE,260930,2026-09-30,2026-11-16,9,1) 0 a 30 dias,8) >$500.000,56,109280283.09,92387388.02,155,42,113,8,34,0,0,95,18,0,0,52.0
AYSE,261007,2026-10-07,2026-11-23,2,1) 0 a 30 dias,1) MENOR A $5.000,51,88772.84,83483.49,101,0,101,0,0,0,0,101,0,0,0,0.0
AYSE,261007,2026-10-07,2026-11-23,2,1) 0 a 30 dias,2) $5.001 a $10.000,66,642132.5,548372.99,97,0,97,0,0,0,0,97,0,0,0,0.0
AYSE,261007,2026-10-07,2026-11-23,2,1) 0 a 30 dias,3) $10.001 a $20.000,273,5186590.06,4544777.83,472,0,472,0,0,0,0,472,0,0,0,0.0
AYSE,261007,2026-10-07,2026-11-23,2,1) 0 a 30 dias,4) $20.001 a $35.000,501,14894295.56,13048162.31,885,0,885,0,0,0,0,885,0,0,0,0.0
AYSE,261007,2026-10-07,2026-11-23,2,1) 0 a 30 dias,5) $35.001 a $50.000,353,16903558.47,14806510.81,636,0,636,0,0,0,0,636,0,0,0,0.0
AYSE,261007,2026-10-07,2026-11-23,2,1) 0 a 30 dias,6) $50.001 a $100.000,451,36016074.1,31522494.09,853,0,853,0,0,0,0,853,0,0,0,0.0
AYSE,261007,2026-10-07,2026-11-23,2,1) 0 a 30 dias,7) $100.001 a $500.000,292,65974995.48,54910385.02,623,0,623,0,0,0,0,623,0,0,0,0.0
AYSE,261007,2026-10-07,2026-11-23,2,1) 0 a 30 dias,8) >$500.000,49,77023452.69,60956835.48,84,0,84,0,0,0,0,84,0,0,0,0.0
AYSJ,230901,2023-09-01,2028-08-30,1134,6) Mayor a 360 dias,1) MENOR A $5.000,839,0.0,0.0,1021,459,562,454,4,1,0,562,0,0,0,8.0
AYSJ,231001,2023-10-24,2028-10-22,1081,6) Mayor a 360 dias,1) MENOR A $5.000,158,0.0,0.0,180,84,96,83,1,0,0,95,1,0,0,2.0
AYSJ,231201,2023-12-01,2028-11-29,1043,6) Mayor a 360 dias,1) MENOR A $5.000,104,0.0,0.0,120,56,64,55,1,0,0,64,0,0,0,1.0
AYSJ,240101,2024-01-01,2028-12-30,1012,6) Mayor a 360 dias,1) MENOR A $5.000,56,0.0,0.0,39,20,19,20,0,0,0,19,0,0,0,0.0
AYSJ,240701,2024-07-18,2029-07-17,813,6) Mayor a 360 dias,1) MENOR A $5.000,84,0.0,0.0,6,0,6,0,0,0,0,6,0,0,0,0.0
AYSJ,240722,2024-07-22,2029-07-21,809,6) Mayor a 360 dias,1) MENOR A $5.000,1100,0.0,0.0,833,30,803,30,0,0,0,802,1,0,0,1.0
AYSJ,241201,2024-12-01,2029-11-30,677,6) Mayor a 360 dias,1) MENOR A $5.000,23,0.0,0.0,25,1,24,1,0,0,0,24,0,0,0,0.0
AYSJ,250526,2025-05-26,2030-05-25,501,6) Mayor a 360 dias,1) MENOR A $5.000,95,0.0,0.0,79,4,75,4,0,0,0,75,0,0,0,0.0
AYSJ,250801,2025-08-12,2030-08-11,423,6) Mayor a 360 dias,1) MENOR A $5.000,150,0.0,0.0,0,0,0,0,0,0,0,0,0,0,0,0.0
AYSJ,260501,2026-05-22,2031-05-21,140,4) 91 a 180 dias,1) MENOR A $5.000,145,0.0,0.0,140,0,140,0,0,0,0,140,0,0,0,0.0
CVBA,260610,2026-06-10,2026-12-07,121,4) 91 a 180 dias,1) MENOR A $5.000,1,0.0,0.0,4,0,4,0,0,0,0,4,0,0,0,0.0
CVBA,260610,2026-06-10,2026-12-07,121,4) 91 a 180 dias,7) $100.001 a $500.000,249,105469196.21,105469196.21,204,52,152,5,24,8,15,72,32,10,38,683.0
CVBA,260610,2026-06-10,2026-12-07,121,4) 91 a 180 dias,8) >$500.000,889,1454795461.42,1454795461.42,841,264,577,17,128,35,84,217,195,25,140,3080.0
CVIA,0001,2026-06-16,2026-12-13,115,4) 91 a 180 dias,1) MENOR A $5.000,559,2618270.27,2618270.27,1097,433,664,59,157,56,161,588,39,16,21,2172.0
CVIA,0001,2026-06-16,2026-12-13,115,4) 91 a 180 dias,2) $5.001 a $10.000,2778,19664629.82,19664629.82,5480,2073,3407,120,478,563,912,3040,122,99,146,12802.0
CVIA,0001,2026-06-16,2026-12-13,115,4) 91 a 180 dias,3) $10.001 a $20.000,3134,46328328.02,46328328.02,6191,2572,3619,131,551,502,1388,3266,101,101,151,17166.0
CVIA,0001,2026-06-16,2026-12-13,115,4) 91 a 180 dias,4) $20.001 a $35.000,2229,58679200.66,58679200.66,4444,1863,2581,64,244,436,1119,2307,91,78,105,13366.0
CVIA,0001,2026-06-16,2026-12-13,115,4) 91 a 180 dias,5) $35.001 a $50.000,997,41609906.45,41609906.45,1969,809,1160,23,70,131,585,1043,29,31,57,6795.0
CVIA,0001,2026-06-16,2026-12-13,115,4) 91 a 180 dias,6) $50.001 a $100.000,1418,99628629.61,99628629.61,2801,1150,1651,20,99,169,862,1483,43,42,83,9385.0
CVIA,0001,2026-06-16,2026-12-13,115,4) 91 a 180 dias,7) $100.001 a $500.000,931,160146113.34,160146113.34,1865,881,984,20,122,98,641,824,68,33,59,6820.0
CVIA,0001,2026-06-16,2026-12-13,115,4) 91 a 180 dias,8) >$500.000,32,52603044.22,52603044.22,76,44,32,4,12,3,25,17,9,3,3,353.0
CVIA,0002,2026-06-16,2026-12-13,115,4) 91 a 180 dias,1) MENOR A $5.000,6153,19210835.46,19210835.46,11903,4416,7487,2115,1316,439,546,6981,270,111,125,10669.0
CVIA,0002,2026-06-16,2026-12-13,115,4) 91 a 180 dias,2) $5.001 a $10.000,4049,29450225.94,29450225.94,8229,3266,4963,1776,749,334,407,4728,121,56,58,6968.0
CVIA,0002,2026-06-16,2026-12-13,115,4) 91 a 180 dias,3) $10.001 a $20.000,1340,15963678.21,15963678.21,2609,1019,1590,241,464,109,205,1446,75,35,34,3657.0
CVIA,0003,2026-06-16,2026-12-13,115,4) 91 a 180 dias,1) MENOR A $5.000,14874,35874475.85,35874475.85,20126,8094,12032,7963,127,4,0,12030,2,0,0,174.0
CVIA,0003,2026-06-16,2026-12-13,115,4) 91 a 180 dias,2) $5.001 a $10.000,1280,7133823.63,7133823.63,1718,683,1035,677,5,1,0,1033,2,0,0,14.0
CVIA,0004,2026-06-16,2026-12-13,115,4) 91 a 180 dias,1) MENOR A $5.000,22161,29584315.32,29584315.32,133499,125211,8288,125130,79,2,0,8281,6,1,0,115.0
CVIA,0005,2026-06-16,2026-12-13,115,4) 91 a 180 dias,1) MENOR A $5.000,29601,21364965.96,21364965.96,40219,16133,24086,15999,131,2,1,24080,6,0,0,190.0
CVIA,0006,2026-06-16,2026-12-13,115,4) 91 a 180 dias,1) MENOR A $5.000,36176,7401745.76,7401745.76,49005,18945,30060,18724,216,5,0,30056,4,0,0,286.0
CVIA,0007,2026-06-16,2026-12-13,115,4) 91 a 180 dias,1) MENOR A $5.000,43015,2826731.4,2826731.4,59819,11006,48813,10998,8,0,0,48813,0,0,0,8.0
DRTV,260702,2026-07-02,2026-10-30,99,4) 91 a 180 dias,1) MENOR A $5.000,9,25402.89,25402.89,18,6,12,6,0,0,0,12,0,0,0,0.0
DRTV,260702,2026-07-02,2026-10-30,99,4) 91 a 180 dias,2) $5.001 a $10.000,7,53043.64,53043.64,12,5,7,4,1,0,0,7,0,0,0,1.0
DRTV,260702,2026-07-02,2026-10-30,99,4) 91 a 180 dias,3) $10.001 a $20.000,26,409410.81,409410.81,45,9,36,1,6,2,0,36,0,0,0,19.0
DRTV,260702,2026-07-02,2026-10-30,99,4) 91 a 180 dias,4) $20.001 a $35.000,55,1575493.13,1575493.13,78,24,54,0,7,14,3,44,9,1,0,136.0
DRTV,260702,2026-07-02,2026-10-30,99,4) 91 a 180 dias,5) $35.001 a $50.000,440,20447459.56,20447459.56,628,187,441,6,97,39,45,331,78,32,0,1087.0
DRTV,260702,2026-07-02,2026-10-30,99,4) 91 a 180 dias,6) $50.001 a $100.000,1843,135177401.25,135177401.25,2822,821,2001,13,75,388,345,1428,389,181,3,7706.0
DRTV,260702,2026-07-02,2026-10-30,99,4) 91 a 180 dias,7) $100.001 a $500.000,1868,294911077.63,294911077.63,3188,923,2265,16,75,385,447,1734,334,193,4,8782.0
DRTV,260702,2026-07-02,2026-10-30,99,4) 91 a 180 dias,8) >$500.000,2,1194573.77,1194573.77,4,2,2,0,0,1,1,2,0,0,0,13.0
DRTV,260804,2026-08-04,2026-12-02,66,3) 61 a 90 dias,1) MENOR A $5.000,7,24821.04,24821.04,19,4,15,4,0,0,0,15,0,0,0,0.0
DRTV,260804,2026-08-04,2026-12-02,66,3) 61 a 90 dias,2) $5.001 a $10.000,10,71733.16,71733.16,17,11,6,11,0,0,0,6,0,0,0,0.0
DRTV,260804,2026-08-04,2026-12-02,66,3) 61 a 90 dias,3) $10.001 a $20.000,32,515008.39,515008.39,57,18,39,16,1,1,0,39,0,0,0,5.0
DRTV,260804,2026-08-04,2026-12-02,66,3) 61 a 90 dias,4) $20.001 a $35.000,54,1550020.62,1550020.62,85,38,47,14,22,2,0,45,2,0,0,41.0
DRTV,260804,2026-08-04,2026-12-02,66,3) 61 a 90 dias,5) $35.001 a $50.000,572,27351986.67,27351986.67,923,306,617,114,184,6,2,611,6,0,0,345.0
DRTV,260804,2026-08-04,2026-12-02,66,3) 61 a 90 dias,6) $50.001 a $100.000,1736,118653825.39,118653825.39,2710,891,1819,35,221,416,219,1796,22,0,1,4634.0
DRTV,260804,2026-08-04,2026-12-02,66,3) 61 a 90 dias,7) $100.001 a $500.000,1404,227860572.98,227860572.98,2494,817,1677,73,200,318,226,1661,15,0,1,4192.0
DRTV,260804,2026-08-04,2026-12-02,66,3) 61 a 90 dias,8) >$500.000,2,1238772.52,1238772.52,2,0,2,0,0,0,0,2,0,0,0,0.0
DRTV,260902,2026-09-02,2026-12-31,37,2) 31 a 60 dias,1) MENOR A $5.000,4,12790.0,12790.0,7,6,1,6,0,0,0,1,0,0,0,0.0
DRTV,260902,2026-09-02,2026-12-31,37,2) 31 a 60 dias,2) $5.001 a $10.000,8,58616.56,58616.56,20,4,16,4,0,0,0,16,0,0,0,0.0
DRTV,260902,2026-09-02,2026-12-31,37,2) 31 a 60 dias,3) $10.001 a $20.000,23,368034.66,368034.66,34,15,19,14,1,0,0,19,0,0,0,1.0
DRTV,260902,2026-09-02,2026-12-31,37,2) 31 a 60 dias,4) $20.001 a $35.000,45,1237426.52,1237426.52,96,46,50,46,0,0,0,50,0,0,0,0.0
DRTV,260902,2026-09-02,2026-12-31,37,2) 31 a 60 dias,5) $35.001 a $50.000,134,5871649.88,5871649.88,235,109,126,107,2,0,0,126,0,0,0,2.0
DRTV,260902,2026-09-02,2026-12-31,37,2) 31 a 60 dias,6) $50.001 a $100.000,1736,124710967.79,124710967.79,2729,1242,1487,258,200,134,650,1486,1,0,0,7058.0
DRTV,260902,2026-09-02,2026-12-31,37,2) 31 a 60 dias,7) $100.001 a $500.000,1987,348769339.02,348769339.02,3577,1601,1976,374,205,159,863,1975,1,0,0,9104.0
DRTV,260902,2026-09-02,2026-12-31,37,2) 31 a 60 dias,8) >$500.000,2,1307230.34,1307230.34,6,1,5,0,0,1,0,5,0,0,0,6.0
DRTV,261002,2026-10-02,2027-01-30,7,1) 0 a 30 dias,1) MENOR A $5.000,9,27857.07,27857.07,7,1,6,1,0,0,0,6,0,0,0,0.0
DRTV,261002,2026-10-02,2027-01-30,7,1) 0 a 30 dias,2) $5.001 a $10.000,11,76085.71,76085.71,14,2,12,2,0,0,0,12,0,0,0,0.0
DRTV,261002,2026-10-02,2027-01-30,7,1) 0 a 30 dias,3) $10.001 a $20.000,30,456029.48,456029.48,39,2,37,2,0,0,0,37,0,0,0,0.0
DRTV,261002,2026-10-02,2027-01-30,7,1) 0 a 30 dias,4) $20.001 a $35.000,60,1627840.99,1627840.99,77,6,71,6,0,0,0,71,0,0,0,0.0
DRTV,261002,2026-10-02,2027-01-30,7,1) 0 a 30 dias,5) $35.001 a $50.000,120,5207028.23,5207028.23,176,25,151,25,0,0,0,151,0,0,0,0.0
DRTV,261002,2026-10-02,2027-01-30,7,1) 0 a 30 dias,6) $50.001 a $100.000,1789,128894761.16,128894761.16,2442,294,2148,125,169,0,0,2148,0,0,0,173.0
DRTV,261002,2026-10-02,2027-01-30,7,1) 0 a 30 dias,7) $100.001 a $500.000,2005,349352879.49,349352879.49,3189,330,2859,121,209,0,0,2859,0,0,0,235.0
DRTV,261002,2026-10-02,2027-01-30,7,1) 0 a 30 dias,8) >$500.000,2,1077126.48,1077126.48,3,0,3,0,0,0,0,3,0,0,0,0.0
DRTW,260702,2026-07-02,2026-10-30,99,4) 91 a 180 dias,1) MENOR A $5.000,4,17243.0,17243.0,8,3,5,3,0,0,0,5,0,0,0,0.0
DRTW,260702,2026-07-02,2026-10-30,99,4) 91 a 180 dias,2) $5.001 a $10.000,2,15609.68,15609.68,2,0,2,0,0,0,0,2,0,0,0,0.0
DRTW,260702,2026-07-02,2026-10-30,99,4) 91 a 180 dias,3) $10.001 a $20.000,14,205655.39,205655.39,25,5,20,0,1,3,1,0,20,0,0,43.0
DRTW,260702,2026-07-02,2026-10-30,99,4) 91 a 180 dias,4) $20.001 a $35.000,16,390347.45,390347.45,30,14,16,0,1,2,11,0,16,0,0,192.0
DRTW,260702,2026-07-02,2026-10-30,99,4) 91 a 180 dias,5) $35.001 a $50.000,85,3997573.13,3997573.13,168,53,115,0,4,2,47,7,106,1,1,678.0
DRTW,260702,2026-07-02,2026-10-30,99,4) 91 a 180 dias,6) $50.001 a $100.000,1056,75569280.67,75569280.67,1962,544,1418,4,44,13,483,32,1258,111,17,9701.0
DRTW,260702,2026-07-02,2026-10-30,99,4) 91 a 180 dias,7) $100.001 a $500.000,891,150908103.45,150908103.45,1938,515,1423,3,39,11,462,22,1154,225,22,9801.0
DRTW,260804,2026-08-04,2026-12-02,66,3) 61 a 90 dias,1) MENOR A $5.000,3,10600.36,10600.36,5,3,2,3,0,0,0,2,0,0,0,0.0
DRTW,260804,2026-08-04,2026-12-02,66,3) 61 a 90 dias,2) $5.001 a $10.000,6,46978.9,46978.9,14,4,10,4,0,0,0,10,0,0,0,0.0
DRTW,260804,2026-08-04,2026-12-02,66,3) 61 a 90 dias,3) $10.001 a $20.000,23,341619.96,341619.96,46,16,30,0,15,1,0,1,29,0,0,58.0
DRTW,260804,2026-08-04,2026-12-02,66,3) 61 a 90 dias,4) $20.001 a $35.000,30,853544.78,853544.78,61,21,40,0,1,4,16,3,16,21,0,283.0
DRTW,260804,2026-08-04,2026-12-02,66,3) 61 a 90 dias,5) $35.001 a $50.000,61,2655077.26,2655077.26,116,33,83,0,1,7,25,3,29,49,2,531.0
DRTW,260804,2026-08-04,2026-12-02,66,3) 61 a 90 dias,6) $50.001 a $100.000,861,63120578.52,63120578.52,1554,464,1090,3,25,29,407,38,329,617,106,9295.0
DRTW,260804,2026-08-04,2026-12-02,66,3) 61 a 90 dias,7) $100.001 a $500.000,1091,193291211.29,193291211.29,2292,660,1632,6,35,47,572,52,550,770,260,13499.0
DRTW,260902,2026-09-02,2026-12-31,37,2) 31 a 60 dias,1) MENOR A $5.000,1,1052.0,1052.0,1,1,0,1,0,0,0,0,0,0,0,0.0
DRTW,260902,2026-09-02,2026-12-31,37,2) 31 a 60 dias,2) $5.001 a $10.000,6,42732.44,42732.44,14,9,5,8,1,0,0,5,0,0,0,1.0
DRTW,260902,2026-09-02,2026-12-31,37,2) 31 a 60 dias,3) $10.001 a $20.000,22,327353.55,327353.55,41,24,17,24,0,0,0,17,0,0,0,0.0
DRTW,260902,2026-09-02,2026-12-31,37,2) 31 a 60 dias,4) $20.001 a $35.000,28,811258.28,811258.28,60,33,27,3,16,10,4,26,1,0,0,109.0
DRTW,260902,2026-09-02,2026-12-31,37,2) 31 a 60 dias,5) $35.001 a $50.000,37,1570430.56,1570430.56,70,41,29,8,23,9,1,27,2,0,0,110.0
DRTW,260902,2026-09-02,2026-12-31,37,2) 31 a 60 dias,6) $50.001 a $100.000,578,44599761.81,44599761.81,1101,566,535,43,103,46,374,511,12,8,4,5363.0
DRTW,260902,2026-09-02,2026-12-31,37,2) 31 a 60 dias,7) $100.001 a $500.000,1122,208814520.01,208814520.01,2481,1189,1292,110,158,95,826,1248,20,15,9,10831.0
DRTW,260902,2026-09-02,2026-12-31,37,2) 31 a 60 dias,8) >$500.000,9,4994241.74,4994241.74,24,8,16,0,1,0,7,15,0,0,1,92.0
DRTW,261002,2026-10-02,2027-01-30,7,1) 0 a 30 dias,1) MENOR A $5.000,8,16165.79,16165.79,7,1,6,1,0,0,0,6,0,0,0,0.0
DRTW,261002,2026-10-02,2027-01-30,7,1) 0 a 30 dias,2) $5.001 a $10.000,11,75618.19,75618.19,18,3,15,3,0,0,0,15,0,0,0,0.0
DRTW,261002,2026-10-02,2027-01-30,7,1) 0 a 30 dias,3) $10.001 a $20.000,26,361478.93,361478.93,38,7,31,7,0,0,0,31,0,0,0,0.0
DRTW,261002,2026-10-02,2027-01-30,7,1) 0 a 30 dias,4) $20.001 a $35.000,27,714102.92,714102.92,43,6,37,6,0,0,0,37,0,0,0,0.0
DRTW,261002,2026-10-02,2027-01-30,7,1) 0 a 30 dias,5) $35.001 a $50.000,53,2253565.03,2253565.03,83,12,71,12,0,0,0,71,0,0,0,0.0
DRTW,261002,2026-10-02,2027-01-30,7,1) 0 a 30 dias,6) $50.001 a $100.000,960,73972807.85,73972807.85,1349,169,1180,93,76,0,0,820,360,0,0,483.0
DRTW,261002,2026-10-02,2027-01-30,7,1) 0 a 30 dias,7) $100.001 a $500.000,1584,273588648.06,273588648.06,2501,285,2216,174,111,0,0,1626,590,0,0,784.0
DRTW,261002,2026-10-02,2027-01-30,7,1) 0 a 30 dias,8) >$500.000,13,7605140.89,7605140.89,24,1,23,1,0,0,0,21,2,0,0,2.0
EDE1,260817,2026-08-17,2026-10-14,53,2) 31 a 60 dias,1) MENOR A $5.000,40,176831.05,176831.05,98,29,69,1,5,19,4,69,0,0,0,138.0
EDE1,260817,2026-08-17,2026-10-14,53,2) 31 a 60 dias,2) $5.001 a $10.000,181,1327814.42,1327814.42,388,109,279,2,23,68,16,279,0,0,0,511.0
EDE1,260817,2026-08-17,2026-10-14,53,2) 31 a 60 dias,3) $10.001 a $20.000,269,4155835.26,4155835.26,589,161,428,2,35,99,25,428,0,0,0,773.0
EDE1,260817,2026-08-17,2026-10-14,53,2) 31 a 60 dias,4) $20.001 a $35.000,601,17165444.2,17165444.2,1210,318,892,6,51,209,52,890,1,0,1,1741.0
EDE1,260817,2026-08-17,2026-10-14,53,2) 31 a 60 dias,5) $35.001 a $50.000,537,22110305.56,22110305.56,1104,301,803,6,60,131,104,802,1,0,0,2631.0
EDE1,260817,2026-08-17,2026-10-14,53,2) 31 a 60 dias,6) $50.001 a $100.000,1310,97637919.17,97637919.17,2824,773,2051,32,113,131,497,2047,2,2,0,10082.0
EDE1,260817,2026-08-17,2026-10-14,53,2) 31 a 60 dias,7) $100.001 a $500.000,7062,1964859134.39,1964859134.39,13702,3783,9919,131,563,498,2591,9901,13,3,2,33205.0
EDE1,260817,2026-08-17,2026-10-14,53,2) 31 a 60 dias,8) >$500.000,8024,10641576402.47,10641576402.47,15566,4718,10848,167,650,1911,1990,10825,13,7,3,31656.0
EDE1,260824,2026-08-24,2026-10-21,46,2) 31 a 60 dias,1) MENOR A $5.000,6,27436.06,27436.06,18,4,14,0,0,3,1,14,0,0,0,23.0
EDE1,260824,2026-08-24,2026-10-21,46,2) 31 a 60 dias,2) $5.001 a $10.000,12,82597.95,82597.95,21,5,16,0,0,3,2,16,0,0,0,43.0
EDE1,260824,2026-08-24,2026-10-21,46,2) 31 a 60 dias,3) $10.001 a $20.000,34,528568.9,528568.9,80,13,67,0,1,9,3,67,0,0,0,71.0
EDE1,260824,2026-08-24,2026-10-21,46,2) 31 a 60 dias,4) $20.001 a $35.000,57,1612252.91,1612252.91,137,34,103,0,2,23,9,102,1,0,0,218.0
EDE1,260824,2026-08-24,2026-10-21,46,2) 31 a 60 dias,5) $35.001 a $50.000,56,2327299.15,2327299.15,130,35,95,1,4,5,25,95,0,0,0,493.0
EDE1,260824,2026-08-24,2026-10-21,46,2) 31 a 60 dias,6) $50.001 a $100.000,138,10131968.34,10131968.34,321,97,224,7,16,14,60,224,0,0,0,1103.0
EDE1,260824,2026-08-24,2026-10-21,46,2) 31 a 60 dias,7) $100.001 a $500.000,351,87730764.97,87730764.97,785,243,542,9,35,22,177,539,3,0,0,2830.0
EDE1,260824,2026-08-24,2026-10-21,46,2) 31 a 60 dias,8) >$500.000,287,324109471.67,324109471.67,666,222,444,14,28,73,107,439,4,1,0,2114.0
EDE1,260831,2026-08-31,2026-10-28,39,2) 31 a 60 dias,1) MENOR A $5.000,3,13948.01,13948.01,5,2,3,0,1,1,0,2,1,0,0,7.0
EDE1,260831,2026-08-31,2026-10-28,39,2) 31 a 60 dias,2) $5.001 a $10.000,12,84598.68,84598.68,30,12,18,0,3,8,1,18,0,0,0,52.0
EDE1,260831,2026-08-31,2026-10-28,39,2) 31 a 60 dias,3) $10.001 a $20.000,46,720625.55,720625.55,129,49,80,0,7,36,6,80,0,0,0,243.0
EDE1,260831,2026-08-31,2026-10-28,39,2) 31 a 60 dias,4) $20.001 a $35.000,58,1605480.92,1605480.92,138,52,86,0,7,35,10,84,2,0,0,302.0
EDE1,260831,2026-08-31,2026-10-28,39,2) 31 a 60 dias,5) $35.001 a $50.000,54,2246422.16,2246422.16,131,40,91,1,1,11,27,91,0,0,0,469.0
EDE1,260831,2026-08-31,2026-10-28,39,2) 31 a 60 dias,6) $50.001 a $100.000,136,9756362.72,9756362.72,365,125,240,3,9,17,96,239,1,0,0,2161.0
EDE1,260831,2026-08-31,2026-10-28,39,2) 31 a 60 dias,7) $100.001 a $500.000,408,103320096.67,103320096.67,923,349,574,9,29,42,269,572,2,0,0,4382.0
EDE1,260831,2026-08-31,2026-10-28,39,2) 31 a 60 dias,8) >$500.000,279,297249566.04,297249566.04,626,295,331,5,27,99,164,327,4,0,0,3003.0
EDE1,260907,2026-09-07,2026-11-04,32,2) 31 a 60 dias,1) MENOR A $5.000,13,57281.14,57281.14,25,12,13,2,3,6,1,13,0,0,0,42.0
EDE1,260907,2026-09-07,2026-11-04,32,2) 31 a 60 dias,2) $5.001 a $10.000,12,87442.14,87442.14,40,13,27,0,0,11,2,27,0,0,0,71.0
EDE1,260907,2026-09-07,2026-11-04,32,2) 31 a 60 dias,3) $10.001 a $20.000,28,413145.53,413145.53,61,23,38,0,2,16,5,38,0,0,0,125.0
EDE1,260907,2026-09-07,2026-11-04,32,2) 31 a 60 dias,4) $20.001 a $35.000,51,1461029.58,1461029.58,124,34,90,0,6,23,5,90,0,0,0,183.0
EDE1,260907,2026-09-07,2026-11-04,32,2) 31 a 60 dias,5) $35.001 a $50.000,60,2623120.76,2623120.76,129,45,84,3,8,12,22,83,1,0,0,374.0
EDE1,260907,2026-09-07,2026-11-04,32,2) 31 a 60 dias,6) $50.001 a $100.000,149,11183662.13,11183662.13,379,152,227,6,14,16,116,226,1,0,0,2432.0
EDE1,260907,2026-09-07,2026-11-04,32,2) 31 a 60 dias,7) $100.001 a $500.000,434,108394383.39,108394383.39,1093,413,680,15,49,45,304,677,3,0,0,5023.0
EDE1,260907,2026-09-07,2026-11-04,32,2) 31 a 60 dias,8) >$500.000,228,254348882.7,254348882.7,521,245,276,11,23,72,139,274,2,0,0,2698.0
EDE1,260914,2026-09-14,2026-11-11,25,1) 0 a 30 dias,1) MENOR A $5.000,19,83060.61,83060.61,35,8,27,0,1,6,1,27,0,0,0,37.0
EDE1,260914,2026-09-14,2026-11-11,25,1) 0 a 30 dias,2) $5.001 a $10.000,22,145236.13,145236.13,44,6,38,0,1,3,2,38,0,0,0,35.0
EDE1,260914,2026-09-14,2026-11-11,25,1) 0 a 30 dias,3) $10.001 a $20.000,55,859324.69,859324.69,113,23,90,0,5,10,8,89,1,0,0,129.0
EDE1,260914,2026-09-14,2026-11-11,25,1) 0 a 30 dias,4) $20.001 a $35.000,73,2076411.2,2076411.2,152,33,119,0,6,20,7,119,0,0,0,188.0
EDE1,260914,2026-09-14,2026-11-11,25,1) 0 a 30 dias,5) $35.001 a $50.000,70,2991184.96,2991184.96,131,33,98,2,11,11,9,98,0,0,0,187.0
EDE1,260914,2026-09-14,2026-11-11,25,1) 0 a 30 dias,6) $50.001 a $100.000,178,12658909.08,12658909.08,350,76,274,2,15,10,49,274,0,0,0,876.0
EDE1,260914,2026-09-14,2026-11-11,25,1) 0 a 30 dias,7) $100.001 a $500.000,468,113574635.71,113574635.71,943,241,702,15,30,28,168,698,4,0,0,2095.0
EDE1,260914,2026-09-14,2026-11-11,25,1) 0 a 30 dias,8) >$500.000,340,364223265.92,364223265.92,654,204,450,9,21,47,127,446,4,0,0,1938.0
EDE1,260921,2026-09-21,2026-11-18,18,1) 0 a 30 dias,1) MENOR A $5.000,20,88764.74,88764.74,44,10,34,0,3,7,0,34,0,0,0,45.0
EDE1,260921,2026-09-21,2026-11-18,18,1) 0 a 30 dias,2) $5.001 a $10.000,26,204587.39,204587.39,54,13,41,1,3,9,0,40,1,0,0,52.0
EDE1,260921,2026-09-21,2026-11-18,18,1) 0 a 30 dias,3) $10.001 a $20.000,55,885567.49,885567.49,135,29,106,4,3,19,3,106,0,0,0,131.0
EDE1,260921,2026-09-21,2026-11-18,18,1) 0 a 30 dias,4) $20.001 a $35.000,110,2989019.77,2989019.77,286,59,227,6,7,42,4,227,0,0,0,258.0
EDE1,260921,2026-09-21,2026-11-18,18,1) 0 a 30 dias,5) $35.001 a $50.000,98,4160419.02,4160419.02,265,48,217,9,9,21,9,217,0,0,0,208.0
EDE1,260921,2026-09-21,2026-11-18,18,1) 0 a 30 dias,6) $50.001 a $100.000,295,21293704.47,21293704.47,807,174,633,24,31,35,84,630,2,1,0,1295.0
EDE1,260921,2026-09-21,2026-11-18,18,1) 0 a 30 dias,7) $100.001 a $500.000,683,167687269.01,167687269.01,1711,412,1299,44,61,78,229,1289,8,2,0,2792.0
EDE1,260921,2026-09-21,2026-11-18,18,1) 0 a 30 dias,8) >$500.000,416,420011961.26,420011961.26,1034,317,717,22,40,114,141,715,2,0,0,2086.0
EDE1,260928,2026-09-28,2026-11-25,11,1) 0 a 30 dias,1) MENOR A $5.000,18,79948.99,79948.99,46,14,32,1,6,7,0,32,0,0,0,46.0
EDE1,260928,2026-09-28,2026-11-25,11,1) 0 a 30 dias,2) $5.001 a $10.000,32,223144.34,223144.34,95,19,76,6,3,8,2,75,1,0,0,68.0
EDE1,260928,2026-09-28,2026-11-25,11,1) 0 a 30 dias,3) $10.001 a $20.000,106,1589909.63,1589909.63,240,46,194,2,12,28,4,194,0,0,0,191.0
EDE1,260928,2026-09-28,2026-11-25,11,1) 0 a 30 dias,4) $20.001 a $35.000,144,3912325.05,3912325.05,327,83,244,18,22,38,5,244,0,0,0,261.0
EDE1,260928,2026-09-28,2026-11-25,11,1) 0 a 30 dias,5) $35.001 a $50.000,180,7689694.14,7689694.14,476,91,385,11,22,45,13,385,0,0,0,390.0
EDE1,260928,2026-09-28,2026-11-25,11,1) 0 a 30 dias,6) $50.001 a $100.000,391,28437934.85,28437934.85,1031,200,831,33,46,62,59,827,4,0,0,996.0
EDE1,260928,2026-09-28,2026-11-25,11,1) 0 a 30 dias,7) $100.001 a $500.000,883,204217613.32,204217613.32,2332,550,1782,93,101,158,198,1775,7,0,0,2776.0
EDE1,260928,2026-09-28,2026-11-25,11,1) 0 a 30 dias,8) >$500.000,466,487680448.41,487680448.41,1158,295,863,37,50,114,94,857,5,1,0,1464.0
EDE1,261005,2026-10-05,2026-12-02,4,1) 0 a 30 dias,1) MENOR A $5.000,19,84630.68,84630.68,35,7,28,0,2,4,1,28,0,0,0,30.0
EDE1,261005,2026-10-05,2026-12-02,4,1) 0 a 30 dias,2) $5.001 a $10.000,65,471497.81,471497.81,174,33,141,6,13,12,2,141,0,0,0,106.0
EDE1,261005,2026-10-05,2026-12-02,4,1) 0 a 30 dias,3) $10.001 a $20.000,132,2026630.56,2026630.56,337,53,284,9,23,21,0,283,1,0,0,162.0
EDE1,261005,2026-10-05,2026-12-02,4,1) 0 a 30 dias,4) $20.001 a $35.000,294,8233050.29,8233050.29,715,169,546,27,50,86,6,545,1,0,0,584.0
EDE1,261005,2026-10-05,2026-12-02,4,1) 0 a 30 dias,5) $35.001 a $50.000,268,11435148.66,11435148.66,733,150,583,33,52,57,8,581,2,0,0,465.0
EDE1,261005,2026-10-05,2026-12-02,4,1) 0 a 30 dias,6) $50.001 a $100.000,701,51235708.35,51235708.35,1785,387,1398,86,134,154,13,1394,4,0,0,1138.0
EDE1,261005,2026-10-05,2026-12-02,4,1) 0 a 30 dias,7) $100.001 a $500.000,1498,348289200.37,348289200.37,3996,890,3106,252,335,293,10,3086,20,0,0,2266.0
EDE1,261005,2026-10-05,2026-12-02,4,1) 0 a 30 dias,8) >$500.000,419,694402524.18,694402524.18,1075,251,824,54,89,101,7,818,6,0,0,740.0
EDE2,260817,2026-08-17,2026-10-16,53,2) 31 a 60 dias,6) $50.001 a $100.000,1,76564.15,76564.15,4,1,3,0,1,0,0,0,0,1,2,56.0
EDE2,260817,2026-08-17,2026-10-16,53,2) 31 a 60 dias,7) $100.001 a $500.000,1,150082.43,150082.43,2,0,2,0,0,0,0,0,0,0,2,68.0
EDE2,260817,2026-08-17,2026-10-16,53,2) 31 a 60 dias,8) >$500.000,36,782301064.57,782301064.57,111,11,100,0,3,1,7,33,7,3,57,1411.0
EDE2,260824,2026-08-24,2026-10-23,46,2) 31 a 60 dias,8) >$500.000,5,23062216.13,23062216.13,14,0,14,0,0,0,0,6,0,0,8,178.0
EDE2,260907,2026-09-07,2026-11-06,32,2) 31 a 60 dias,8) >$500.000,2,7792117.35,7792117.35,8,3,5,1,1,0,1,0,0,0,5,106.0
EDE2,260914,2026-09-14,2026-11-13,25,1) 0 a 30 dias,8) >$500.000,1,7804191.87,7804191.87,5,1,4,1,0,0,0,1,0,0,3,46.0
EDE2,260921,2026-09-21,2026-11-20,18,1) 0 a 30 dias,5) $35.001 a $50.000,2,91288.34,91288.34,1,0,1,0,0,0,0,0,0,0,1,15.0
EDE2,260921,2026-09-21,2026-11-20,18,1) 0 a 30 dias,7) $100.001 a $500.000,1,202509.59,202509.59,1,0,1,0,0,0,0,0,0,0,1,16.0
EDE2,260928,2026-09-28,2026-11-27,11,1) 0 a 30 dias,6) $50.001 a $100.000,1,88424.92,88424.92,3,0,3,0,0,0,0,3,0,0,0,0.0
EDE2,260928,2026-09-28,2026-11-27,11,1) 0 a 30 dias,8) >$500.000,2,60608361.34,60608361.34,6,0,6,0,0,0,0,4,0,0,2,22.0
EDE2,261005,2026-10-05,2026-12-04,4,1) 0 a 30 dias,4) $20.001 a $35.000,1,23181.91,23181.91,0,0,0,0,0,0,0,0,0,0,0,0.0
EDE2,261005,2026-10-05,2026-12-04,4,1) 0 a 30 dias,8) >$500.000,2,9232819.88,9232819.88,7,0,7,0,0,0,0,3,4,0,0,4.0
MEL0,260901,2026-09-01,2026-10-31,38,2) 31 a 60 dias,1) MENOR A $5.000,15,42543.48,42543.48,19,8,11,8,0,0,0,11,0,0,0,0.0
MEL0,260901,2026-09-01,2026-10-31,38,2) 31 a 60 dias,2) $5.001 a $10.000,22,168712.45,168712.45,33,9,24,9,0,0,0,24,0,0,0,0.0
MEL0,260901,2026-09-01,2026-10-31,38,2) 31 a 60 dias,3) $10.001 a $20.000,375,6419837.23,6419837.23,581,180,401,180,0,0,0,401,0,0,0,0.0
MEL0,260901,2026-09-01,2026-10-31,38,2) 31 a 60 dias,4) $20.001 a $35.000,1621,41241558.64,41241558.64,2531,656,1875,656,0,0,0,1875,0,0,0,0.0
MEL0,260901,2026-09-01,2026-10-31,38,2) 31 a 60 dias,5) $35.001 a $50.000,2440,103531143.07,103531143.07,3485,792,2693,792,0,0,0,2693,0,0,0,0.0
MEL0,260901,2026-09-01,2026-10-31,38,2) 31 a 60 dias,6) $50.001 a $100.000,7860,591076087.87,591076087.87,10826,2399,8427,2399,0,0,0,8427,0,0,0,0.0
MEL0,260901,2026-09-01,2026-10-31,38,2) 31 a 60 dias,7) $100.001 a $500.000,4518,516619318.66,516619318.66,5977,1379,4598,1379,0,0,0,4598,0,0,0,0.0
MEL0,261001,2026-10-01,2026-11-30,8,1) 0 a 30 dias,1) MENOR A $5.000,39,54730.02,54730.02,56,2,54,2,0,0,0,54,0,0,0,0.0
MEL0,261001,2026-10-01,2026-11-30,8,1) 0 a 30 dias,2) $5.001 a $10.000,79,607983.64,607983.64,116,5,111,5,0,0,0,111,0,0,0,0.0
MEL0,261001,2026-10-01,2026-11-30,8,1) 0 a 30 dias,3) $10.001 a $20.000,881,14559543.71,14559543.71,1323,92,1231,92,0,0,0,1231,0,0,0,0.0
MEL0,261001,2026-10-01,2026-11-30,8,1) 0 a 30 dias,4) $20.001 a $35.000,5349,143759359.92,143759359.92,8305,667,7638,667,0,0,0,7638,0,0,0,0.0
MEL0,261001,2026-10-01,2026-11-30,8,1) 0 a 30 dias,5) $35.001 a $50.000,10037,433444951.49,433444951.49,14695,1456,13239,1456,0,0,0,13239,0,0,0,0.0
MEL0,261001,2026-10-01,2026-11-30,8,1) 0 a 30 dias,6) $50.001 a $100.000,26778,1982946663.27,1982946663.27,36821,4895,31926,4895,0,0,0,31926,0,0,0,0.0
MEL0,261001,2026-10-01,2026-11-30,8,1) 0 a 30 dias,7) $100.001 a $500.000,37770,5201840799.51,5201840799.51,50668,6830,43838,6830,0,0,0,43838,0,0,0,0.0
MEL0,261001,2026-10-01,2026-11-30,8,1) 0 a 30 dias,8) >$500.000,18,15438612.67,15438612.67,30,6,24,6,0,0,0,24,0,0,0,0.0
OEST,84,2023-01-04,2027-01-03,1374,6) Mayor a 360 dias,1) MENOR A $5.000,1018,886734.52,886734.52,2145,793,1352,718,68,6,1,1352,0,0,0,121.0
OEST,84,2023-01-04,2027-01-03,1374,6) Mayor a 360 dias,2) $5.001 a $10.000,35,216114.95,216114.95,76,34,42,8,26,0,0,42,0,0,0,31.0
OEST,84,2023-01-04,2027-01-03,1374,6) Mayor a 360 dias,3) $10.001 a $20.000,8,111335.79,111335.79,18,10,8,2,7,1,0,8,0,0,0,17.0
OEST,84,2023-01-04,2027-01-03,1374,6) Mayor a 360 dias,7) $100.001 a $500.000,1,212458.63,212458.63,13,7,6,1,2,4,0,0,6,0,0,37.0
OEST,86,2023-02-03,2027-02-02,1344,6) Mayor a 360 dias,1) MENOR A $5.000,695,693323.7,693323.7,1239,473,766,457,14,2,0,766,0,0,0,31.0
OEST,86,2023-02-03,2027-02-02,1344,6) Mayor a 360 dias,2) $5.001 a $10.000,28,182795.1,182795.1,47,26,21,17,8,0,1,21,0,0,0,19.0
OEST,86,2023-02-03,2027-02-02,1344,6) Mayor a 360 dias,3) $10.001 a $20.000,7,86682.51,86682.51,15,7,8,4,1,2,0,7,0,1,0,18.0
OEST,87,2023-02-03,2027-02-02,1344,6) Mayor a 360 dias,1) MENOR A $5.000,263,251562.3,251562.3,479,203,276,174,28,1,0,275,1,0,0,39.0
OEST,87,2023-02-03,2027-02-02,1344,6) Mayor a 360 dias,2) $5.001 a $10.000,9,56889.13,56889.13,18,11,7,0,11,0,0,7,0,0,0,13.0
OEST,87,2023-02-03,2027-02-02,1344,6) Mayor a 360 dias,3) $10.001 a $20.000,1,15313.41,15313.41,1,0,1,0,0,0,0,1,0,0,0,0.0
OEST,88,2023-03-03,2027-03-02,1316,6) Mayor a 360 dias,1) MENOR A $5.000,276,381215.43,381215.43,419,146,273,131,14,1,0,273,0,0,0,22.0
OEST,88,2023-03-03,2027-03-02,1316,6) Mayor a 360 dias,2) $5.001 a $10.000,27,189634.75,189634.75,104,32,72,9,21,1,1,72,0,0,0,40.0
OEST,88,2023-03-03,2027-03-02,1316,6) Mayor a 360 dias,3) $10.001 a $20.000,7,87276.88,87276.88,9,5,4,0,5,0,0,4,0,0,0,7.0
OEST,88,2023-03-03,2027-03-02,1316,6) Mayor a 360 dias,4) $20.001 a $35.000,1,33850.5,33850.5,4,1,3,0,1,0,0,3,0,0,0,1.0
OEST,89,2023-03-03,2027-03-02,1316,6) Mayor a 360 dias,1) MENOR A $5.000,182,213255.58,213255.58,343,151,192,131,19,0,1,192,0,0,0,35.0
OEST,89,2023-03-03,2027-03-02,1316,6) Mayor a 360 dias,2) $5.001 a $10.000,13,102008.73,102008.73,20,7,13,0,7,0,0,13,0,0,0,8.0
OEST,89,2023-03-03,2027-03-02,1316,6) Mayor a 360 dias,3) $10.001 a $20.000,4,52875.63,52875.63,10,7,3,1,5,0,1,3,0,0,0,19.0
OEST,89,2023-03-03,2027-03-02,1316,6) Mayor a 360 dias,4) $20.001 a $35.000,5,129147.17,129147.17,13,7,6,0,2,3,2,6,0,0,0,35.0
OEST,89,2023-03-03,2027-03-02,1316,6) Mayor a 360 dias,5) $35.001 a $50.000,1,42454.45,42454.45,1,0,1,0,0,0,0,0,0,1,0,5.0
OEST,90,2023-04-04,2027-04-03,1284,6) Mayor a 360 dias,1) MENOR A $5.000,399,432939.89,432939.89,716,269,447,247,22,0,0,446,1,0,0,28.0
OEST,90,2023-04-04,2027-04-03,1284,6) Mayor a 360 dias,2) $5.001 a $10.000,24,162179.51,162179.51,52,21,31,5,15,1,0,31,0,0,0,23.0
OEST,90,2023-04-04,2027-04-03,1284,6) Mayor a 360 dias,3) $10.001 a $20.000,7,95706.57,95706.57,10,5,5,1,4,0,0,5,0,0,0,7.0
OEST,90,2023-04-04,2027-04-03,1284,6) Mayor a 360 dias,4) $20.001 a $35.000,5,128954.27,128954.27,6,4,2,1,3,0,0,2,0,0,0,4.0
OEST,90,2023-04-04,2027-04-03,1284,6) Mayor a 360 dias,5) $35.001 a $50.000,1,43822.35,43822.35,1,0,1,0,0,0,0,1,0,0,0,0.0
OEST,91,2023-04-04,2027-04-03,1284,6) Mayor a 360 dias,1) MENOR A $5.000,227,224460.39,224460.39,437,173,264,166,7,0,0,264,0,0,0,10.0
OEST,91,2023-04-04,2027-04-03,1284,6) Mayor a 360 dias,2) $5.001 a $10.000,6,38072.87,38072.87,9,6,3,0,6,0,0,3,0,0,0,7.0
OEST,91,2023-04-04,2027-04-03,1284,6) Mayor a 360 dias,3) $10.001 a $20.000,4,48514.99,48514.99,8,4,4,0,4,0,0,4,0,0,0,5.0
OEST,92,2023-05-03,2027-05-02,1255,6) Mayor a 360 dias,1) MENOR A $5.000,385,430410.82,430410.82,643,294,349,267,27,0,0,349,0,0,0,33.0
OEST,92,2023-05-03,2027-05-02,1255,6) Mayor a 360 dias,2) $5.001 a $10.000,26,173798.97,173798.97,36,17,19,0,17,0,0,19,0,0,0,19.0
OEST,92,2023-05-03,2027-05-02,1255,6) Mayor a 360 dias,3) $10.001 a $20.000,5,63868.62,63868.62,5,3,2,0,3,0,0,2,0,0,0,3.0
OEST,92,2023-05-03,2027-05-02,1255,6) Mayor a 360 dias,4) $20.001 a $35.000,1,31516.99,31516.99,1,0,1,0,0,0,0,1,0,0,0,0.0
OEST,92,2023-05-03,2027-05-02,1255,6) Mayor a 360 dias,5) $35.001 a $50.000,1,42729.21,42729.21,1,1,0,0,0,1,0,0,0,0,0,4.0
OEST,93,2023-05-03,2027-05-02,1255,6) Mayor a 360 dias,1) MENOR A $5.000,203,196717.97,196717.97,1242,555,687,542,12,1,0,687,0,0,0,21.0
OEST,93,2023-05-03,2027-05-02,1255,6) Mayor a 360 dias,2) $5.001 a $10.000,11,70442.03,70442.03,30,14,16,1,13,0,0,16,0,0,0,14.0
OEST,93,2023-05-03,2027-05-02,1255,6) Mayor a 360 dias,3) $10.001 a $20.000,1,10353.2,10353.2,1,0,1,0,0,0,0,1,0,0,0,0.0
OEST,94,2023-06-02,2027-06-01,1225,6) Mayor a 360 dias,1) MENOR A $5.000,457,482837.33,482837.33,746,313,433,293,20,0,0,433,0,0,0,24.0
OEST,94,2023-06-02,2027-06-01,1225,6) Mayor a 360 dias,2) $5.001 a $10.000,28,193408.22,193408.22,57,26,31,4,21,1,0,31,0,0,0,31.0
OEST,94,2023-06-02,2027-06-01,1225,6) Mayor a 360 dias,3) $10.001 a $20.000,6,69725.87,69725.87,7,3,4,0,3,0,0,4,0,0,0,5.0
OEST,94,2023-06-02,2027-06-01,1225,6) Mayor a 360 dias,5) $35.001 a $50.000,1,46358.5,46358.5,3,2,1,0,0,2,0,0,1,0,0,12.0
OEST,94,2023-06-02,2027-06-01,1225,6) Mayor a 360 dias,6) $50.001 a $100.000,1,92844.48,92844.48,4,2,2,0,1,1,0,1,1,0,0,7.0
OEST,95,2023-06-02,2027-06-01,1225,6) Mayor a 360 dias,1) MENOR A $5.000,206,184424.27,184424.27,417,202,215,191,10,1,0,215,0,0,0,17.0
OEST,95,2023-06-02,2027-06-01,1225,6) Mayor a 360 dias,2) $5.001 a $10.000,8,50367.1,50367.1,14,6,8,0,6,0,0,8,0,0,0,7.0
OEST,95,2023-06-02,2027-06-01,1225,6) Mayor a 360 dias,3) $10.001 a $20.000,3,42552.62,42552.62,4,1,3,0,0,0,1,3,0,0,0,7.0
OEST,95,2023-06-02,2027-06-01,1225,6) Mayor a 360 dias,4) $20.001 a $35.000,1,32496.0,32496.0,1,0,1,0,0,0,0,1,0,0,0,0.0
OEST,96,2023-07-05,2027-07-04,1192,6) Mayor a 360 dias,1) MENOR A $5.000,440,466211.32,466211.32,756,332,424,316,16,0,0,424,0,0,0,17.0
OEST,96,2023-07-05,2027-07-04,1192,6) Mayor a 360 dias,2) $5.001 a $10.000,27,186079.92,186079.92,46,26,20,1,25,0,0,20,0,0,0,29.0
OEST,96,2023-07-05,2027-07-04,1192,6) Mayor a 360 dias,3) $10.001 a $20.000,4,53988.23,53988.23,16,3,13,0,3,0,0,13,0,0,0,6.0
OEST,97,2023-07-05,2027-07-04,1192,6) Mayor a 360 dias,1) MENOR A $5.000,184,166679.12,166679.12,321,161,160,154,7,0,0,160,0,0,0,8.0
OEST,97,2023-07-05,2027-07-04,1192,6) Mayor a 360 dias,2) $5.001 a $10.000,6,42204.17,42204.17,16,11,5,0,11,0,0,5,0,0,0,13.0
OEST,97,2023-07-05,2027-07-04,1192,6) Mayor a 360 dias,3) $10.001 a $20.000,2,24348.39,24348.39,3,0,3,0,0,0,0,3,0,0,0,0.0
OEST,98,2023-08-03,2027-08-02,1163,6) Mayor a 360 dias,1) MENOR A $5.000,387,414566.61,414566.61,650,265,385,248,17,0,0,385,0,0,0,24.0
OEST,98,2023-08-03,2027-08-02,1163,6) Mayor a 360 dias,2) $5.001 a $10.000,13,87548.53,87548.53,22,10,12,3,6,1,0,12,0,0,0,14.0
OEST,98,2023-08-03,2027-08-02,1163,6) Mayor a 360 dias,3) $10.001 a $20.000,1,11037.15,11037.15,1,1,0,0,1,0,0,0,0,0,0,2.0
OEST,98,2023-08-03,2027-08-02,1163,6) Mayor a 360 dias,5) $35.001 a $50.000,1,38867.0,38867.0,3,2,1,0,1,1,0,1,0,0,0,7.0
OEST,98,2023-08-03,2027-08-02,1163,6) Mayor a 360 dias,7) $100.001 a $500.000,1,114094.79,114094.79,1,1,0,0,0,1,0,0,0,0,0,5.0
OEST,99,2023-08-03,2027-08-02,1163,6) Mayor a 360 dias,1) MENOR A $5.000,245,212628.54,212628.54,463,227,236,222,5,0,0,236,0,0,0,8.0
OEST,99,2023-08-03,2027-08-02,1163,6) Mayor a 360 dias,2) $5.001 a $10.000,7,40484.35,40484.35,18,12,6,3,9,0,0,6,0,0,0,9.0
OEST,99,2023-08-03,2027-08-02,1163,6) Mayor a 360 dias,3) $10.001 a $20.000,1,17348.45,17348.45,4,2,2,0,1,1,0,2,0,0,0,7.0
OEST,99,2023-08-03,2027-08-02,1163,6) Mayor a 360 dias,6) $50.001 a $100.000,1,60554.93,60554.93,0,0,0,0,0,0,0,0,0,0,0,0.0
OEST,100,2023-09-05,2027-09-04,1130,6) Mayor a 360 dias,1) MENOR A $5.000,480,523766.74,523766.74,763,301,462,281,19,1,0,462,0,0,0,26.0
OEST,100,2023-09-05,2027-09-04,1130,6) Mayor a 360 dias,2) $5.001 a $10.000,18,124794.51,124794.51,23,11,12,1,10,0,0,12,0,0,0,11.0
OEST,100,2023-09-05,2027-09-04,1130,6) Mayor a 360 dias,3) $10.001 a $20.000,7,88784.39,88784.39,11,6,5,0,6,0,0,5,0,0,0,7.0
OEST,101,2023-09-05,2027-09-04,1130,6) Mayor a 360 dias,1) MENOR A $5.000,189,145656.99,145656.99,356,172,184,163,8,1,0,184,0,0,0,15.0
OEST,101,2023-09-05,2027-09-04,1130,6) Mayor a 360 dias,2) $5.001 a $10.000,4,25894.07,25894.07,3,2,1,0,2,0,0,1,0,0,0,2.0
OEST,102,2023-10-04,2027-10-03,1101,6) Mayor a 360 dias,1) MENOR A $5.000,472,441516.14,441516.14,819,332,487,318,14,0,0,486,1,0,0,21.0
OEST,102,2023-10-04,2027-10-03,1101,6) Mayor a 360 dias,2) $5.001 a $10.000,17,119371.82,119371.82,21,7,14,1,6,0,0,14,0,0,0,7.0
OEST,102,2023-10-04,2027-10-03,1101,6) Mayor a 360 dias,3) $10.001 a $20.000,3,41946.0,41946.0,3,2,1,1,0,0,1,1,0,0,0,8.0
OEST,103,2023-10-04,2027-10-03,1101,6) Mayor a 360 dias,1) MENOR A $5.000,213,204658.36,204658.36,315,161,154,148,12,1,0,154,0,0,0,22.0
OEST,103,2023-10-04,2027-10-03,1101,6) Mayor a 360 dias,2) $5.001 a $10.000,8,49778.16,49778.16,11,5,6,0,5,0,0,6,0,0,0,5.0
OEST,103,2023-10-04,2027-10-03,1101,6) Mayor a 360 dias,4) $20.001 a $35.000,1,31763.69,31763.69,5,3,2,0,2,1,0,2,0,0,0,7.0
OEST,104,2023-11-02,2027-11-01,1072,6) Mayor a 360 dias,1) MENOR A $5.000,467,475045.39,475045.39,816,350,466,334,16,0,0,466,0,0,0,21.0
OEST,104,2023-11-02,2027-11-01,1072,6) Mayor a 360 dias,2) $5.001 a $10.000,20,134039.78,134039.78,43,19,24,0,19,0,0,24,0,0,0,24.0
OEST,104,2023-11-02,2027-11-01,1072,6) Mayor a 360 dias,3) $10.001 a $20.000,2,21198.99,21198.99,2,1,1,0,1,0,0,1,0,0,0,1.0
OEST,104,2023-11-02,2027-11-01,1072,6) Mayor a 360 dias,4) $20.001 a $35.000,3,85953.66,85953.66,3,3,0,0,3,0,0,0,0,0,0,3.0
OEST,105,2023-11-02,2027-11-01,1072,6) Mayor a 360 dias,1) MENOR A $5.000,185,159029.84,159029.84,619,247,372,242,4,1,0,372,0,0,0,8.0
OEST,105,2023-11-02,2027-11-01,1072,6) Mayor a 360 dias,2) $5.001 a $10.000,3,20061.88,20061.88,6,2,4,0,2,0,0,4,0,0,0,3.0
OEST,105,2023-11-02,2027-11-01,1072,6) Mayor a 360 dias,3) $10.001 a $20.000,2,25524.04,25524.04,7,4,3,0,4,0,0,3,0,0,0,5.0
OEST,105,2023-11-02,2027-11-01,1072,6) Mayor a 360 dias,4) $20.001 a $35.000,1,22252.32,22252.32,1,1,0,0,1,0,0,0,0,0,0,1.0
OEST,106,2023-12-05,2027-12-04,1039,6) Mayor a 360 dias,1) MENOR A $5.000,537,565520.82,565520.82,918,389,529,375,11,2,1,529,0,0,0,33.0
OEST,106,2023-12-05,2027-12-04,1039,6) Mayor a 360 dias,2) $5.001 a $10.000,28,198700.98,198700.98,66,27,39,3,24,0,0,39,0,0,0,32.0
OEST,106,2023-12-05,2027-12-04,1039,6) Mayor a 360 dias,3) $10.001 a $20.000,6,87029.06,87029.06,16,6,10,0,6,0,0,10,0,0,0,7.0
OEST,106,2023-12-05,2027-12-04,1039,6) Mayor a 360 dias,4) $20.001 a $35.000,1,32122.87,32122.87,1,1,0,0,0,1,0,0,0,0,0,4.0
OEST,107,2023-12-05,2027-12-04,1039,6) Mayor a 360 dias,1) MENOR A $5.000,192,173241.43,173241.43,297,129,168,124,5,0,0,167,1,0,0,7.0
OEST,107,2023-12-05,2027-12-04,1039,6) Mayor a 360 dias,2) $5.001 a $10.000,5,29993.47,29993.47,10,8,2,1,7,0,0,2,0,0,0,8.0
OEST,107,2023-12-05,2027-12-04,1039,6) Mayor a 360 dias,3) $10.001 a $20.000,1,10286.0,10286.0,3,3,0,0,3,0,0,0,0,0,0,3.0
OEST,107,2023-12-05,2027-12-04,1039,6) Mayor a 360 dias,4) $20.001 a $35.000,1,25143.5,25143.5,3,3,0,0,3,0,0,0,0,0,0,3.0
OEST,108,2024-01-03,2028-01-02,1010,6) Mayor a 360 dias,1) MENOR A $5.000,387,414368.59,414368.59,608,277,331,273,4,0,0,331,0,0,0,8.0
OEST,108,2024-01-03,2028-01-02,1010,6) Mayor a 360 dias,2) $5.001 a $10.000,22,155016.54,155016.54,37,16,21,15,1,0,0,21,0,0,0,1.0
OEST,108,2024-01-03,2028-01-02,1010,6) Mayor a 360 dias,3) $10.001 a $20.000,12,157568.77,157568.77,14,8,6,8,0,0,0,6,0,0,0,0.0
OEST,108,2024-01-03,2028-01-02,1010,6) Mayor a 360 dias,4) $20.001 a $35.000,3,70824.38,70824.38,3,2,1,1,1,0,0,1,0,0,0,1.0
OEST,109,2024-01-03,2028-01-02,1010,6) Mayor a 360 dias,1) MENOR A $5.000,158,149312.93,149312.93,902,299,603,298,1,0,0,603,0,0,0,1.0
OEST,109,2024-01-03,2028-01-02,1010,6) Mayor a 360 dias,2) $5.001 a $10.000,5,31269.07,31269.07,7,2,5,2,0,0,0,5,0,0,0,0.0
OEST,109,2024-01-03,2028-01-02,1010,6) Mayor a 360 dias,3) $10.001 a $20.000,1,14775.0,14775.0,2,1,1,1,0,0,0,1,0,0,0,0.0
OEST,110,2024-02-02,2028-02-01,980,6) Mayor a 360 dias,1) MENOR A $5.000,620,693330.71,693330.71,1055,450,605,428,22,0,0,604,1,0,0,27.0
OEST,110,2024-02-02,2028-02-01,980,6) Mayor a 360 dias,2) $5.001 a $10.000,53,373779.68,373779.68,93,39,54,2,36,1,0,54,0,0,0,49.0
OEST,110,2024-02-02,2028-02-01,980,6) Mayor a 360 dias,3) $10.001 a $20.000,16,226838.56,226838.56,26,9,17,1,7,1,0,17,0,0,0,13.0
OEST,110,2024-02-02,2028-02-01,980,6) Mayor a 360 dias,4) $20.001 a $35.000,5,145005.54,145005.54,14,2,12,0,2,0,0,12,0,0,0,2.0
OEST,110,2024-02-02,2028-02-01,980,6) Mayor a 360 dias,5) $35.001 a $50.000,1,36950.0,36950.0,1,1,0,0,1,0,0,0,0,0,0,1.0
OEST,110,2024-02-02,2028-02-01,980,6) Mayor a 360 dias,6) $50.001 a $100.000,4,255390.52,255390.52,4,4,0,0,4,0,0,0,0,0,0,12.0
OEST,111,2024-02-02,2028-02-01,980,6) Mayor a 360 dias,1) MENOR A $5.000,225,223873.11,223873.11,360,176,184,171,5,0,0,184,0,0,0,5.0
OEST,111,2024-02-02,2028-02-01,980,6) Mayor a 360 dias,2) $5.001 a $10.000,13,88207.02,88207.02,28,20,8,2,17,1,0,8,0,0,0,27.0
OEST,111,2024-02-02,2028-02-01,980,6) Mayor a 360 dias,3) $10.001 a $20.000,4,55875.59,55875.59,7,2,5,0,2,0,0,5,0,0,0,2.0
OEST,111,2024-02-02,2028-02-01,980,6) Mayor a 360 dias,4) $20.001 a $35.000,1,22677.04,22677.04,1,0,1,0,0,0,0,1,0,0,0,0.0
OEST,111,2024-02-02,2028-02-01,980,6) Mayor a 360 dias,6) $50.001 a $100.000,1,59197.66,59197.66,3,2,1,0,1,0,1,1,0,0,0,10.0
OEST,111,2024-02-02,2028-02-01,980,6) Mayor a 360 dias,7) $100.001 a $500.000,3,388314.9,388314.9,2,1,1,0,1,0,0,1,0,0,0,3.0
OEST,112,2024-03-05,2028-03-04,948,6) Mayor a 360 dias,1) MENOR A $5.000,597,619341.06,619341.06,1109,371,738,361,9,0,1,738,0,0,0,22.0
OEST,112,2024-03-05,2028-03-04,948,6) Mayor a 360 dias,2) $5.001 a $10.000,37,260783.11,260783.11,63,23,40,0,23,0,0,40,0,0,0,25.0
OEST,112,2024-03-05,2028-03-04,948,6) Mayor a 360 dias,3) $10.001 a $20.000,21,288784.0,288784.0,34,14,20,2,12,0,0,20,0,0,0,16.0
OEST,112,2024-03-05,2028-03-04,948,6) Mayor a 360 dias,4) $20.001 a $35.000,5,130048.3,130048.3,8,4,4,0,4,0,0,4,0,0,0,6.0
OEST,113,2024-03-05,2028-03-04,948,6) Mayor a 360 dias,1) MENOR A $5.000,220,203453.5,203453.5,384,166,218,163,2,1,0,217,1,0,0,7.0
OEST,113,2024-03-05,2028-03-04,948,6) Mayor a 360 dias,2) $5.001 a $10.000,14,94624.49,94624.49,21,8,13,0,8,0,0,13,0,0,0,9.0
OEST,113,2024-03-05,2028-03-04,948,6) Mayor a 360 dias,3) $10.001 a $20.000,7,90152.45,90152.45,8,5,3,1,4,0,0,3,0,0,0,5.0
OEST,113,2024-03-05,2028-03-04,948,6) Mayor a 360 dias,4) $20.001 a $35.000,2,55363.39,55363.39,3,2,1,0,2,0,0,1,0,0,0,2.0
OEST,114,2024-04-04,2028-04-03,918,6) Mayor a 360 dias,1) MENOR A $5.000,626,746782.1,746782.1,1096,351,745,335,14,2,0,745,0,0,0,27.0
OEST,114,2024-04-04,2028-04-03,918,6) Mayor a 360 dias,2) $5.001 a $10.000,54,374912.59,374912.59,81,37,44,1,36,0,0,44,0,0,0,41.0
OEST,114,2024-04-04,2028-04-03,918,6) Mayor a 360 dias,3) $10.001 a $20.000,26,376602.37,376602.37,53,25,28,2,23,0,0,28,0,0,0,29.0
OEST,114,2024-04-04,2028-04-03,918,6) Mayor a 360 dias,4) $20.001 a $35.000,6,145297.85,145297.85,9,3,6,0,3,0,0,6,0,0,0,3.0
OEST,114,2024-04-04,2028-04-03,918,6) Mayor a 360 dias,5) $35.001 a $50.000,1,38323.71,38323.71,1,0,1,0,0,0,0,1,0,0,0,0.0
OEST,114,2024-04-04,2028-04-03,918,6) Mayor a 360 dias,6) $50.001 a $100.000,2,127325.2,127325.2,3,1,2,0,0,1,0,2,0,0,0,4.0
OEST,115,2024-04-04,2028-04-03,918,6) Mayor a 360 dias,1) MENOR A $5.000,2108,1958410.99,1958410.99,3800,1293,2507,1224,68,1,0,2507,0,0,0,87.0
OEST,115,2024-04-04,2028-04-03,918,6) Mayor a 360 dias,2) $5.001 a $10.000,46,325097.88,325097.88,88,35,53,3,32,0,0,53,0,0,0,35.0
OEST,115,2024-04-04,2028-04-03,918,6) Mayor a 360 dias,3) $10.001 a $20.000,14,197208.78,197208.78,18,6,12,1,5,0,0,12,0,0,0,7.0
OEST,115,2024-04-04,2028-04-03,918,6) Mayor a 360 dias,4) $20.001 a $35.000,3,69305.5,69305.5,3,1,2,0,1,0,0,2,0,0,0,1.0
OEST,115,2024-04-04,2028-04-03,918,6) Mayor a 360 dias,5) $35.001 a $50.000,1,35100.0,35100.0,1,1,0,0,1,0,0,0,0,0,0,1.0
OEST,115,2024-04-04,2028-04-03,918,6) Mayor a 360 dias,6) $50.001 a $100.000,2,121010.04,121010.04,3,1,2,0,0,1,0,2,0,0,0,5.0
OEST,116,2024-05-03,2028-05-02,889,6) Mayor a 360 dias,1) MENOR A $5.000,981,1000338.32,1000338.32,1675,573,1102,563,7,3,0,1100,2,0,0,24.0
OEST,116,2024-05-03,2028-05-02,889,6) Mayor a 360 dias,2) $5.001 a $10.000,53,369236.18,369236.18,90,41,49,17,23,1,0,48,1,0,0,52.0
OEST,116,2024-05-03,2028-05-02,889,6) Mayor a 360 dias,3) $10.001 a $20.000,39,551743.54,551743.54,76,30,46,21,8,0,1,45,1,0,0,29.0
OEST,116,2024-05-03,2028-05-02,889,6) Mayor a 360 dias,4) $20.001 a $35.000,14,359855.01,359855.01,31,13,18,12,1,0,0,18,0,0,0,1.0
OEST,116,2024-05-03,2028-05-02,889,6) Mayor a 360 dias,5) $35.001 a $50.000,1,35864.46,35864.46,1,1,0,1,0,0,0,0,0,0,0,0.0
OEST,117,2024-05-06,2028-05-05,886,6) Mayor a 360 dias,1) MENOR A $5.000,390,349367.83,349367.83,618,254,364,246,8,0,0,361,3,0,0,16.0
OEST,117,2024-05-06,2028-05-05,886,6) Mayor a 360 dias,2) $5.001 a $10.000,10,61409.96,61409.96,18,7,11,1,6,0,0,8,3,0,0,16.0
OEST,117,2024-05-06,2028-05-05,886,6) Mayor a 360 dias,3) $10.001 a $20.000,10,135962.58,135962.58,13,5,8,1,4,0,0,8,0,0,0,11.0
OEST,117,2024-05-06,2028-05-05,886,6) Mayor a 360 dias,4) $20.001 a $35.000,3,78212.94,78212.94,5,1,4,0,1,0,0,4,0,0,0,3.0
OEST,117,2024-05-06,2028-05-05,886,6) Mayor a 360 dias,7) $100.001 a $500.000,1,258800.0,258800.0,1,0,1,0,0,0,0,1,0,0,0,0.0
OEST,118,2024-06-04,2028-06-03,857,6) Mayor a 360 dias,1) MENOR A $5.000,787,802592.91,802592.91,1441,423,1018,413,9,1,0,1017,1,0,0,14.0
OEST,118,2024-06-04,2028-06-03,857,6) Mayor a 360 dias,2) $5.001 a $10.000,52,356590.55,356590.55,76,25,51,5,17,3,0,47,2,2,0,48.0
OEST,118,2024-06-04,2028-06-03,857,6) Mayor a 360 dias,3) $10.001 a $20.000,34,455969.2,455969.2,55,24,31,4,13,7,0,30,1,0,0,44.0
OEST,118,2024-06-04,2028-06-03,857,6) Mayor a 360 dias,4) $20.001 a $35.000,10,254256.03,254256.03,15,8,7,3,5,0,0,7,0,0,0,5.0
OEST,118,2024-06-04,2028-06-03,857,6) Mayor a 360 dias,5) $35.001 a $50.000,2,80830.26,80830.26,5,1,4,1,0,0,0,4,0,0,0,0.0
OEST,118,2024-06-04,2028-06-03,857,6) Mayor a 360 dias,6) $50.001 a $100.000,1,55400.0,55400.0,4,2,2,0,2,0,0,2,0,0,0,6.0
OEST,119,2024-06-04,2028-06-03,857,6) Mayor a 360 dias,1) MENOR A $5.000,166,224592.36,224592.36,903,277,626,273,4,0,0,626,0,0,0,6.0
OEST,119,2024-06-04,2028-06-03,857,6) Mayor a 360 dias,2) $5.001 a $10.000,18,127323.08,127323.08,28,13,15,4,7,2,0,14,1,0,0,24.0
OEST,119,2024-06-04,2028-06-03,857,6) Mayor a 360 dias,3) $10.001 a $20.000,9,114160.78,114160.78,329,90,239,84,5,1,0,237,1,1,0,18.0
OEST,119,2024-06-04,2028-06-03,857,6) Mayor a 360 dias,4) $20.001 a $35.000,1,20931.75,20931.75,1,1,0,0,1,0,0,0,0,0,0,2.0
OEST,119,2024-06-04,2028-06-03,857,6) Mayor a 360 dias,7) $100.001 a $500.000,1,439700.0,439700.0,6,2,4,0,2,0,0,3,1,0,0,4.0
OEST,128,2024-11-01,2026-11-01,707,6) Mayor a 360 dias,1) MENOR A $5.000,1035,1348880.12,1348880.12,1813,628,1185,621,5,2,0,1185,0,0,0,16.0
OEST,128,2024-11-01,2026-11-01,707,6) Mayor a 360 dias,2) $5.001 a $10.000,90,617155.26,617155.26,143,59,84,29,25,5,0,83,1,0,0,56.0
OEST,128,2024-11-01,2026-11-01,707,6) Mayor a 360 dias,3) $10.001 a $20.000,71,1041058.93,1041058.93,105,43,62,14,20,9,0,62,0,0,0,71.0
OEST,128,2024-11-01,2026-11-01,707,6) Mayor a 360 dias,4) $20.001 a $35.000,36,922442.11,922442.11,61,31,30,12,13,6,0,29,0,1,0,45.0
OEST,128,2024-11-01,2026-11-01,707,6) Mayor a 360 dias,5) $35.001 a $50.000,11,461742.38,461742.38,15,8,7,3,4,1,0,7,0,0,0,10.0
OEST,128,2024-11-01,2026-11-01,707,6) Mayor a 360 dias,6) $50.001 a $100.000,7,409500.18,409500.18,9,3,6,0,2,1,0,6,0,0,0,7.0
OEST,128,2024-11-01,2026-11-01,707,6) Mayor a 360 dias,7) $100.001 a $500.000,3,520055.77,520055.77,4,2,2,0,1,1,0,2,0,0,0,8.0
OEST,129,2024-11-01,2026-11-01,707,6) Mayor a 360 dias,1) MENOR A $5.000,142,213478.85,213478.85,231,101,130,100,0,1,0,130,0,0,0,4.0
OEST,129,2024-11-01,2026-11-01,707,6) Mayor a 360 dias,2) $5.001 a $10.000,22,140414.06,140414.06,33,14,19,8,5,1,0,16,3,0,0,18.0
OEST,129,2024-11-01,2026-11-01,707,6) Mayor a 360 dias,3) $10.001 a $20.000,18,269291.36,269291.36,31,13,18,5,6,2,0,17,1,0,0,21.0
OEST,129,2024-11-01,2026-11-01,707,6) Mayor a 360 dias,4) $20.001 a $35.000,5,126353.6,126353.6,9,3,6,0,1,2,0,5,1,0,0,12.0
OEST,129,2024-11-01,2026-11-01,707,6) Mayor a 360 dias,6) $50.001 a $100.000,1,50487.47,50487.47,1,0,1,0,0,0,0,1,0,0,0,0.0
OEST,129,2024-11-01,2026-11-01,707,6) Mayor a 360 dias,7) $100.001 a $500.000,1,254542.88,254542.88,2,2,0,0,0,2,0,0,0,0,0,9.0
OEST,130,2024-12-02,2026-12-02,676,6) Mayor a 360 dias,1) MENOR A $5.000,916,1185299.22,1185299.22,1490,489,1001,481,7,1,0,1000,1,0,0,17.0
OEST,130,2024-12-02,2026-12-02,676,6) Mayor a 360 dias,2) $5.001 a $10.000,84,584036.45,584036.45,129,55,74,21,20,14,0,72,2,0,0,95.0
OEST,130,2024-12-02,2026-12-02,676,6) Mayor a 360 dias,3) $10.001 a $20.000,64,947871.82,947871.82,93,45,48,16,19,10,0,47,1,0,0,69.0
OEST,130,2024-12-02,2026-12-02,676,6) Mayor a 360 dias,4) $20.001 a $35.000,25,633583.52,633583.52,46,17,29,3,10,4,0,26,0,3,0,48.0
OEST,130,2024-12-02,2026-12-02,676,6) Mayor a 360 dias,5) $35.001 a $50.000,9,362505.9,362505.9,16,8,8,3,1,3,1,8,0,0,0,24.0
OEST,130,2024-12-02,2026-12-02,676,6) Mayor a 360 dias,6) $50.001 a $100.000,10,610656.71,610656.71,11,8,3,4,3,1,0,3,0,0,0,13.0
OEST,130,2024-12-02,2026-12-02,676,6) Mayor a 360 dias,7) $100.001 a $500.000,2,493529.85,493529.85,2,1,1,1,0,0,0,1,0,0,0,0.0
OEST,131,2024-12-02,2026-12-02,676,6) Mayor a 360 dias,1) MENOR A $5.000,130,187867.83,187867.83,210,88,122,87,1,0,0,122,0,0,0,3.0
OEST,131,2024-12-02,2026-12-02,676,6) Mayor a 360 dias,2) $5.001 a $10.000,7,50512.68,50512.68,10,5,5,1,4,0,0,5,0,0,0,8.0
OEST,131,2024-12-02,2026-12-02,676,6) Mayor a 360 dias,3) $10.001 a $20.000,5,71585.36,71585.36,5,1,4,1,0,0,0,4,0,0,0,0.0
OEST,131,2024-12-02,2026-12-02,676,6) Mayor a 360 dias,4) $20.001 a $35.000,3,76721.76,76721.76,3,2,1,0,2,0,0,1,0,0,0,4.0
OEST,131,2024-12-02,2026-12-02,676,6) Mayor a 360 dias,5) $35.001 a $50.000,1,38824.89,38824.89,6,1,5,0,1,0,0,4,1,0,0,4.0
OEST,131,2024-12-02,2026-12-02,676,6) Mayor a 360 dias,6) $50.001 a $100.000,1,57497.03,57497.03,2,1,1,0,1,0,0,0,1,0,0,4.0
OEST,133,2025-01-06,2027-01-06,641,6) Mayor a 360 dias,1) MENOR A $5.000,98,175998.8,175998.8,182,65,117,65,0,0,0,117,0,0,0,0.0
OEST,133,2025-01-06,2027-01-06,641,6) Mayor a 360 dias,2) $5.001 a $10.000,20,150963.08,150963.08,39,12,27,5,5,2,0,27,0,0,0,18.0
OEST,133,2025-01-06,2027-01-06,641,6) Mayor a 360 dias,3) $10.001 a $20.000,8,117937.02,117937.02,20,8,12,0,8,0,0,12,0,0,0,13.0
OEST,133,2025-01-06,2027-01-06,641,6) Mayor a 360 dias,4) $20.001 a $35.000,7,192146.47,192146.47,10,7,3,1,3,1,2,3,0,0,0,29.0
OEST,133,2025-01-06,2027-01-06,641,6) Mayor a 360 dias,5) $35.001 a $50.000,3,130310.0,130310.0,5,1,4,0,0,1,0,4,0,0,0,5.0
OEST,133,2025-01-06,2027-01-06,641,6) Mayor a 360 dias,6) $50.001 a $100.000,3,168746.78,168746.78,8,4,4,0,1,2,1,4,0,0,0,19.0
OEST,133,2025-01-06,2027-01-06,641,6) Mayor a 360 dias,7) $100.001 a $500.000,1,167096.3,167096.3,1,0,1,0,0,0,0,1,0,0,0,0.0
OEST,135,2025-01-06,2027-01-06,641,6) Mayor a 360 dias,1) MENOR A $5.000,77,142547.88,142547.88,163,51,112,51,0,0,0,112,0,0,0,0.0
OEST,135,2025-01-06,2027-01-06,641,6) Mayor a 360 dias,2) $5.001 a $10.000,12,98353.58,98353.58,20,4,16,3,1,0,0,16,0,0,0,2.0
OEST,135,2025-01-06,2027-01-06,641,6) Mayor a 360 dias,3) $10.001 a $20.000,13,201026.41,201026.41,21,11,10,7,3,1,0,10,0,0,0,8.0
OEST,135,2025-01-06,2027-01-06,641,6) Mayor a 360 dias,4) $20.001 a $35.000,13,329647.65,329647.65,57,16,41,11,5,0,0,41,0,0,0,5.0
OEST,135,2025-01-06,2027-01-06,641,6) Mayor a 360 dias,5) $35.001 a $50.000,4,161900.0,161900.0,6,1,5,0,0,1,0,5,0,0,0,6.0
OEST,135,2025-01-06,2027-01-06,641,6) Mayor a 360 dias,6) $50.001 a $100.000,1,53900.0,53900.0,3,2,1,0,1,0,1,1,0,0,0,10.0
OEST,135,2025-01-06,2027-01-06,641,6) Mayor a 360 dias,7) $100.001 a $500.000,1,125200.0,125200.0,1,1,0,0,1,0,0,0,0,0,0,2.0
OEST,136,2025-02-04,2027-02-04,612,6) Mayor a 360 dias,1) MENOR A $5.000,1831,3086936.12,3086936.12,3657,1141,2516,1124,15,2,0,2516,0,0,0,27.0
OEST,136,2025-02-04,2027-02-04,612,6) Mayor a 360 dias,2) $5.001 a $10.000,252,1776799.45,1776799.45,497,183,314,86,69,28,0,311,1,2,0,218.0
OEST,136,2025-02-04,2027-02-04,612,6) Mayor a 360 dias,3) $10.001 a $20.000,172,2499830.91,2499830.91,349,135,214,45,67,22,1,205,7,2,0,219.0
OEST,136,2025-02-04,2027-02-04,612,6) Mayor a 360 dias,4) $20.001 a $35.000,119,3164956.03,3164956.03,232,98,134,36,32,29,1,131,3,0,0,191.0
OEST,136,2025-02-04,2027-02-04,612,6) Mayor a 360 dias,5) $35.001 a $50.000,66,2780768.33,2780768.33,123,46,77,3,17,9,17,73,1,1,2,250.0
OEST,136,2025-02-04,2027-02-04,612,6) Mayor a 360 dias,6) $50.001 a $100.000,71,4839554.1,4839554.1,128,62,66,6,19,20,17,62,1,3,0,311.0
OEST,136,2025-02-04,2027-02-04,612,6) Mayor a 360 dias,7) $100.001 a $500.000,19,3353392.25,3353392.25,38,21,17,4,6,5,6,15,1,1,0,98.0
OEST,137,2025-02-04,2027-02-04,612,6) Mayor a 360 dias,1) MENOR A $5.000,168,289557.06,289557.06,303,119,184,117,2,0,0,184,0,0,0,5.0
OEST,137,2025-02-04,2027-02-04,612,6) Mayor a 360 dias,2) $5.001 a $10.000,23,168010.17,168010.17,52,20,32,13,6,1,0,30,2,0,0,21.0
OEST,137,2025-02-04,2027-02-04,612,6) Mayor a 360 dias,3) $10.001 a $20.000,16,232940.98,232940.98,25,12,13,5,5,2,0,11,1,1,0,24.0
OEST,137,2025-02-04,2027-02-04,612,6) Mayor a 360 dias,4) $20.001 a $35.000,11,279333.92,279333.92,24,10,14,1,5,4,0,14,0,0,0,28.0
OEST,137,2025-02-04,2027-02-04,612,6) Mayor a 360 dias,5) $35.001 a $50.000,1,47517.12,47517.12,2,2,0,0,0,0,2,0,0,0,0,15.0
OEST,137,2025-02-04,2027-02-04,612,6) Mayor a 360 dias,6) $50.001 a $100.000,3,244853.11,244853.11,3,3,0,0,0,2,1,0,0,0,0,19.0
OEST,137,2025-02-04,2027-02-04,612,6) Mayor a 360 dias,7) $100.001 a $500.000,2,306035.9,306035.9,3,3,0,0,0,2,1,0,0,0,0,17.0
OEST,138,2025-03-06,2027-03-06,582,6) Mayor a 360 dias,1) MENOR A $5.000,1084,1844824.87,1844824.87,2278,648,1630,639,9,0,0,1630,0,0,0,11.0
OEST,138,2025-03-06,2027-03-06,582,6) Mayor a 360 dias,2) $5.001 a $10.000,158,1124410.89,1124410.89,291,113,178,60,35,16,2,176,2,0,0,133.0
OEST,138,2025-03-06,2027-03-06,582,6) Mayor a 360 dias,3) $10.001 a $20.000,97,1410622.07,1410622.07,174,68,106,25,27,16,0,103,3,0,0,113.0
OEST,138,2025-03-06,2027-03-06,582,6) Mayor a 360 dias,4) $20.001 a $35.000,79,2076718.35,2076718.35,151,64,87,25,26,13,0,87,0,0,0,84.0
OEST,138,2025-03-06,2027-03-06,582,6) Mayor a 360 dias,5) $35.001 a $50.000,35,1452510.34,1452510.34,73,33,40,7,14,6,6,40,0,0,0,111.0
OEST,138,2025-03-06,2027-03-06,582,6) Mayor a 360 dias,6) $50.001 a $100.000,35,2496854.58,2496854.58,81,35,46,4,8,16,7,46,0,0,0,164.0
OEST,138,2025-03-06,2027-03-06,582,6) Mayor a 360 dias,7) $100.001 a $500.000,4,537719.42,537719.42,8,4,4,0,1,1,2,4,0,0,0,24.0
OEST,139,2025-03-06,2027-03-06,582,6) Mayor a 360 dias,1) MENOR A $5.000,164,324590.41,324590.41,302,125,177,123,2,0,0,176,1,0,0,4.0
OEST,139,2025-03-06,2027-03-06,582,6) Mayor a 360 dias,2) $5.001 a $10.000,28,198066.85,198066.85,54,24,30,9,14,0,1,26,4,0,0,39.0
OEST,139,2025-03-06,2027-03-06,582,6) Mayor a 360 dias,3) $10.001 a $20.000,14,199126.4,199126.4,22,10,12,4,3,3,0,11,1,0,0,20.0
OEST,139,2025-03-06,2027-03-06,582,6) Mayor a 360 dias,4) $20.001 a $35.000,11,301704.2,301704.2,21,7,14,0,4,3,0,13,1,0,0,24.0
OEST,139,2025-03-06,2027-03-06,582,6) Mayor a 360 dias,5) $35.001 a $50.000,6,264501.86,264501.86,9,3,6,0,0,2,1,6,0,0,0,17.0
OEST,139,2025-03-06,2027-03-06,582,6) Mayor a 360 dias,6) $50.001 a $100.000,5,292258.88,292258.88,10,3,7,0,1,1,1,7,0,0,0,18.0
OEST,139,2025-03-06,2027-03-06,582,6) Mayor a 360 dias,7) $100.001 a $500.000,4,464905.23,464905.23,5,3,2,0,1,2,0,2,0,0,0,11.0
OEST,140,2025-04-04,2027-04-04,553,6) Mayor a 360 dias,1) MENOR A $5.000,843,1659207.53,1659207.53,1634,534,1100,527,6,1,0,1100,0,0,0,13.0
OEST,140,2025-04-04,2027-04-04,553,6) Mayor a 360 dias,2) $5.001 a $10.000,164,1141672.85,1141672.85,332,126,206,56,17,37,16,200,1,5,0,385.0
OEST,140,2025-04-04,2027-04-04,553,6) Mayor a 360 dias,3) $10.001 a $20.000,139,1899332.58,1899332.58,263,121,142,6,23,59,33,137,0,2,3,649.0
OEST,140,2025-04-04,2027-04-04,553,6) Mayor a 360 dias,4) $20.001 a $35.000,87,2330862.76,2330862.76,178,66,112,7,12,37,10,105,1,5,1,325.0
OEST,140,2025-04-04,2027-04-04,553,6) Mayor a 360 dias,5) $35.001 a $50.000,49,1987158.47,1987158.47,97,50,47,2,3,23,22,44,0,0,3,333.0
OEST,140,2025-04-04,2027-04-04,553,6) Mayor a 360 dias,6) $50.001 a $100.000,55,3706949.12,3706949.12,111,56,55,5,5,12,34,51,1,2,1,461.0
OEST,140,2025-04-04,2027-04-04,553,6) Mayor a 360 dias,7) $100.001 a $500.000,12,1522521.44,1522521.44,20,9,11,0,1,1,7,9,0,2,0,85.0
OEST,140,2025-04-04,2027-04-04,553,6) Mayor a 360 dias,8) >$500.000,1,557539.35,557539.35,1,0,1,0,0,0,0,1,0,0,0,0.0
OEST,141,2025-04-04,2027-04-04,553,6) Mayor a 360 dias,1) MENOR A $5.000,135,267842.1,267842.1,254,89,165,89,0,0,0,165,0,0,0,0.0
OEST,141,2025-04-04,2027-04-04,553,6) Mayor a 360 dias,2) $5.001 a $10.000,22,149203.67,149203.67,44,13,31,6,0,4,3,30,0,0,1,53.0
OEST,141,2025-04-04,2027-04-04,553,6) Mayor a 360 dias,3) $10.001 a $20.000,9,121224.12,121224.12,16,6,10,1,1,1,3,10,0,0,0,32.0
OEST,141,2025-04-04,2027-04-04,553,6) Mayor a 360 dias,4) $20.001 a $35.000,11,294948.75,294948.75,16,6,10,0,1,1,4,8,0,2,0,52.0
OEST,141,2025-04-04,2027-04-04,553,6) Mayor a 360 dias,5) $35.001 a $50.000,7,280752.67,280752.67,12,7,5,0,0,1,6,5,0,0,0,58.0
OEST,141,2025-04-04,2027-04-04,553,6) Mayor a 360 dias,6) $50.001 a $100.000,4,266719.79,266719.79,9,4,5,0,0,0,4,4,0,0,1,57.0
OEST,142,2025-05-06,2027-05-06,521,6) Mayor a 360 dias,1) MENOR A $5.000,1233,2281601.6,2281601.6,2397,823,1574,813,10,0,0,1572,0,0,2,36.0
OEST,142,2025-05-06,2027-05-06,521,6) Mayor a 360 dias,2) $5.001 a $10.000,192,1366894.79,1366894.79,385,143,242,55,7,10,71,235,0,0,7,821.0
OEST,142,2025-05-06,2027-05-06,521,6) Mayor a 360 dias,3) $10.001 a $20.000,124,1745966.48,1745966.48,247,85,162,6,5,13,61,154,2,1,5,729.0
OEST,142,2025-05-06,2027-05-06,521,6) Mayor a 360 dias,4) $20.001 a $35.000,73,1935333.8,1935333.8,140,58,82,1,4,3,50,75,1,0,6,622.0
OEST,142,2025-05-06,2027-05-06,521,6) Mayor a 360 dias,5) $35.001 a $50.000,42,1791601.15,1791601.15,71,34,37,1,1,4,28,35,0,1,1,346.0
OEST,142,2025-05-06,2027-05-06,521,6) Mayor a 360 dias,6) $50.001 a $100.000,39,2500620.9,2500620.9,79,36,43,1,4,1,30,39,1,1,2,393.0
OEST,142,2025-05-06,2027-05-06,521,6) Mayor a 360 dias,7) $100.001 a $500.000,15,2630950.94,2630950.94,22,16,6,0,0,1,15,6,0,0,0,193.0
OEST,143,2025-05-06,2027-05-06,521,6) Mayor a 360 dias,1) MENOR A $5.000,3758,3963589.61,3963589.61,7055,2417,4638,2242,48,13,114,4616,5,0,17,1510.0
OEST,143,2025-05-06,2027-05-06,521,6) Mayor a 360 dias,2) $5.001 a $10.000,145,1004739.37,1004739.37,225,89,136,5,4,5,75,129,1,0,6,918.0
OEST,143,2025-05-06,2027-05-06,521,6) Mayor a 360 dias,3) $10.001 a $20.000,61,871322.14,871322.14,135,49,86,1,3,2,43,82,1,1,2,518.0
OEST,143,2025-05-06,2027-05-06,521,6) Mayor a 360 dias,4) $20.001 a $35.000,22,585609.64,585609.64,31,16,15,1,1,2,12,14,0,0,1,141.0
OEST,143,2025-05-06,2027-05-06,521,6) Mayor a 360 dias,5) $35.001 a $50.000,7,291013.78,291013.78,16,8,8,0,1,0,7,8,0,0,0,88.0
OEST,143,2025-05-06,2027-05-06,521,6) Mayor a 360 dias,6) $50.001 a $100.000,9,612332.96,612332.96,317,80,237,72,1,0,7,236,0,0,1,102.0
OEST,143,2025-05-06,2027-05-06,521,6) Mayor a 360 dias,7) $100.001 a $500.000,3,369667.44,369667.44,18,8,10,3,0,1,4,10,0,0,0,42.0
OEST,143,2025-05-06,2027-05-06,521,6) Mayor a 360 dias,8) >$500.000,1,673103.46,673103.46,1,1,0,0,0,0,1,0,0,0,0,13.0
OEST,144,2025-06-03,2027-06-03,493,6) Mayor a 360 dias,1) MENOR A $5.000,1722,3124266.78,3124266.78,3366,1134,2232,1112,15,3,4,2230,2,0,0,81.0
OEST,144,2025-06-03,2027-06-03,493,6) Mayor a 360 dias,2) $5.001 a $10.000,236,1650488.72,1650488.72,467,209,258,89,5,17,98,251,2,0,5,1125.0
OEST,144,2025-06-03,2027-06-03,493,6) Mayor a 360 dias,3) $10.001 a $20.000,180,2577141.94,2577141.94,376,175,201,5,12,15,143,190,2,0,9,1665.0
OEST,144,2025-06-03,2027-06-03,493,6) Mayor a 360 dias,4) $20.001 a $35.000,98,2586129.61,2586129.61,196,85,111,2,3,6,74,105,1,1,4,823.0
OEST,144,2025-06-03,2027-06-03,493,6) Mayor a 360 dias,5) $35.001 a $50.000,49,2074495.38,2074495.38,101,46,55,0,6,2,38,53,0,1,1,540.0
OEST,144,2025-06-03,2027-06-03,493,6) Mayor a 360 dias,6) $50.001 a $100.000,46,3110601.83,3110601.83,90,54,36,1,4,2,47,33,2,0,1,702.0
OEST,144,2025-06-03,2027-06-03,493,6) Mayor a 360 dias,7) $100.001 a $500.000,17,2349846.84,2349846.84,25,16,9,2,0,0,14,8,0,0,1,268.0
OEST,145,2025-06-03,2027-06-03,493,6) Mayor a 360 dias,1) MENOR A $5.000,159,335478.91,335478.91,1274,347,927,344,3,0,0,927,0,0,0,5.0
OEST,145,2025-06-03,2027-06-03,493,6) Mayor a 360 dias,2) $5.001 a $10.000,23,171785.79,171785.79,349,92,257,73,3,3,13,255,1,0,1,167.0
OEST,145,2025-06-03,2027-06-03,493,6) Mayor a 360 dias,3) $10.001 a $20.000,18,274050.45,274050.45,31,16,15,2,0,2,12,13,1,0,1,138.0
OEST,145,2025-06-03,2027-06-03,493,6) Mayor a 360 dias,4) $20.001 a $35.000,15,409593.21,409593.21,28,16,12,0,0,2,14,12,0,0,0,182.0
OEST,145,2025-06-03,2027-06-03,493,6) Mayor a 360 dias,5) $35.001 a $50.000,5,188604.01,188604.01,8,5,3,0,0,0,5,3,0,0,0,59.0
OEST,145,2025-06-03,2027-06-03,493,6) Mayor a 360 dias,6) $50.001 a $100.000,5,348392.19,348392.19,16,9,7,2,2,0,5,6,1,0,0,75.0
OEST,145,2025-06-03,2027-06-03,493,6) Mayor a 360 dias,7) $100.001 a $500.000,5,717925.34,717925.34,10,8,2,0,0,1,7,2,0,0,0,121.0
OEST,146,2025-07-04,2027-07-04,462,6) Mayor a 360 dias,1) MENOR A $5.000,1452,2617122.38,2617122.38,3035,956,2079,947,6,3,0,2078,1,0,0,25.0
OEST,146,2025-07-04,2027-07-04,462,6) Mayor a 360 dias,2) $5.001 a $10.000,286,2042508.01,2042508.01,574,223,351,94,7,21,101,305,32,3,11,1205.0
OEST,146,2025-07-04,2027-07-04,462,6) Mayor a 360 dias,3) $10.001 a $20.000,247,3434991.9,3434991.9,431,206,225,5,10,23,168,154,54,4,13,2028.0
OEST,146,2025-07-04,2027-07-04,462,6) Mayor a 360 dias,4) $20.001 a $35.000,163,4388074.29,4388074.29,343,161,182,2,10,18,131,121,45,5,11,1578.0
OEST,146,2025-07-04,2027-07-04,462,6) Mayor a 360 dias,5) $35.001 a $50.000,61,2493297.07,2493297.07,102,46,56,0,2,0,44,37,19,0,0,600.0
OEST,146,2025-07-04,2027-07-04,462,6) Mayor a 360 dias,6) $50.001 a $100.000,84,5700052.93,5700052.93,159,101,58,2,2,2,95,48,9,0,1,1366.0
OEST,146,2025-07-04,2027-07-04,462,6) Mayor a 360 dias,7) $100.001 a $500.000,25,4234227.22,4234227.22,57,46,11,2,2,2,40,8,1,0,2,617.0
OEST,146,2025-07-04,2027-07-04,462,6) Mayor a 360 dias,8) >$500.000,1,2133613.24,2133613.24,1,1,0,0,1,0,0,0,0,0,0,2.0
OEST,147,2025-07-04,2027-07-04,462,6) Mayor a 360 dias,1) MENOR A $5.000,706,475447.42,475447.42,1731,527,1204,521,6,0,0,1204,0,0,0,7.0
OEST,147,2025-07-04,2027-07-04,462,6) Mayor a 360 dias,2) $5.001 a $10.000,29,201908.42,201908.42,54,23,31,10,2,0,11,27,3,0,1,119.0
OEST,147,2025-07-04,2027-07-04,462,6) Mayor a 360 dias,3) $10.001 a $20.000,24,312850.36,312850.36,45,14,31,0,0,0,14,26,3,0,2,170.0
OEST,147,2025-07-04,2027-07-04,462,6) Mayor a 360 dias,4) $20.001 a $35.000,11,262241.77,262241.77,21,11,10,1,3,0,7,7,0,0,3,107.0
OEST,147,2025-07-04,2027-07-04,462,6) Mayor a 360 dias,5) $35.001 a $50.000,2,89000.45,89000.45,3,1,2,0,0,0,1,2,0,0,0,15.0
OEST,147,2025-07-04,2027-07-04,462,6) Mayor a 360 dias,6) $50.001 a $100.000,7,473263.45,473263.45,11,7,4,0,0,0,7,4,0,0,0,85.0
OEST,148,2025-08-06,2027-08-06,429,6) Mayor a 360 dias,1) MENOR A $5.000,1108,2398413.07,2398413.07,2226,819,1407,810,7,2,0,1407,0,0,0,16.0
OEST,148,2025-08-06,2027-08-06,429,6) Mayor a 360 dias,2) $5.001 a $10.000,248,1703764.5,1703764.5,490,191,299,79,26,24,62,292,2,2,3,768.0
OEST,148,2025-08-06,2027-08-06,429,6) Mayor a 360 dias,3) $10.001 a $20.000,160,2245655.23,2245655.23,344,133,211,3,11,18,101,201,2,0,8,1098.0
OEST,148,2025-08-06,2027-08-06,429,6) Mayor a 360 dias,4) $20.001 a $35.000,71,1870756.24,1870756.24,140,65,75,2,3,12,48,73,0,0,2,562.0
OEST,148,2025-08-06,2027-08-06,429,6) Mayor a 360 dias,5) $35.001 a $50.000,45,1868189.5,1868189.5,97,47,50,3,1,2,41,48,0,1,1,513.0
OEST,148,2025-08-06,2027-08-06,429,6) Mayor a 360 dias,6) $50.001 a $100.000,34,2215106.47,2215106.47,60,31,29,0,0,1,30,28,0,0,1,368.0
OEST,148,2025-08-06,2027-08-06,429,6) Mayor a 360 dias,7) $100.001 a $500.000,20,3506472.3,3506472.3,58,28,30,0,2,2,24,30,0,0,0,325.0
OEST,149,2025-08-06,2027-08-06,429,6) Mayor a 360 dias,1) MENOR A $5.000,176,345635.35,345635.35,621,194,427,191,2,1,0,427,0,0,0,6.0
OEST,149,2025-08-06,2027-08-06,429,6) Mayor a 360 dias,2) $5.001 a $10.000,36,267270.13,267270.13,68,28,40,6,6,3,13,37,1,0,2,161.0
OEST,149,2025-08-06,2027-08-06,429,6) Mayor a 360 dias,3) $10.001 a $20.000,17,240507.58,240507.58,33,20,13,0,2,3,15,12,0,0,1,177.0
OEST,149,2025-08-06,2027-08-06,429,6) Mayor a 360 dias,4) $20.001 a $35.000,6,151416.74,151416.74,8,6,2,0,0,3,3,1,0,0,1,45.0
OEST,149,2025-08-06,2027-08-06,429,6) Mayor a 360 dias,5) $35.001 a $50.000,8,335430.44,335430.44,317,85,232,73,0,0,12,232,0,0,0,120.0
OEST,149,2025-08-06,2027-08-06,429,6) Mayor a 360 dias,6) $50.001 a $100.000,6,415292.31,415292.31,11,8,3,0,1,0,7,3,0,0,0,74.0
OEST,149,2025-08-06,2027-08-06,429,6) Mayor a 360 dias,7) $100.001 a $500.000,2,336081.24,336081.24,4,4,0,0,0,0,4,0,0,0,0,66.0
OEST,150,2025-09-02,2027-09-02,402,6) Mayor a 360 dias,1) MENOR A $5.000,1563,2857784.56,2857784.56,3056,966,2090,954,11,0,1,2090,0,0,0,27.0
OEST,150,2025-09-02,2027-09-02,402,6) Mayor a 360 dias,2) $5.001 a $10.000,303,2172449.01,2172449.01,576,196,380,60,30,15,91,365,8,3,4,1044.0
OEST,150,2025-09-02,2027-09-02,402,6) Mayor a 360 dias,3) $10.001 a $20.000,166,2383650.56,2383650.56,317,120,197,2,9,17,92,186,3,1,7,1046.0
OEST,150,2025-09-02,2027-09-02,402,6) Mayor a 360 dias,4) $20.001 a $35.000,107,2796064.11,2796064.11,193,76,117,2,3,8,63,107,3,0,7,728.0
OEST,150,2025-09-02,2027-09-02,402,6) Mayor a 360 dias,5) $35.001 a $50.000,34,1410775.96,1410775.96,73,29,44,1,4,1,23,44,0,0,0,302.0
OEST,150,2025-09-02,2027-09-02,402,6) Mayor a 360 dias,6) $50.001 a $100.000,47,3105683.1,3105683.1,94,42,52,1,2,4,35,50,2,0,0,486.0
OEST,150,2025-09-02,2027-09-02,402,6) Mayor a 360 dias,7) $100.001 a $500.000,7,1199827.65,1199827.65,18,7,11,0,0,0,7,10,0,1,0,90.0
OEST,151,2025-09-02,2027-09-02,402,6) Mayor a 360 dias,1) MENOR A $5.000,244,386610.4,386610.4,793,229,564,227,1,1,0,563,1,0,0,9.0
OEST,151,2025-09-02,2027-09-02,402,6) Mayor a 360 dias,2) $5.001 a $10.000,26,178377.09,178377.09,44,19,25,9,1,2,7,24,0,1,0,86.0
OEST,151,2025-09-02,2027-09-02,402,6) Mayor a 360 dias,3) $10.001 a $20.000,19,264978.02,264978.02,341,89,252,73,3,1,12,250,1,0,1,134.0
OEST,151,2025-09-02,2027-09-02,402,6) Mayor a 360 dias,4) $20.001 a $35.000,5,140723.15,140723.15,8,4,4,0,0,0,4,4,0,0,0,39.0
OEST,151,2025-09-02,2027-09-02,402,6) Mayor a 360 dias,5) $35.001 a $50.000,5,216471.67,216471.67,5,2,3,0,0,0,2,3,0,0,0,27.0
OEST,151,2025-09-02,2027-09-02,402,6) Mayor a 360 dias,6) $50.001 a $100.000,10,635615.76,635615.76,16,6,10,1,1,1,3,8,0,0,2,75.0
OEST,151,2025-09-02,2027-09-02,402,6) Mayor a 360 dias,7) $100.001 a $500.000,1,128755.94,128755.94,2,1,1,0,0,0,1,1,0,0,0,12.0
OEST,151,2025-09-02,2027-09-02,402,6) Mayor a 360 dias,8) >$500.000,2,2240116.36,2240116.36,4,3,1,0,1,0,2,1,0,0,0,31.0
OEST,152,2025-10-02,2027-10-02,372,6) Mayor a 360 dias,1) MENOR A $5.000,1483,3268937.21,3268937.21,3023,965,2058,950,12,2,1,2058,0,0,0,39.0
OEST,152,2025-10-02,2027-10-02,372,6) Mayor a 360 dias,2) $5.001 a $10.000,318,2222612.87,2222612.87,568,240,328,120,32,11,77,314,7,2,5,1050.0
OEST,152,2025-10-02,2027-10-02,372,6) Mayor a 360 dias,3) $10.001 a $20.000,266,3809944.67,3809944.67,484,197,287,0,22,22,153,268,4,5,10,2030.0
OEST,152,2025-10-02,2027-10-02,372,6) Mayor a 360 dias,4) $20.001 a $35.000,126,3310191.81,3310191.81,272,118,154,6,8,7,97,141,6,1,6,1193.0
OEST,152,2025-10-02,2027-10-02,372,6) Mayor a 360 dias,5) $35.001 a $50.000,58,2355381.81,2355381.81,123,48,75,0,3,0,45,69,4,0,2,629.0
OEST,152,2025-10-02,2027-10-02,372,6) Mayor a 360 dias,6) $50.001 a $100.000,80,5569688.02,5569688.02,159,72,87,0,9,1,62,80,4,1,2,971.0
OEST,152,2025-10-02,2027-10-02,372,6) Mayor a 360 dias,7) $100.001 a $500.000,23,3939799.88,3939799.88,40,19,21,0,3,2,14,19,1,0,1,251.0
OEST,153,2025-10-02,2027-10-02,372,6) Mayor a 360 dias,1) MENOR A $5.000,209,398607.98,398607.98,410,142,268,140,2,0,0,268,0,0,0,2.0
OEST,153,2025-10-02,2027-10-02,372,6) Mayor a 360 dias,2) $5.001 a $10.000,31,218581.1,218581.1,55,22,33,10,2,0,10,30,0,1,2,129.0
OEST,153,2025-10-02,2027-10-02,372,6) Mayor a 360 dias,3) $10.001 a $20.000,22,327095.51,327095.51,41,16,25,0,0,1,15,25,0,0,0,188.0
OEST,153,2025-10-02,2027-10-02,372,6) Mayor a 360 dias,4) $20.001 a $35.000,18,534174.86,534174.86,33,13,20,0,0,1,12,18,0,0,2,165.0
OEST,153,2025-10-02,2027-10-02,372,6) Mayor a 360 dias,5) $35.001 a $50.000,8,323466.09,323466.09,16,11,5,0,1,1,9,5,0,0,0,116.0
OEST,153,2025-10-02,2027-10-02,372,6) Mayor a 360 dias,6) $50.001 a $100.000,8,494090.02,494090.02,16,6,10,0,2,0,4,9,0,0,1,78.0
OEST,153,2025-10-02,2027-10-02,372,6) Mayor a 360 dias,7) $100.001 a $500.000,1,154781.87,154781.87,1,1,0,0,0,1,0,0,0,0,0,4.0
OEST,153,2025-10-02,2027-10-02,372,6) Mayor a 360 dias,8) >$500.000,3,3479836.8,3479836.8,6,3,3,0,1,0,2,2,0,0,1,41.0
OEST,154,2025-11-04,2027-11-04,339,5) 181 a 360 dias,1) MENOR A $5.000,1170,2564700.05,2564700.05,2316,734,1582,726,7,1,0,1582,0,0,0,16.0
OEST,154,2025-11-04,2027-11-04,339,5) 181 a 360 dias,2) $5.001 a $10.000,249,1759896.56,1759896.56,479,154,325,61,29,20,44,313,8,1,3,682.0
OEST,154,2025-11-04,2027-11-04,339,5) 181 a 360 dias,3) $10.001 a $20.000,180,2546904.34,2546904.34,417,146,271,2,16,28,100,258,2,2,9,1314.0
OEST,154,2025-11-04,2027-11-04,339,5) 181 a 360 dias,4) $20.001 a $35.000,101,2680004.65,2680004.65,178,70,108,1,8,15,46,100,2,2,4,623.0
OEST,154,2025-11-04,2027-11-04,339,5) 181 a 360 dias,5) $35.001 a $50.000,60,2532343.73,2532343.73,121,55,66,0,5,4,46,60,1,1,4,726.0
OEST,154,2025-11-04,2027-11-04,339,5) 181 a 360 dias,6) $50.001 a $100.000,44,3100922.19,3100922.19,80,33,47,0,7,0,26,41,3,0,3,388.0
OEST,154,2025-11-04,2027-11-04,339,5) 181 a 360 dias,7) $100.001 a $500.000,10,1697255.91,1697255.91,22,8,14,2,1,1,4,13,0,0,1,59.0
OEST,154,2025-11-04,2027-11-04,339,5) 181 a 360 dias,8) >$500.000,2,3439685.73,3439685.73,5,5,0,1,1,0,3,0,0,0,0,43.0
OEST,155,2025-11-04,2027-11-04,339,5) 181 a 360 dias,1) MENOR A $5.000,172,348893.61,348893.61,321,98,223,95,3,0,0,223,0,0,0,3.0
OEST,155,2025-11-04,2027-11-04,339,5) 181 a 360 dias,2) $5.001 a $10.000,36,239924.23,239924.23,71,29,42,20,1,2,6,41,0,0,1,96.0
OEST,155,2025-11-04,2027-11-04,339,5) 181 a 360 dias,3) $10.001 a $20.000,16,226677.19,226677.19,33,13,20,0,1,3,9,20,0,0,0,109.0
OEST,155,2025-11-04,2027-11-04,339,5) 181 a 360 dias,4) $20.001 a $35.000,9,221641.96,221641.96,15,9,6,0,1,3,5,4,0,0,2,115.0
OEST,155,2025-11-04,2027-11-04,339,5) 181 a 360 dias,5) $35.001 a $50.000,3,120580.01,120580.01,6,4,2,0,0,1,3,1,0,0,1,57.0
OEST,155,2025-11-04,2027-11-04,339,5) 181 a 360 dias,6) $50.001 a $100.000,5,336201.68,336201.68,8,4,4,0,3,0,1,3,0,0,1,29.0
OEST,155,2025-11-04,2027-11-04,339,5) 181 a 360 dias,7) $100.001 a $500.000,2,515023.1,515023.1,8,5,3,0,2,0,3,2,0,0,1,50.0
OEST,156,2025-12-02,2027-12-02,311,5) 181 a 360 dias,1) MENOR A $5.000,1591,2915207.58,2915207.58,3001,931,2070,917,13,0,1,2067,2,0,1,41.0
OEST,156,2025-12-02,2027-12-02,311,5) 181 a 360 dias,2) $5.001 a $10.000,317,2197186.32,2197186.32,627,239,388,133,45,17,44,375,10,1,2,681.0
OEST,156,2025-12-02,2027-12-02,311,5) 181 a 360 dias,3) $10.001 a $20.000,226,3147736.05,3147736.05,430,159,271,5,20,34,100,249,6,1,15,1434.0
OEST,156,2025-12-02,2027-12-02,311,5) 181 a 360 dias,4) $20.001 a $35.000,135,3511019.18,3511019.18,279,91,188,2,12,23,54,177,3,4,4,793.0
OEST,156,2025-12-02,2027-12-02,311,5) 181 a 360 dias,5) $35.001 a $50.000,72,2944114.95,2944114.95,146,58,88,1,6,4,47,80,5,0,3,796.0
OEST,156,2025-12-02,2027-12-02,311,5) 181 a 360 dias,6) $50.001 a $100.000,87,5992429.22,5992429.22,172,68,104,1,6,5,56,100,2,0,2,816.0
OEST,156,2025-12-02,2027-12-02,311,5) 181 a 360 dias,7) $100.001 a $500.000,21,3560282.34,3560282.34,33,16,17,1,3,3,9,16,0,0,1,151.0
OEST,157,2025-12-02,2027-12-02,311,5) 181 a 360 dias,1) MENOR A $5.000,241,355029.9,355029.9,719,192,527,191,0,1,0,527,0,0,0,4.0
OEST,157,2025-12-02,2027-12-02,311,5) 181 a 360 dias,2) $5.001 a $10.000,29,204484.41,204484.41,62,27,35,14,3,2,8,33,1,0,1,120.0
OEST,157,2025-12-02,2027-12-02,311,5) 181 a 360 dias,3) $10.001 a $20.000,28,383956.31,383956.31,56,23,33,0,1,5,17,30,1,0,2,212.0
OEST,157,2025-12-02,2027-12-02,311,5) 181 a 360 dias,4) $20.001 a $35.000,10,276437.57,276437.57,19,6,13,0,0,2,4,11,0,0,2,85.0
OEST,157,2025-12-02,2027-12-02,311,5) 181 a 360 dias,5) $35.001 a $50.000,5,212223.4,212223.4,9,6,3,0,0,0,6,3,0,0,0,89.0
OEST,157,2025-12-02,2027-12-02,311,5) 181 a 360 dias,6) $50.001 a $100.000,2,138280.12,138280.12,3,1,2,0,0,0,1,2,0,0,0,11.0
OEST,157,2025-12-02,2027-12-02,311,5) 181 a 360 dias,7) $100.001 a $500.000,2,430179.5,430179.5,7,2,5,0,0,0,2,4,1,0,0,27.0
OEST,158,2026-01-06,2030-01-05,276,5) 181 a 360 dias,1) MENOR A $5.000,1678,2976381.41,2976381.41,3248,1067,2181,1048,17,0,2,2179,2,0,0,40.0
OEST,158,2026-01-06,2030-01-05,276,5) 181 a 360 dias,2) $5.001 a $10.000,261,1821922.91,1821922.91,501,176,325,98,27,19,32,315,2,1,7,567.0
OEST,158,2026-01-06,2030-01-05,276,5) 181 a 360 dias,3) $10.001 a $20.000,160,2256639.51,2256639.51,289,105,184,1,13,26,65,170,4,1,9,965.0
OEST,158,2026-01-06,2030-01-05,276,5) 181 a 360 dias,4) $20.001 a $35.000,108,2861131.97,2861131.97,211,83,128,2,10,18,53,116,4,3,5,795.0
OEST,158,2026-01-06,2030-01-05,276,5) 181 a 360 dias,5) $35.001 a $50.000,69,2877028.42,2877028.42,130,56,74,0,4,4,48,69,0,1,4,816.0
OEST,158,2026-01-06,2030-01-05,276,5) 181 a 360 dias,6) $50.001 a $100.000,75,5202200.76,5202200.76,159,59,100,0,5,4,50,89,6,0,5,789.0
OEST,158,2026-01-06,2030-01-05,276,5) 181 a 360 dias,7) $100.001 a $500.000,21,3401081.11,3401081.11,45,25,20,1,3,2,19,19,0,0,1,318.0
OEST,159,2026-01-06,2030-01-05,276,5) 181 a 360 dias,1) MENOR A $5.000,213,340265.76,340265.76,723,207,516,207,0,0,0,516,0,0,0,0.0
OEST,159,2026-01-06,2030-01-05,276,5) 181 a 360 dias,2) $5.001 a $10.000,20,146807.07,146807.07,39,15,24,6,3,2,4,24,0,0,0,78.0
OEST,159,2026-01-06,2030-01-05,276,5) 181 a 360 dias,3) $10.001 a $20.000,16,230365.79,230365.79,26,13,13,0,1,2,10,13,0,0,0,119.0
OEST,159,2026-01-06,2030-01-05,276,5) 181 a 360 dias,4) $20.001 a $35.000,10,280154.22,280154.22,22,4,18,0,0,0,4,15,1,0,2,69.0
OEST,159,2026-01-06,2030-01-05,276,5) 181 a 360 dias,5) $35.001 a $50.000,7,298252.75,298252.75,16,7,9,0,0,1,6,8,0,0,1,109.0
OEST,159,2026-01-06,2030-01-05,276,5) 181 a 360 dias,6) $50.001 a $100.000,5,359416.31,359416.31,12,3,9,0,0,0,3,9,0,0,0,62.0
OEST,159,2026-01-06,2030-01-05,276,5) 181 a 360 dias,7) $100.001 a $500.000,1,258829.9,258829.9,1,0,1,0,0,0,0,1,0,0,0,0.0
OEST,159,2026-01-06,2030-01-05,276,5) 181 a 360 dias,8) >$500.000,1,1510163.06,1510163.06,1,0,1,0,0,0,0,1,0,0,0,0.0
OEST,160,2026-02-04,2030-02-03,247,5) 181 a 360 dias,1) MENOR A $5.000,1298,2686647.39,2686647.39,2804,835,1969,820,15,0,0,1969,0,0,0,24.0
OEST,160,2026-02-04,2030-02-03,247,5) 181 a 360 dias,2) $5.001 a $10.000,280,1942089.39,1942089.39,525,197,328,114,28,24,31,318,2,4,4,561.0
OEST,160,2026-02-04,2030-02-03,247,5) 181 a 360 dias,3) $10.001 a $20.000,192,2775702.52,2775702.52,348,121,227,3,11,38,69,207,6,2,12,1037.0
OEST,160,2026-02-04,2030-02-03,247,5) 181 a 360 dias,4) $20.001 a $35.000,138,3575713.47,3575713.47,259,103,156,2,12,22,67,142,3,2,9,975.0
OEST,160,2026-02-04,2030-02-03,247,5) 181 a 360 dias,5) $35.001 a $50.000,69,2862541.11,2862541.11,128,60,68,1,9,5,45,61,3,2,2,740.0
OEST,160,2026-02-04,2030-02-03,247,5) 181 a 360 dias,6) $50.001 a $100.000,79,5572487.32,5572487.32,153,54,99,0,2,9,43,88,4,2,5,747.0
OEST,160,2026-02-04,2030-02-03,247,5) 181 a 360 dias,7) $100.001 a $500.000,15,2460602.72,2460602.72,33,16,17,0,1,2,13,16,1,0,0,225.0
OEST,161,2026-02-04,2030-02-03,247,5) 181 a 360 dias,1) MENOR A $5.000,153,299361.7,299361.7,667,183,484,182,1,0,0,484,0,0,0,2.0
OEST,161,2026-02-04,2030-02-03,247,5) 181 a 360 dias,2) $5.001 a $10.000,28,199406.49,199406.49,59,24,35,14,5,2,3,32,1,1,1,75.0
OEST,161,2026-02-04,2030-02-03,247,5) 181 a 360 dias,3) $10.001 a $20.000,19,258147.93,258147.93,36,17,19,0,2,3,12,19,0,0,0,166.0
OEST,161,2026-02-04,2030-02-03,247,5) 181 a 360 dias,4) $20.001 a $35.000,11,283830.33,283830.33,79,17,62,1,4,5,7,56,1,1,4,175.0
OEST,161,2026-02-04,2030-02-03,247,5) 181 a 360 dias,5) $35.001 a $50.000,4,174538.05,174538.05,9,6,3,0,1,2,3,3,0,0,0,66.0
OEST,161,2026-02-04,2030-02-03,247,5) 181 a 360 dias,6) $50.001 a $100.000,7,440526.7,440526.7,308,73,235,65,2,2,4,235,0,0,0,57.0
OEST,161,2026-02-04,2030-02-03,247,5) 181 a 360 dias,7) $100.001 a $500.000,1,124785.33,124785.33,1,0,1,0,0,0,0,1,0,0,0,0.0
OEST,161,2026-02-04,2030-02-03,247,5) 181 a 360 dias,8) >$500.000,1,923202.77,923202.77,2,0,2,0,0,0,0,2,0,0,0,0.0
OEST,162,2026-03-02,2030-03-01,221,5) 181 a 360 dias,1) MENOR A $5.000,1649,3238537.95,3238537.95,3201,1012,2189,1001,10,0,1,2188,1,0,0,23.0
OEST,162,2026-03-02,2030-03-01,221,5) 181 a 360 dias,2) $5.001 a $10.000,291,2034530.0,2034530.0,551,180,371,96,25,26,33,358,7,2,4,583.0
OEST,162,2026-03-02,2030-03-01,221,5) 181 a 360 dias,3) $10.001 a $20.000,218,3080650.58,3080650.58,428,153,275,0,13,51,89,249,6,5,15,1454.0
OEST,162,2026-03-02,2030-03-01,221,5) 181 a 360 dias,4) $20.001 a $35.000,127,3324223.23,3324223.23,236,85,151,2,5,24,54,139,3,2,7,856.0
OEST,162,2026-03-02,2030-03-01,221,5) 181 a 360 dias,5) $35.001 a $50.000,69,2896928.42,2896928.42,128,58,70,3,1,7,47,62,1,2,5,836.0
OEST,162,2026-03-02,2030-03-01,221,5) 181 a 360 dias,6) $50.001 a $100.000,66,4500187.04,4500187.04,133,52,81,2,3,1,46,77,0,1,3,770.0
OEST,162,2026-03-02,2030-03-01,221,5) 181 a 360 dias,7) $100.001 a $500.000,21,2854744.79,2854744.79,36,18,18,0,0,1,17,15,0,1,2,236.0
OEST,162,2026-03-02,2030-03-01,221,5) 181 a 360 dias,8) >$500.000,2,2239442.84,2239442.84,2,2,0,0,0,0,2,0,0,0,0,31.0
OEST,163,2026-03-02,2030-03-01,221,5) 181 a 360 dias,1) MENOR A $5.000,177,334445.25,334445.25,1527,373,1154,372,1,0,0,1154,0,0,0,1.0
OEST,163,2026-03-02,2030-03-01,221,5) 181 a 360 dias,2) $5.001 a $10.000,31,222195.16,222195.16,64,27,37,18,0,2,7,35,1,1,0,104.0
OEST,163,2026-03-02,2030-03-01,221,5) 181 a 360 dias,3) $10.001 a $20.000,19,270728.69,270728.69,54,19,35,0,3,2,14,34,0,0,1,197.0
OEST,163,2026-03-02,2030-03-01,221,5) 181 a 360 dias,4) $20.001 a $35.000,7,171599.8,171599.8,16,6,10,0,1,2,3,5,2,0,3,75.0
OEST,163,2026-03-02,2030-03-01,221,5) 181 a 360 dias,5) $35.001 a $50.000,10,416300.21,416300.21,24,9,15,0,0,3,6,12,0,0,3,127.0
OEST,163,2026-03-02,2030-03-01,221,5) 181 a 360 dias,6) $50.001 a $100.000,4,333211.87,333211.87,8,4,4,0,0,0,4,4,0,0,0,91.0
OEST,163,2026-03-02,2030-03-01,221,5) 181 a 360 dias,7) $100.001 a $500.000,2,246417.58,246417.58,4,3,1,0,0,0,3,1,0,0,0,55.0
OEST,164,2026-04-06,2030-04-05,186,5) 181 a 360 dias,1) MENOR A $5.000,1701,3436076.02,3436076.02,3367,1084,2283,1066,17,0,1,2283,0,0,0,39.0
OEST,164,2026-04-06,2030-04-05,186,5) 181 a 360 dias,2) $5.001 a $10.000,312,2159079.17,2159079.17,579,225,354,153,34,38,0,345,5,4,0,298.0
OEST,164,2026-04-06,2030-04-05,186,5) 181 a 360 dias,3) $10.001 a $20.000,174,2479497.24,2479497.24,324,120,204,2,19,95,4,183,8,13,0,620.0
OEST,164,2026-04-06,2030-04-05,186,5) 181 a 360 dias,4) $20.001 a $35.000,129,3389888.09,3389888.09,263,105,158,2,10,82,11,145,4,8,1,574.0
OEST,164,2026-04-06,2030-04-05,186,5) 181 a 360 dias,5) $35.001 a $50.000,63,2595958.31,2595958.31,108,46,62,1,2,23,20,56,3,3,0,327.0
OEST,164,2026-04-06,2030-04-05,186,5) 181 a 360 dias,6) $50.001 a $100.000,76,5187222.58,5187222.58,140,51,89,0,8,7,36,80,2,7,0,415.0
OEST,164,2026-04-06,2030-04-05,186,5) 181 a 360 dias,7) $100.001 a $500.000,22,3392581.0,3392581.0,38,14,24,1,2,6,5,23,0,1,0,79.0
OEST,165,2026-04-06,2030-04-05,186,5) 181 a 360 dias,1) MENOR A $5.000,255,507912.8,507912.8,506,180,326,176,4,0,0,326,0,0,0,6.0
OEST,165,2026-04-06,2030-04-05,186,5) 181 a 360 dias,2) $5.001 a $10.000,68,486545.27,486545.27,426,113,313,98,6,8,1,310,2,1,0,70.0
OEST,165,2026-04-06,2030-04-05,186,5) 181 a 360 dias,3) $10.001 a $20.000,48,679139.51,679139.51,98,40,58,1,5,34,0,55,1,2,0,193.0
OEST,165,2026-04-06,2030-04-05,186,5) 181 a 360 dias,4) $20.001 a $35.000,30,827671.1,827671.1,64,30,34,2,0,24,4,30,2,2,0,167.0
OEST,165,2026-04-06,2030-04-05,186,5) 181 a 360 dias,5) $35.001 a $50.000,14,597432.45,597432.45,25,12,13,0,2,5,5,11,1,1,0,82.0
OEST,165,2026-04-06,2030-04-05,186,5) 181 a 360 dias,6) $50.001 a $100.000,17,1181208.49,1181208.49,36,16,20,1,1,3,11,20,0,0,0,114.0
OEST,165,2026-04-06,2030-04-05,186,5) 181 a 360 dias,7) $100.001 a $500.000,6,1088078.86,1088078.86,7,2,5,0,0,0,2,5,0,0,0,14.0
OEST,169,2026-06-02,2030-06-01,129,4) 91 a 180 dias,1) MENOR A $5.000,1626,3617901.29,3617901.29,3280,1101,2179,1092,8,1,0,2178,1,0,0,16.0
OEST,169,2026-06-02,2030-06-01,129,4) 91 a 180 dias,2) $5.001 a $10.000,380,2623300.71,2623300.71,751,276,475,213,12,51,0,463,5,7,0,310.0
OEST,169,2026-06-02,2030-06-01,129,4) 91 a 180 dias,3) $10.001 a $20.000,272,3909013.91,3909013.91,521,183,338,4,18,160,1,309,9,20,0,954.0
OEST,169,2026-06-02,2030-06-01,129,4) 91 a 180 dias,4) $20.001 a $35.000,146,3830038.39,3830038.39,297,93,204,2,9,82,0,193,1,10,0,479.0
OEST,169,2026-06-02,2030-06-01,129,4) 91 a 180 dias,5) $35.001 a $50.000,79,3325066.61,3325066.61,135,42,93,0,5,35,2,82,5,6,0,254.0
OEST,169,2026-06-02,2030-06-01,129,4) 91 a 180 dias,6) $50.001 a $100.000,97,6626832.0,6626832.0,194,66,128,0,8,45,13,114,5,8,1,416.0
OEST,169,2026-06-02,2030-06-01,129,4) 91 a 180 dias,7) $100.001 a $500.000,36,5254103.12,5254103.12,80,28,52,0,7,17,4,44,1,6,1,184.0
OEST,169,2026-06-02,2030-06-01,129,4) 91 a 180 dias,8) >$500.000,1,681250.78,681250.78,1,0,1,0,0,0,0,1,0,0,0,0.0
OEST,170,2026-06-02,2030-06-01,129,4) 91 a 180 dias,1) MENOR A $5.000,378,757656.02,757656.02,723,241,482,237,4,0,0,482,0,0,0,4.0
OEST,170,2026-06-02,2030-06-01,129,4) 91 a 180 dias,2) $5.001 a $10.000,83,581356.82,581356.82,171,55,116,36,6,13,0,114,0,2,0,86.0
OEST,170,2026-06-02,2030-06-01,129,4) 91 a 180 dias,3) $10.001 a $20.000,45,639240.53,639240.53,104,44,60,7,5,31,1,59,0,1,0,180.0
OEST,170,2026-06-02,2030-06-01,129,4) 91 a 180 dias,4) $20.001 a $35.000,21,561961.77,561961.77,43,15,28,0,2,13,0,27,0,1,0,74.0
OEST,170,2026-06-02,2030-06-01,129,4) 91 a 180 dias,5) $35.001 a $50.000,23,980459.7,980459.7,45,19,26,0,3,15,1,24,1,0,1,107.0
OEST,170,2026-06-02,2030-06-01,129,4) 91 a 180 dias,6) $50.001 a $100.000,17,1083860.96,1083860.96,328,78,250,63,1,10,4,248,1,1,0,101.0
OEST,170,2026-06-02,2030-06-01,129,4) 91 a 180 dias,7) $100.001 a $500.000,4,550948.83,550948.83,8,3,5,0,0,3,0,5,0,0,0,18.0
OEST,168,2026-06-04,2030-06-03,127,4) 91 a 180 dias,1) MENOR A $5.000,532,1046287.94,1046287.94,965,313,652,307,6,0,0,652,0,0,0,9.0
OEST,168,2026-06-04,2030-06-03,127,4) 91 a 180 dias,2) $5.001 a $10.000,83,579157.95,579157.95,168,55,113,31,4,20,0,108,1,4,0,123.0
OEST,168,2026-06-04,2030-06-03,127,4) 91 a 180 dias,3) $10.001 a $20.000,61,882035.81,882035.81,106,35,71,0,0,35,0,65,0,6,0,205.0
OEST,168,2026-06-04,2030-06-03,127,4) 91 a 180 dias,4) $20.001 a $35.000,34,919284.66,919284.66,78,32,46,0,3,25,4,44,1,1,0,166.0
OEST,168,2026-06-04,2030-06-03,127,4) 91 a 180 dias,5) $35.001 a $50.000,16,633959.72,633959.72,32,13,19,1,0,12,0,18,0,1,0,69.0
OEST,168,2026-06-04,2030-06-03,127,4) 91 a 180 dias,6) $50.001 a $100.000,19,1344555.35,1344555.35,27,16,11,1,1,11,3,9,0,2,0,102.0
OEST,168,2026-06-04,2030-06-03,127,4) 91 a 180 dias,7) $100.001 a $500.000,11,1788445.47,1788445.47,21,5,16,0,1,3,1,15,0,0,1,36.0
OEST,168,2026-06-04,2030-06-03,127,4) 91 a 180 dias,8) >$500.000,1,1682044.32,1682044.32,6,3,3,0,0,2,1,3,0,0,0,20.0
OEST,171,2026-06-04,2030-06-03,127,4) 91 a 180 dias,1) MENOR A $5.000,1832,3677903.33,3677903.33,3471,1076,2395,1070,5,1,0,2395,0,0,0,14.0
OEST,171,2026-06-04,2030-06-03,127,4) 91 a 180 dias,2) $5.001 a $10.000,375,2601290.81,2601290.81,728,264,464,177,15,72,0,452,3,9,0,432.0
OEST,171,2026-06-04,2030-06-03,127,4) 91 a 180 dias,3) $10.001 a $20.000,273,3900459.58,3900459.58,512,186,326,3,13,169,1,296,4,26,0,1007.0
OEST,171,2026-06-04,2030-06-03,127,4) 91 a 180 dias,4) $20.001 a $35.000,146,3870070.71,3870070.71,290,105,185,4,10,90,1,164,3,18,0,569.0
OEST,171,2026-06-04,2030-06-03,127,4) 91 a 180 dias,5) $35.001 a $50.000,88,3685154.82,3685154.82,157,63,94,0,3,48,12,77,1,16,0,448.0
OEST,171,2026-06-04,2030-06-03,127,4) 91 a 180 dias,6) $50.001 a $100.000,81,5369679.43,5369679.43,158,60,98,0,5,40,15,88,4,5,1,399.0
OEST,171,2026-06-04,2030-06-03,127,4) 91 a 180 dias,7) $100.001 a $500.000,38,6454214.07,6454214.07,73,17,56,0,0,15,2,55,1,0,0,104.0
OEST,171,2026-06-04,2030-06-03,127,4) 91 a 180 dias,8) >$500.000,2,2954050.45,2954050.45,2,0,2,0,0,0,0,1,1,0,0,1.0
OEST,172,2026-07-01,2030-06-30,100,4) 91 a 180 dias,1) MENOR A $5.000,1769,3873822.77,3873822.77,3953,1244,2709,1234,9,0,1,2709,0,0,0,19.0
OEST,172,2026-07-01,2030-06-30,100,4) 91 a 180 dias,2) $5.001 a $10.000,386,2641111.07,2641111.07,859,248,611,203,34,11,0,607,4,0,0,120.0
OEST,172,2026-07-01,2030-06-30,100,4) 91 a 180 dias,3) $10.001 a $20.000,246,3495448.24,3495448.24,503,150,353,11,59,80,0,319,11,23,0,611.0
OEST,172,2026-07-01,2030-06-30,100,4) 91 a 180 dias,4) $20.001 a $35.000,147,3821965.41,3821965.41,255,97,158,4,20,73,0,147,2,8,1,433.0
OEST,172,2026-07-01,2030-06-30,100,4) 91 a 180 dias,5) $35.001 a $50.000,66,2803018.16,2803018.16,105,35,70,1,6,28,0,60,5,5,0,203.0
OEST,172,2026-07-01,2030-06-30,100,4) 91 a 180 dias,6) $50.001 a $100.000,93,6353795.33,6353795.33,168,52,116,1,2,45,4,106,6,4,0,304.0
OEST,172,2026-07-01,2030-06-30,100,4) 91 a 180 dias,7) $100.001 a $500.000,30,4905349.62,4905349.62,61,23,38,0,6,15,2,37,0,1,0,110.0
OEST,172,2026-07-01,2030-06-30,100,4) 91 a 180 dias,8) >$500.000,5,4182147.73,4182147.73,10,2,8,0,1,0,1,8,0,0,0,11.0
OEST,173,2026-07-01,2030-06-30,100,4) 91 a 180 dias,1) MENOR A $5.000,505,993420.84,993420.84,1258,364,894,357,7,0,0,894,0,0,0,8.0
OEST,173,2026-07-01,2030-06-30,100,4) 91 a 180 dias,2) $5.001 a $10.000,86,620418.85,620418.85,148,53,95,39,4,10,0,93,1,1,0,54.0
OEST,173,2026-07-01,2030-06-30,100,4) 91 a 180 dias,3) $10.001 a $20.000,52,737507.22,737507.22,123,47,76,2,10,35,0,71,3,2,0,193.0
OEST,173,2026-07-01,2030-06-30,100,4) 91 a 180 dias,4) $20.001 a $35.000,21,543694.85,543694.85,39,16,23,0,6,10,0,20,2,1,0,67.0
OEST,173,2026-07-01,2030-06-30,100,4) 91 a 180 dias,5) $35.001 a $50.000,19,772954.08,772954.08,38,10,28,2,0,8,0,26,0,1,1,52.0
OEST,173,2026-07-01,2030-06-30,100,4) 91 a 180 dias,6) $50.001 a $100.000,13,881843.74,881843.74,18,3,15,0,0,3,0,15,0,0,0,16.0
OEST,173,2026-07-01,2030-06-30,100,4) 91 a 180 dias,7) $100.001 a $500.000,12,2166826.34,2166826.34,25,12,13,0,2,8,2,11,2,0,0,64.0
OEST,174,2026-08-04,2030-08-03,66,3) 61 a 90 dias,1) MENOR A $5.000,1826,3991447.8,3991447.8,3637,1320,2317,1305,15,0,0,2317,0,0,0,17.0
OEST,174,2026-08-04,2030-08-03,66,3) 61 a 90 dias,2) $5.001 a $10.000,371,2582947.72,2582947.72,709,254,455,208,46,0,0,451,4,0,0,52.0
OEST,174,2026-08-04,2030-08-03,66,3) 61 a 90 dias,3) $10.001 a $20.000,262,3710142.84,3710142.84,469,160,309,11,149,0,0,285,24,0,0,187.0
OEST,174,2026-08-04,2030-08-03,66,3) 61 a 90 dias,4) $20.001 a $35.000,163,4400868.84,4400868.84,283,114,169,11,103,0,0,156,13,0,0,130.0
OEST,174,2026-08-04,2030-08-03,66,3) 61 a 90 dias,5) $35.001 a $50.000,73,3028888.49,3028888.49,120,45,75,4,40,1,0,67,8,0,0,78.0
OEST,174,2026-08-04,2030-08-03,66,3) 61 a 90 dias,6) $50.001 a $100.000,94,6267967.05,6267967.05,170,65,105,2,59,3,1,97,6,2,0,151.0
OEST,174,2026-08-04,2030-08-03,66,3) 61 a 90 dias,7) $100.001 a $500.000,27,4301945.28,4301945.28,53,22,31,1,20,1,0,29,2,0,0,43.0
OEST,174,2026-08-04,2030-08-03,66,3) 61 a 90 dias,8) >$500.000,2,1906024.1,1906024.1,5,2,3,0,2,0,0,3,0,0,0,3.0
OEST,175,2026-08-04,2030-08-03,66,3) 61 a 90 dias,1) MENOR A $5.000,585,1221005.53,1221005.53,1052,369,683,363,6,0,0,682,1,0,0,8.0
OEST,175,2026-08-04,2030-08-03,66,3) 61 a 90 dias,2) $5.001 a $10.000,113,766378.17,766378.17,207,79,128,65,14,0,0,127,1,0,0,16.0
OEST,175,2026-08-04,2030-08-03,66,3) 61 a 90 dias,3) $10.001 a $20.000,55,808809.02,808809.02,113,49,64,6,43,0,0,59,5,0,0,53.0
OEST,175,2026-08-04,2030-08-03,66,3) 61 a 90 dias,4) $20.001 a $35.000,33,819106.88,819106.88,58,27,31,0,27,0,0,28,3,0,0,32.0
OEST,175,2026-08-04,2030-08-03,66,3) 61 a 90 dias,5) $35.001 a $50.000,11,439450.43,439450.43,20,10,10,0,10,0,0,9,1,0,0,14.0
OEST,175,2026-08-04,2030-08-03,66,3) 61 a 90 dias,6) $50.001 a $100.000,16,1105975.16,1105975.16,44,14,30,2,12,0,0,25,5,0,0,30.0
OEST,175,2026-08-04,2030-08-03,66,3) 61 a 90 dias,7) $100.001 a $500.000,7,1502119.55,1502119.55,13,4,9,0,4,0,0,8,1,0,0,6.0
OEST,175,2026-08-04,2030-08-03,66,3) 61 a 90 dias,8) >$500.000,1,4649555.91,4649555.91,3,1,2,0,1,0,0,1,1,0,0,3.0
OEST,176,2026-09-02,2030-09-01,37,2) 31 a 60 dias,1) MENOR A $5.000,1791,4091743.21,4091743.21,3434,1354,2080,1339,15,0,0,2080,0,0,0,16.0
OEST,176,2026-09-02,2030-09-01,37,2) 31 a 60 dias,2) $5.001 a $10.000,451,3135403.84,3135403.84,916,367,549,360,7,0,0,549,0,0,0,10.0
OEST,176,2026-09-02,2030-09-01,37,2) 31 a 60 dias,3) $10.001 a $20.000,263,3652140.11,3652140.11,509,179,330,175,4,0,0,330,0,0,0,4.0
OEST,176,2026-09-02,2030-09-01,37,2) 31 a 60 dias,4) $20.001 a $35.000,167,4363154.04,4363154.04,336,133,203,131,2,0,0,203,0,0,0,2.0
OEST,176,2026-09-02,2030-09-01,37,2) 31 a 60 dias,5) $35.001 a $50.000,67,2779509.61,2779509.61,115,39,76,18,21,0,0,76,0,0,0,26.0
OEST,176,2026-09-02,2030-09-01,37,2) 31 a 60 dias,6) $50.001 a $100.000,84,5890105.25,5890105.25,153,62,91,7,52,3,0,85,6,0,0,95.0
OEST,176,2026-09-02,2030-09-01,37,2) 31 a 60 dias,7) $100.001 a $500.000,22,3444706.28,3444706.28,37,15,22,1,13,1,0,17,3,2,0,46.0
OEST,176,2026-09-02,2030-09-01,37,2) 31 a 60 dias,8) >$500.000,4,3886029.44,3886029.44,6,2,4,1,0,0,1,1,3,0,0,10.0
OEST,177,2026-09-02,2030-09-01,37,2) 31 a 60 dias,1) MENOR A $5.000,651,1355972.14,1355972.14,1528,507,1021,504,3,0,0,1020,1,0,0,4.0
OEST,177,2026-09-02,2030-09-01,37,2) 31 a 60 dias,2) $5.001 a $10.000,117,808946.19,808946.19,530,150,380,149,1,0,0,380,0,0,0,2.0
OEST,177,2026-09-02,2030-09-01,37,2) 31 a 60 dias,3) $10.001 a $20.000,60,818119.88,818119.88,103,37,66,36,1,0,0,66,0,0,0,1.0
OEST,177,2026-09-02,2030-09-01,37,2) 31 a 60 dias,4) $20.001 a $35.000,40,1089831.26,1089831.26,72,24,48,24,0,0,0,48,0,0,0,0.0
OEST,177,2026-09-02,2030-09-01,37,2) 31 a 60 dias,5) $35.001 a $50.000,20,857273.45,857273.45,36,12,24,6,6,0,0,23,1,0,0,8.0
OEST,177,2026-09-02,2030-09-01,37,2) 31 a 60 dias,6) $50.001 a $100.000,18,1227500.95,1227500.95,27,13,14,0,12,1,0,13,1,0,0,23.0
OEST,177,2026-09-02,2030-09-01,37,2) 31 a 60 dias,7) $100.001 a $500.000,6,730157.71,730157.71,14,5,9,1,4,0,0,8,1,0,0,9.0
OEST,178,2026-10-02,2030-10-01,7,1) 0 a 30 dias,1) MENOR A $5.000,2190,5010117.02,5010117.02,4233,771,3462,768,3,0,0,3462,0,0,0,3.0
OEST,178,2026-10-02,2030-10-01,7,1) 0 a 30 dias,2) $5.001 a $10.000,510,3512478.88,3512478.88,985,179,806,179,0,0,0,806,0,0,0,0.0
OEST,178,2026-10-02,2030-10-01,7,1) 0 a 30 dias,3) $10.001 a $20.000,340,4864010.85,4864010.85,654,119,535,119,0,0,0,535,0,0,0,0.0
OEST,178,2026-10-02,2030-10-01,7,1) 0 a 30 dias,4) $20.001 a $35.000,160,4156002.65,4156002.65,324,70,254,70,0,0,0,254,0,0,0,0.0
OEST,178,2026-10-02,2030-10-01,7,1) 0 a 30 dias,5) $35.001 a $50.000,95,3965435.57,3965435.57,157,43,114,42,1,0,0,114,0,0,0,1.0
OEST,178,2026-10-02,2030-10-01,7,1) 0 a 30 dias,6) $50.001 a $100.000,103,6854733.04,6854733.04,188,39,149,37,2,0,0,142,7,0,0,9.0
OEST,178,2026-10-02,2030-10-01,7,1) 0 a 30 dias,7) $100.001 a $500.000,31,5568747.21,5568747.21,66,12,54,7,5,0,0,48,6,0,0,11.0
OEST,178,2026-10-02,2030-10-01,7,1) 0 a 30 dias,8) >$500.000,2,1562124.1,1562124.1,3,0,3,0,0,0,0,2,1,0,0,1.0
OEST,179,2026-10-02,2030-10-01,7,1) 0 a 30 dias,1) MENOR A $5.000,773,1573060.53,1573060.53,1697,305,1392,304,1,0,0,1390,2,0,0,3.0
OEST,179,2026-10-02,2030-10-01,7,1) 0 a 30 dias,2) $5.001 a $10.000,172,1174569.89,1174569.89,315,61,254,61,0,0,0,254,0,0,0,0.0
OEST,179,2026-10-02,2030-10-01,7,1) 0 a 30 dias,3) $10.001 a $20.000,110,1537149.42,1537149.42,217,44,173,44,0,0,0,173,0,0,0,0.0
OEST,179,2026-10-02,2030-10-01,7,1) 0 a 30 dias,4) $20.001 a $35.000,40,1071410.11,1071410.11,70,18,52,18,0,0,0,52,0,0,0,0.0
OEST,179,2026-10-02,2030-10-01,7,1) 0 a 30 dias,5) $35.001 a $50.000,20,821143.93,821143.93,41,7,34,7,0,0,0,34,0,0,0,0.0
OEST,179,2026-10-02,2030-10-01,7,1) 0 a 30 dias,6) $50.001 a $100.000,27,1925742.52,1925742.52,53,15,38,13,2,0,0,38,0,0,0,2.0
OEST,179,2026-10-02,2030-10-01,7,1) 0 a 30 dias,7) $100.001 a $500.000,7,1582507.0,1582507.0,11,4,7,4,0,0,0,7,0,0,0,0.0
REVO,260702,2026-07-02,2026-10-30,99,4) 91 a 180 dias,1) MENOR A $5.000,67047,99238088.5,99238088.5,107621,10771,96850,10770,1,0,0,96850,0,0,0,1.0
REVO,260702,2026-07-02,2026-10-30,99,4) 91 a 180 dias,2) $5.001 a $10.000,14978,106188060.53,106188060.53,26582,4356,22226,4352,4,0,0,22226,0,0,0,4.0
REVO,260702,2026-07-02,2026-10-30,99,4) 91 a 180 dias,3) $10.001 a $20.000,10087,140930116.82,140930116.82,17384,2886,14498,2045,820,21,0,13801,694,3,0,2272.0
REVO,260702,2026-07-02,2026-10-30,99,4) 91 a 180 dias,4) $20.001 a $35.000,6011,162280331.58,162280331.58,9796,1640,8156,1038,562,39,1,7354,735,67,0,2573.0
REVO,260702,2026-07-02,2026-10-30,99,4) 91 a 180 dias,5) $35.001 a $50.000,4843,202988873.43,202988873.43,7842,1190,6652,800,373,17,0,6017,598,37,0,1731.0
REVO,260702,2026-07-02,2026-10-30,99,4) 91 a 180 dias,6) $50.001 a $100.000,8877,631664310.69,631664310.69,14787,2335,12452,1298,945,83,9,11270,1099,81,2,4141.0
REVO,260702,2026-07-02,2026-10-30,99,4) 91 a 180 dias,7) $100.001 a $500.000,4079,566676235.67,566676235.67,7442,1190,6252,724,416,47,3,5780,436,36,0,1753.0
REVO,260702,2026-07-02,2026-10-30,99,4) 91 a 180 dias,8) >$500.000,1,891523.52,891523.52,3,0,3,0,0,0,0,3,0,0,0,0.0
REVO,260804,2026-08-04,2026-12-02,66,3) 61 a 90 dias,1) MENOR A $5.000,102545,109135398.76,109135398.76,161693,14099,147594,14098,1,0,0,147594,0,0,0,1.0
REVO,260804,2026-08-04,2026-12-02,66,3) 61 a 90 dias,2) $5.001 a $10.000,11343,80460309.36,80460309.36,19898,3313,16585,3313,0,0,0,16585,0,0,0,0.0
REVO,260804,2026-08-04,2026-12-02,66,3) 61 a 90 dias,3) $10.001 a $20.000,7565,105720948.71,105720948.71,12934,2261,10673,1727,534,0,0,10673,0,0,0,534.0
REVO,260804,2026-08-04,2026-12-02,66,3) 61 a 90 dias,4) $20.001 a $35.000,5227,141836724.98,141836724.98,8465,1440,7025,1045,395,0,0,7025,0,0,0,445.0
REVO,260804,2026-08-04,2026-12-02,66,3) 61 a 90 dias,5) $35.001 a $50.000,4621,194603884.05,194603884.05,7268,1164,6104,746,418,0,0,6104,0,0,0,531.0
REVO,260804,2026-08-04,2026-12-02,66,3) 61 a 90 dias,6) $50.001 a $100.000,8508,606777955.27,606777955.27,13876,2285,11591,1491,794,0,0,11591,0,0,0,1302.0
REVO,260804,2026-08-04,2026-12-02,66,3) 61 a 90 dias,7) $100.001 a $500.000,4237,596509784.83,596509784.83,7130,1126,6004,766,359,1,0,6003,1,0,0,572.0
REVO,260902,2026-09-02,2026-12-31,37,2) 31 a 60 dias,1) MENOR A $5.000,54368,65306079.68,65306079.68,84608,6917,77691,6915,2,0,0,77691,0,0,0,2.0
REVO,260902,2026-09-02,2026-12-31,37,2) 31 a 60 dias,2) $5.001 a $10.000,9014,63932487.41,63932487.41,15870,2350,13520,2350,0,0,0,13519,1,0,0,1.0
REVO,260902,2026-09-02,2026-12-31,37,2) 31 a 60 dias,3) $10.001 a $20.000,5455,76692454.72,76692454.72,9185,1489,7696,1489,0,0,0,7696,0,0,0,0.0
REVO,260902,2026-09-02,2026-12-31,37,2) 31 a 60 dias,4) $20.001 a $35.000,3821,104958370.58,104958370.58,6153,1000,5153,1000,0,0,0,5153,0,0,0,0.0
REVO,260902,2026-09-02,2026-12-31,37,2) 31 a 60 dias,5) $35.001 a $50.000,3601,152266194.42,152266194.42,5652,856,4796,855,1,0,0,4796,0,0,0,1.0
REVO,260902,2026-09-02,2026-12-31,37,2) 31 a 60 dias,6) $50.001 a $100.000,7549,535952745.87,535952745.87,12083,1784,10299,1779,5,0,0,10299,0,0,0,6.0
REVO,260902,2026-09-02,2026-12-31,37,2) 31 a 60 dias,7) $100.001 a $500.000,3869,547017391.48,547017391.48,6502,954,5548,953,1,0,0,5548,0,0,0,2.0
REVO,261002,2026-10-02,2027-01-30,7,1) 0 a 30 dias,1) MENOR A $5.000,103917,164634695.08,164634695.08,102556,2658,99898,2658,0,0,0,99898,0,0,0,0.0
REVO,261002,2026-10-02,2027-01-30,7,1) 0 a 30 dias,2) $5.001 a $10.000,19523,135425527.52,135425527.52,22722,1822,20900,1822,0,0,0,20900,0,0,0,0.0
REVO,261002,2026-10-02,2027-01-30,7,1) 0 a 30 dias,3) $10.001 a $20.000,7855,107727803.5,107727803.5,9240,1046,8194,1046,0,0,0,8194,0,0,0,0.0
REVO,261002,2026-10-02,2027-01-30,7,1) 0 a 30 dias,4) $20.001 a $35.000,4590,126249610.68,126249610.68,5197,614,4583,614,0,0,0,4583,0,0,0,0.0
REVO,261002,2026-10-02,2027-01-30,7,1) 0 a 30 dias,5) $35.001 a $50.000,4816,203262395.1,203262395.1,5172,516,4656,515,1,0,0,4656,0,0,0,1.0
REVO,261002,2026-10-02,2027-01-30,7,1) 0 a 30 dias,6) $50.001 a $100.000,9713,693120657.85,693120657.85,10627,1087,9540,102,985,0,0,9244,296,0,0,1281.0
REVO,261002,2026-10-02,2027-01-30,7,1) 0 a 30 dias,7) $100.001 a $500.000,5126,729525048.71,729525048.71,6219,619,5600,69,550,0,0,5449,151,0,0,701.0
REVO,261002,2026-10-02,2027-01-30,7,1) 0 a 30 dias,8) >$500.000,1,627223.92,627223.92,0,0,0,0,0,0,0,0,0,0,0,0.0
